learner,window_id,taxonomy_groups,conformal_group,score_stratum,role,fit_rows,finite_sample_rank,raw_finite_sample_rank,fit_score_min,fit_score_max,fit_residual_min,fit_residual_max,target_scope,issue_month,target_rows,resolved_rows,unresolved_rows,score_min,score_max,fit_residual_quantile,fit_cdf_at_quantile,resolved_target_cdf_at_quantile,all_target_cdf_at_quantile_min,all_target_cdf_at_quantile_max,resolved_misses,unresolved_misses_min,unresolved_misses_max,misses_min,misses_max,coverage_resolved,coverage_lower,coverage_upper,resolved_calibration_minus_target_ks,resolved_calibration_minus_target_witness,resolved_calibration_minus_target_numerator,resolved_target_minus_calibration_ks,resolved_target_minus_calibration_witness,resolved_target_minus_calibration_numerator,resolved_directional_ks_denominator,resolved_ks_grid_points,calibration_minus_target_ks_min,calibration_minus_target_ks_min_numerator,calibration_minus_target_ks_min_witness,calibration_minus_target_ks_max,calibration_minus_target_ks_max_numerator,calibration_minus_target_ks_max_witness,target_minus_calibration_ks_min,target_minus_calibration_ks_min_numerator,target_minus_calibration_ks_min_witness,target_minus_calibration_ks_max,target_minus_calibration_ks_max_numerator,target_minus_calibration_ks_max_witness,sharp_directional_discrepancy_comparison,completion_directional_ks_denominator,low_completion_grid_points,high_completion_grid_points,v5_q_and_coverage_reconciled
catboost_platt,w01_2012m01_m06,5,0,1,primary_oot,1829,1647,1647,0.009701465766812493,0.05025870117266396,0.009701465766812493,0.9863763947587818,pooled_15_issue_months,ALL,60520,58445,2075,0.005424291130823528,0.05026398374733186,0.049113187946657616,0.900492072170585,0.8912995123620497,0.8607402511566424,0.8932584269662921,6353,107,2075,6460,8428,0.8912995123620497,0.8607402511566424,0.8932584269662921,0.031340845095983796,0.039385385620522836,3350208,0.003495896311463007,0.01169676989198651,373697,106895905,60274,0.030053261744306767,3326628,0.039385385620522836,0.05021188699215872,5558008,0.039385385620522836,0.003301747530153288,365474,0.010666580519293634,0.003426572403124082,379291,0.01169676989198651,larger_target_residual_discrepancy_dominates,110691080,62349,62349,True
catboost_platt,w01_2012m01_m06,5,1,2,primary_oot,2437,2195,2195,0.05029026008180106,0.08036503136586999,0.05029026008180106,0.9496179756958449,pooled_15_issue_months,ALL,79865,77165,2700,0.05026561675017613,0.080368886853859,0.07964589698302632,0.9006975789905621,0.8733881941294629,0.843861516308771,0.8768171289050273,9770,68,2700,9838,12470,0.8733881941294628,0.843861516308771,0.8768171289050273,0.029835054678354588,0.08013571872845167,5610515,0.0203154615868915,0.06421169175661663,3820345,188051105,79602,0.02624822288720135,5108718,0.08013571872845167,0.05981737082434528,11642315,0.08013571872845167,0.013553544565009054,2637940,0.05672420150997181,0.022380170107018663,4355875,0.06421169175661663,larger_target_residual_discrepancy_dominates,194631005,82302,82302,True
catboost_platt,w01_2012m01_m06,5,2,3,primary_oot,3249,2925,2925,0.08037134402127445,0.11187745514731459,0.08037134402127445,0.9193624989449553,pooled_15_issue_months,ALL,79047,76495,2552,0.08036959879849867,0.11189296397180755,0.8919735883395368,0.9002770083102493,0.871442577946271,0.8470909711943527,0.8755930016319405,9834,0,2253,9834,12087,0.871442577946271,0.8470909711943527,0.8755930016319405,0.03277043858955048,0.11167827997876406,8144511,0.01346611931718883,0.09314256264331001,3346765,248532255,79744,0.028026875696905592,7197966,0.11167827997876406,0.060121705355210144,15440679,0.11167827997876406,0.006911593358655061,1775061,0.08462563502030167,0.015478220871225426,3975174,0.09314256264331001,larger_target_residual_discrepancy_dominates,256823703,82296,82296,True
catboost_platt,w01_2012m01_m06,5,3,4,primary_oot,3603,3244,3244,0.1118957731833843,0.15326107739536926,0.1118957731833843,0.8880340005665027,pooled_15_issue_months,ALL,80235,77819,2416,0.11189496292649623,0.15326092137265918,0.8617614186932525,0.900360810435748,0.8727817114072399,0.8561974200785194,0.8766124509254066,9900,0,1638,9900,11538,0.8727817114072398,0.8561974200785194,0.8766124509254066,0.03780126186980779,0.8480022294379204,10598788,0.0007195151717680506,0.8879641816591508,201739,280381857,81422,0.03221689492776916,9313476,0.8480022294379204,0.061480931819399995,17773320,0.8480022294379204,0.0005277586183010388,152568,0.8879641816591508,0.0007396362278230678,213819,0.8879641816591508,larger_target_residual_discrepancy_dominates,289086705,83838,83838,True
catboost_platt,w01_2012m01_m06,5,4,5,primary_oot,3830,3448,3448,0.1532638278468384,0.5281745670852075,0.1532638278468384,0.8464472221223804,pooled_15_issue_months,ALL,77223,74890,2333,0.1532636176115942,0.5544847575803251,0.8095744723631617,0.9002610966057442,0.87985044732274,0.8674747160819963,0.8834803102702563,8998,0,1236,8998,10234,0.87985044732274,0.8674747160819963,0.8834803102702563,0.05860348005621474,0.2633821506468243,16809160,0.006999613358077487,0.15543008941817438,2007690,286828700,78720,0.052365860236785335,15487941,0.2633821506468243,0.07913249711957933,23404551,0.2633821506468243,0.006007230289518921,1776723,0.15543008941817438,0.007366928824929355,2178873,0.15543008941817438,larger_target_residual_discrepancy_dominates,295764090,81053,81053,True
catboost_platt,w02_2012m02_m07,5,0,1,primary_oot,1943,1750,1750,0.009701465766812493,0.05025870117266396,0.009701465766812493,0.9863763947587818,pooled_15_issue_months,ALL,60520,58445,2075,0.005424291130823528,0.05026398374733186,0.04900395264617657,0.9006690684508492,0.8867824450337924,0.8563780568407138,0.8887475214805023,6617,116,2075,6733,8692,0.8867824450337924,0.8563780568407138,0.8887475214805023,0.038205522635949264,0.037913126541326087,4338567,0.0035219514570600467,0.010666580519293634,399948,113558635,60388,0.03695291858958506,4345307,0.037913126541326087,0.055459197505645874,6521467,0.037913126541326087,0.0033659051643348996,395798,0.010666580519293634,0.0034650459442423683,407456,0.010666580519293634,larger_target_residual_discrepancy_dominates,117590360,62463,62463,True
catboost_platt,w02_2012m02_m07,5,1,2,primary_oot,2647,2384,2384,0.05029026008180106,0.080358953595577,0.05029026008180106,0.9496179756958449,pooled_15_issue_months,ALL,79865,77165,2700,0.05026561675017613,0.080368886853859,0.07978766496058752,0.9006422364941443,0.8772500485971619,0.8475928128717211,0.8807738057972829,9472,50,2700,9522,12172,0.8772500485971619,0.8475928128717211,0.8807738057972829,0.025487800821083352,0.08013571872845167,5206030,0.023823407080990202,0.06403448468276021,4866068,204255755,79812,0.022127337993933897,4677778,0.9224112263035782,0.05547011696707404,11726530,0.08013571872845167,0.013052981761274474,2759435,0.05672420150997181,0.025878795136229486,5470846,0.06403448468276021,directional_discrepancies_not_robustly_ordered,211402655,82512,82512,True
catboost_platt,w02_2012m02_m07,5,2,3,primary_oot,3621,3260,3260,0.08037134402127445,0.11188898033944253,0.08037134402127445,0.9195109179811446,pooled_15_issue_months,ALL,79047,76495,2552,0.08036959879849867,0.11189296397180755,0.8920116585417792,0.9003037834852251,0.8716648146937709,0.8473313345224993,0.8758080635571243,9817,0,2251,9817,12068,0.8716648146937709,0.8473313345224993,0.8758080635571243,0.032398646159886954,0.11167827997876406,8974049,0.02473048735489442,0.09389335579027233,6850058,276988395,80116,0.027657231895082734,7916307,0.11166919669535652,0.05974991292554662,17102169,0.11167827997876406,0.013574160765093463,3885321,0.09194303930597614,0.0268799107478861,7693815,0.09389335579027233,larger_target_residual_discrepancy_dominates,286229187,82668,82668,True
catboost_platt,w02_2012m02_m07,5,3,4,primary_oot,4098,3690,3690,0.1118957731833843,0.15326107739536926,0.1118957731833843,0.8880340005665027,pooled_15_issue_months,ALL,80235,77819,2416,0.11189496292649623,0.15326092137265918,0.862876020574146,0.9004392386530015,0.8780888985980287,0.8621798467003178,0.8817598304979124,9487,0,1571,9487,11058,0.8780888985980287,0.8621798467003178,0.8817598304979124,0.032550455850952856,0.8510896729536459,10380414,0.0036246967730821553,0.11306871042250227,1155924,318902262,81917,0.027337941502546374,8988798,0.8510896729536459,0.054903015948484415,18052278,0.8508725023996143,0.0027660694002728625,909492,0.11306871042250227,0.0038753110030646616,1274214,0.11306871042250227,larger_target_residual_discrepancy_dominates,328803030,84333,84333,True
catboost_platt,w02_2012m02_m07,5,4,5,primary_oot,4365,3930,3930,0.1532638278468384,0.4831174891615209,0.1532638278468384,0.8464472221223804,pooled_15_issue_months,ALL,77223,74890,2333,0.1532636176115942,0.5544847575803251,0.8111630187017316,0.9003436426116839,0.883976498865002,0.8718516504150318,0.8874817088173212,8689,0,1207,8689,9896,0.883976498865002,0.8718516504150318,0.8874817088173212,0.05496218432318527,0.2633821506468243,17966855,0.005112469651938536,0.15571587323670374,1671240,326894850,79255,0.04872456450375587,16423998,0.2633821506468243,0.07549120138654986,25446453,0.2633821506468243,0.0039821211323852424,1342287,0.15571587323670374,0.005543547221411209,1868610,0.15645009677388336,larger_target_residual_discrepancy_dominates,337078395,81588,81588,True
catboost_platt,w03_2012m03_m08,5,0,1,primary_oot,2182,1965,1965,0.009701465766812493,0.05025870117266396,0.009701465766812493,0.9866461490602981,pooled_15_issue_months,ALL,60520,58445,2075,0.005424291130823528,0.05026398374733186,0.048815440069822844,0.9005499541704858,0.8798528531097614,0.8496860541969598,0.8817911434236616,7022,132,2075,7154,9097,0.8798528531097614,0.8496860541969598,0.8817911434236616,0.05281912479860146,0.03572658168218495,6735864,0.004319258221338087,0.012775920989464905,550822,127526990,60627,0.05171089785258587,6828664,0.03572658168218495,0.06876485369995329,9080718,0.03671596736065356,0.003919756246353782,517622,0.012775920989464905,0.004283272439347834,565626,0.012775920989464905,larger_target_residual_discrepancy_dominates,132054640,62702,62702,True
catboost_platt,w03_2012m03_m08,5,1,2,primary_oot,2931,2639,2639,0.05029026008180106,0.080358953595577,0.05029026008180106,0.9497000330028293,pooled_15_issue_months,ALL,79865,77165,2700,0.05026561675017613,0.080368886853859,0.07970959229097281,0.9003752985329239,0.8750728957428886,0.8454892631315345,0.8785450447630376,9640,60,2700,9700,12340,0.8750728957428886,0.8454892631315345,0.8785450447630376,0.027552535947253803,0.080358953595577,6231574,0.022133609178186124,0.06828338937113607,5005972,226170615,80096,0.023945107129454614,5605174,0.080358953595577,0.05775215652531012,13518874,0.080358953595577,0.00889309050886216,2081733,0.05793976142946462,0.024691005033805873,5779777,0.06828338937113607,directional_discrepancies_not_robustly_ordered,234084315,82796,82796,True
catboost_platt,w03_2012m03_m08,5,2,3,primary_oot,4018,3618,3618,0.08037134402127445,0.11188898033944253,0.08037134402127445,0.9195109179811446,pooled_15_issue_months,ALL,79047,76495,2552,0.08036959879849867,0.11189296397180755,0.8916085888119072,0.9004479840716775,0.8696777567161252,0.845092160360292,0.8738851569319519,9969,0,2276,9969,12245,0.8696777567161252,0.845092160360292,0.8738851569319519,0.03466716268067635,0.8883708305327046,10655192,0.02493124036157183,0.09181644359407089,7662789,307356910,80513,0.029932202000431684,9506792,0.8883708305327046,0.061989079554292045,19688404,0.8883708305327046,0.014444182425684543,4587629,0.09181644359407089,0.026765965668565362,8501161,0.09181644359407089,larger_target_residual_discrepancy_dominates,317610846,83065,83065,True
catboost_platt,w03_2012m03_m08,5,3,4,primary_oot,4806,4327,4327,0.1118957731833843,0.15326107739536926,0.1118957731833843,0.8880340005665027,pooled_15_issue_months,ALL,80235,77819,2416,0.11189496292649623,0.15326092137265918,0.863313952320159,0.9003329171868498,0.8799393464321053,0.864236305851561,0.883554558484452,9343,0,1550,9343,10893,0.8799393464321053,0.864236305851561,0.883554558484452,0.030668309733775823,0.8476240313722677,11469890,0.003630975529464836,0.1297154717541685,1357978,373998114,82625,0.02503325320821398,9653058,0.8476240313722677,0.054471777542980604,21004830,0.8476240313722677,0.0022713242397274487,875844,0.11306871042250227,0.00628738287273643,2424474,0.1297154717541685,larger_target_residual_discrepancy_dominates,385609410,85041,85041,True
catboost_platt,w03_2012m03_m08,5,4,5,primary_oot,5112,4602,4602,0.1532638278468384,0.4831174891615209,0.1532638278468384,0.8464472221223804,pooled_15_issue_months,ALL,77223,74890,2333,0.1532636176115942,0.5544847575803251,0.8115631424920364,0.9002347417840375,0.8847643210041394,0.8727322170855834,0.8882457298991233,8630,0,1198,8630,9828,0.8847643210041394,0.8727322170855834,0.8882457298991233,0.05913684358342157,0.23399928754944518,22639812,0.0045510253849621075,0.15571587323670374,1742304,382837680,80002,0.05369819762885355,21198114,0.23399928754944518,0.07830988864090274,30913923,0.24828868562889184,0.0034206768654088133,1350360,0.15571587323670374,0.004896920989568714,1933128,0.15571587323670374,larger_target_residual_discrepancy_dominates,394763976,82335,82335,True
catboost_platt,w04_2012m04_m09,5,0,1,primary_oot,2320,2089,2089,0.009701465766812493,0.05025870117266396,0.009701465766812493,0.9866461490602981,pooled_15_issue_months,ALL,60520,58445,2075,0.005424291130823528,0.05026398374733186,0.04853565085847877,0.9004310344827586,0.8694328000684404,0.8396232650363517,0.8713648380700595,7631,154,2075,7785,9706,0.8694328000684404,0.8396232650363517,0.8713648380700595,0.06376806517179429,0.03564493436913041,8646465,0.003031290839309578,0.012775920989464905,411020,135592400,60765,0.06264529252227818,8795800,0.035894299023588296,0.07892090389042095,11081000,0.035894299023588296,0.0026597078195865717,373440,0.0119284752840015,0.0029953050573193244,420560,0.012775920989464905,larger_target_residual_discrepancy_dominates,140406400,62840,62840,True
catboost_platt,w04_2012m04_m09,5,1,2,primary_oot,3199,2880,2880,0.050276812744011044,0.080358953595577,0.050276812744011044,0.9497000330028293,pooled_15_issue_months,ALL,79865,77165,2700,0.05026561675017613,0.080368886853859,0.07978766496058752,0.9002813379180994,0.8772500485971619,0.8475928128717211,0.8807738057972829,9472,50,2700,9522,12172,0.8772500485971619,0.8475928128717211,0.8807738057972829,0.028869584338250265,0.080358953595577,7126481,0.027469313603901726,0.06828338937113607,6780823,246850835,80364,0.025262155520451076,6454181,0.080358953595577,0.059069204916306586,15091481,0.080358953595577,0.012359853814737816,3157796,0.0642769666123864,0.030026709459521475,7671468,0.06828338937113607,directional_discrepancies_not_robustly_ordered,255488135,83064,83064,True
catboost_platt,w04_2012m04_m09,5,2,3,primary_oot,4511,4061,4061,0.08037134402127445,0.11188898033944253,0.08037134402127445,0.9195109179811446,pooled_15_issue_months,ALL,79047,76495,2552,0.08036959879849867,0.11189296397180755,0.890281077239412,0.9002438483706495,0.8629322177920126,0.837223424038863,0.8673573949675509,10485,0,2382,10485,12867,0.8629322177920126,0.837223424038863,0.8673573949675509,0.03941829363984058,0.8887227034574942,13602029,0.02312474975109684,0.09181644359407089,7979633,345068945,81006,0.03473186852232238,12384725,0.8887227034574942,0.06630801941988965,23644181,0.8887227034574942,0.012637691815209557,4506361,0.09181644359407089,0.024959475058090375,8900075,0.09181644359407089,larger_target_residual_discrepancy_dominates,356581017,83558,83558,True
catboost_platt,w04_2012m04_m09,5,3,4,primary_oot,5643,5080,5080,0.11189434820589264,0.15326107739536926,0.11189434820589264,0.8880340005665027,pooled_15_issue_months,ALL,80235,77819,2416,0.11189496292649623,0.15326092137265918,0.8624583885207028,0.9002303739145845,0.8760199951168738,0.8599364367171434,0.8797532249018508,9648,0,1590,9648,11238,0.8760199951168738,0.8599364367171434,0.8797532249018508,0.03169268339727996,0.8510896729536459,13917291,0.006070111617329487,0.1297154717541685,2665584,439132617,83462,0.02648016904887348,11989323,0.8510896729536459,0.055404434481684535,25085250,0.8476556311590241,0.003806024746485826,1723239,0.11304543484738241,0.00872651896060108,3951072,0.1297154717541685,larger_target_residual_discrepancy_dominates,452766105,85878,85878,True
catboost_platt,w04_2012m04_m09,5,4,5,primary_oot,6094,5486,5486,0.1532638278468384,0.4831174891615209,0.1532638278468384,0.8466445162537989,pooled_15_issue_months,ALL,77223,74890,2333,0.1532636176115942,0.5544847575803251,0.8127065501276763,0.9002297341647522,0.887675257043664,0.875917796511402,0.8910687230488326,8412,0,1170,8412,9582,0.887675257043664,0.875917796511402,0.8910687230488326,0.06628385235222797,0.24822975570766279,30250602,0.006072571244739523,0.15571587323670374,2771398,456379660,80984,0.060507662180785605,28474722,0.24822975570766279,0.08600524709719652,40473808,0.24822975570766279,0.004952367287062937,2330569,0.1554828564036537,0.006418466849346129,3020511,0.15571587323670374,larger_target_residual_discrepancy_dominates,470596962,83317,83317,True
catboost_platt,w05_2012m05_m10,5,0,1,primary_oot,2456,2212,2212,0.009371217051990668,0.05025870117266396,0.009371217051990668,0.9866461490602981,pooled_15_issue_months,ALL,60520,58445,2075,0.005424291130823528,0.05026398374733186,0.048438468365525386,0.9006514657980456,0.8658567884335701,0.8361698612029081,0.8677627230667548,7840,163,2075,8003,9915,0.8658567884335701,0.8361698612029081,0.8677627230667548,0.06345596781740008,0.03663409645605052,9108528,0.0024240404757054643,0.01282434536432837,347949,143540920,60901,0.062234521228613685,9250360,0.03564625097824304,0.07937268967536508,11797728,0.03663409645605052,0.0020198453791354406,300224,0.01282434536432837,0.0023833615721294923,354256,0.01282434536432837,larger_target_residual_discrepancy_dominates,148637120,62976,62976,True
catboost_platt,w05_2012m05_m10,5,1,2,primary_oot,3483,3136,3136,0.050276812744011044,0.080358953595577,0.050276812744011044,0.9497000330028293,pooled_15_issue_months,ALL,79865,77165,2700,0.05026561675017613,0.080368886853859,0.07978673631620159,0.9003732414585128,0.8772241301108016,0.8475677706129092,0.8807487635384712,9474,50,2700,9524,12174,0.8772241301108015,0.8475677706129092,0.8807487635384712,0.029474137315031963,0.080358953595577,7921637,0.037216498184413006,0.06413363529715116,10002518,268765695,80648,0.025866708497232778,7195337,0.080358953595577,0.059673757893088285,16599437,0.080358953595577,0.023378077407721423,6503075,0.0638678723755829,0.03927855287091828,10926107,0.06413363529715116,directional_discrepancies_not_robustly_ordered,278169795,83348,83348,True
catboost_platt,w05_2012m05_m10,5,2,3,primary_oot,5001,4502,4502,0.08037134402127445,0.11188898033944253,0.08037134402127445,0.9195109179811446,pooled_15_issue_months,ALL,79047,76495,2552,0.08036959879849867,0.11189296397180755,0.8894148014498154,0.9002199560087982,0.8585267010915746,0.8320872392374157,0.8630941085683201,10822,0,2451,10822,13273,0.8585267010915746,0.8320872392374157,0.8630941085683201,0.043180210287767924,0.8887227034574942,16518654,0.02291756564694643,0.09154595637209492,8767149,382551495,81496,0.03849378517024972,15217134,0.8887227034574942,0.07006993606781699,27699630,0.8887227034574942,0.012732980368896429,5033526,0.09144346488758408,0.02459815448956207,9723996,0.09154595637209492,larger_target_residual_discrepancy_dominates,395314047,84048,84048,True
catboost_platt,w05_2012m05_m10,5,3,4,primary_oot,6360,5725,5725,0.11189434820589264,0.1532592704631575,0.11189434820589264,0.8880521839563651,pooled_15_issue_months,ALL,80235,77819,2416,0.11189496292649623,0.15326092137265918,0.8616959042825142,0.9001572327044025,0.8725632557601614,0.8558982987474294,0.8764005733158846,9917,0,1645,9917,11562,0.8725632557601614,0.8558982987474294,0.8764005733158846,0.033894658472519,0.851151924873242,16775444,0.002545054759791327,0.11304543484738241,1259621,494928840,84179,0.028688722161668966,14639700,0.851151924873242,0.05678769675399269,28978455,0.8476713138561691,0.0017061614996513779,870645,0.11304543484738241,0.00279047632485235,1423965,0.11304543484738241,larger_target_residual_discrepancy_dominates,510294600,86595,86595,True
catboost_platt,w05_2012m05_m10,5,4,5,primary_oot,6970,6274,6274,0.1532638278468384,0.4831174891615209,0.1532638278468384,0.8466859812737958,pooled_15_issue_months,ALL,77223,74890,2333,0.1532636176115942,0.5544847575803251,0.8124732989633325,0.9001434720229555,0.8870877286687141,0.8752314724887663,0.8904989446149463,8456,0,1179,8456,9635,0.8870877286687141,0.8752314724887663,0.8904989446149463,0.06974102428181131,0.24822975570766279,36403650,0.004805230358902287,0.1555261355750503,2508250,521983300,81860,0.06405870598056113,34479234,0.22545095694084005,0.08946241902677987,48152638,0.24822975570766279,0.0037628247291643453,2025319,0.1555261355750503,0.005174321304018987,2785049,0.1555261355750503,larger_target_residual_discrepancy_dominates,538244310,84193,84193,True
catboost_platt,w06_2012m06_m11,5,0,1,primary_oot,2551,2297,2297,0.009275781579087032,0.0502440148351461,0.009275781579087032,0.9866461490602981,pooled_15_issue_months,ALL,60520,58445,2075,0.005424291130823528,0.05026398374733186,0.04846688140870716,0.9004312034496276,0.8667636239199247,0.8370456047587574,0.8686880370125578,7787,160,2075,7947,9862,0.8667636239199247,0.8370456047587574,0.8686880370125578,0.049689658874102205,0.0367276552595771,7408390,0.0031647923300590613,0.01282434536432837,471849,149093195,60996,0.04843019325780515,7476969,0.0367276552595771,0.07006922625110017,10817744,0.04722722306801685,0.0027605972334890376,426199,0.01282434536432837,0.0031241134264830893,482321,0.01282434536432837,larger_target_residual_discrepancy_dominates,154386520,63071,63071,True
catboost_platt,w06_2012m06_m11,5,1,2,primary_oot,3783,3406,3406,0.050276812744011044,0.08036276767781429,0.050276812744011044,0.9497000330028293,pooled_15_issue_months,ALL,79865,77165,2700,0.05026561675017613,0.080368886853859,0.07984407970071351,0.9003436426116839,0.8789347502105878,0.8492205596944844,0.8824766793964816,9342,44,2700,9386,12042,0.8789347502105878,0.8492205596944844,0.8824766793964816,0.027261715512959167,0.08036276767781429,7958109,0.0464927767805989,0.06413363529715116,13571948,291915195,80948,0.02368439644358221,7155750,0.9226675648852739,0.05746615534253307,17362209,0.08036276767781429,0.03249022243936987,9816248,0.06413363529715116,0.048554831467104174,14669837,0.06413363529715116,directional_discrepancies_not_robustly_ordered,302129295,83648,83648,True
catboost_platt,w06_2012m06_m11,5,2,3,primary_oot,5502,4953,4953,0.08037134402127445,0.11188898033944253,0.08037134402127445,0.9195109179811446,pooled_15_issue_months,ALL,79047,76495,2552,0.08036959879849867,0.11189296397180755,0.8892521057704302,0.9002181025081788,0.8577684816001045,0.8311890394322365,0.8623603678823991,10880,0,2464,10880,13344,0.8577684816001045,0.8311890394322365,0.8623603678823991,0.04392390015393864,0.8887227034574942,18486493,0.02501145647611839,0.09117109589898628,10526709,420875490,81997,0.03923747503642043,17065029,0.8887227034574942,0.0708136259339877,30798021,0.8887227034574942,0.015103026857604795,6568557,0.09117109589898628,0.026615165205676194,11575377,0.09117109589898628,larger_target_residual_discrepancy_dominates,434916594,84549,84549,True
catboost_platt,w06_2012m06_m11,5,3,4,primary_oot,7126,6415,6415,0.11189434820589264,0.15326086877975426,0.11189434820589264,0.888087071817259,pooled_15_issue_months,ALL,80235,77819,2416,0.11189496292649623,0.15326092137265918,0.8612148729915213,0.9002245298905417,0.8702116449710225,0.8533183772667788,0.8741197731663239,10100,0,1669,10100,11769,0.8702116449710224,0.8533183772667788,0.8741197731663239,0.03490119924904578,0.8513010626010836,19354048,0.0036436372135622455,0.1178446007480486,2020536,554538194,84945,0.029709192900079985,16986368,0.8513010626010836,0.058916005941779814,33685498,0.15291640552186722,0.0023223389488717895,1327808,0.11304543484738241,0.00465367476442385,2660760,0.1178446007480486,larger_target_residual_discrepancy_dominates,571754610,87361,87361,True
catboost_platt,w06_2012m06_m11,5,4,5,primary_oot,7723,6952,6952,0.15326999047696915,0.4831174891615209,0.15326999047696915,0.8466859812737958,pooled_15_issue_months,ALL,77223,74890,2333,0.1532636176115942,0.5544847575803251,0.8119678361988626,0.9001683283698044,0.8858859660835893,0.8739624205223833,0.8893334887274517,8546,0,1187,8546,9733,0.8858859660835893,0.8739624205223833,0.8893334887274517,0.0739151420097398,0.22602163467247957,42750705,0.003945865823113142,0.1555261355750503,2282192,578375470,82613,0.06868853636834298,40965378,0.22602163467247957,0.09346845217117648,55743952,0.24822975570766279,0.0029034601933752,1731604,0.1555261355750503,0.004314956768229842,2573411,0.1555261355750503,larger_target_residual_discrepancy_dominates,596393229,84946,84946,True
catboost_platt,w07_2012m07_m12,5,0,1,primary_oot,2733,2461,2461,0.009275781579087032,0.0502440148351461,0.009275781579087032,0.9866461490602981,pooled_15_issue_months,ALL,60520,58445,2075,0.005424291130823528,0.05026398374733186,0.04848050129381764,0.9004756677643615,0.8673966977500214,0.8376569729015202,0.8693324520819564,7750,158,2075,7908,9825,0.8673966977500214,0.8376569729015202,0.8693324520819564,0.03951568703185312,0.04713245215841523,6311848,0.005568590557883596,0.01282434536432837,889472,159730185,61178,0.037700461109220755,6235700,0.04713245215841523,0.0676506561380827,11189497,0.047238322181165186,0.005164395461313572,854197,0.01282434536432837,0.005527911654307624,914323,0.01282434536432837,larger_target_residual_discrepancy_dominates,165401160,63253,63253,True
catboost_platt,w07_2012m07_m12,5,1,2,primary_oot,4268,3843,3843,0.050276812744011044,0.08036276767781429,0.050276812744011044,0.9497000330028293,pooled_15_issue_months,ALL,79865,77165,2700,0.05026561675017613,0.080368886853859,0.07973976715411543,0.9004217432052484,0.8759930020086827,0.8463782633193514,0.8794716083390722,9569,57,2700,9626,12269,0.8759930020086827,0.8463782633193514,0.8794716083390722,0.03205589041022685,0.08036276767781429,10557294,0.031341261629083746,0.06413363529715116,10321938,329340220,81433,0.028453280843945244,9698694,0.08036276767781429,0.06226033023980075,21222294,0.08036276767781429,0.01914718904458678,6526584,0.05777806983226934,0.03340331631558902,11385982,0.06413363529715116,directional_discrepancies_not_robustly_ordered,340863820,84133,84133,True
catboost_platt,w07_2012m07_m12,5,2,3,primary_oot,5929,5337,5337,0.08038328560604849,0.11188898033944253,0.08038328560604849,0.9195637332268726,pooled_15_issue_months,ALL,79047,76495,2552,0.08036959879849867,0.11189296397180755,0.8884345991499274,0.9001517962556923,0.8536505653964311,0.8264829784811568,0.858375396915759,11195,0,2521,11195,13716,0.8536505653964311,0.8264829784811568,0.858375396915759,0.047166898192217734,0.8887227034574942,21392021,0.017533571627506975,0.09122154886509569,7952156,453538855,82424,0.04248047307469952,19909309,0.8887227034574942,0.0740566239722668,34708093,0.8887227034574942,0.007579982833239198,3552508,0.09122154886509569,0.019168025390198982,8983472,0.09122154886509569,larger_target_residual_discrepancy_dominates,468669663,84976,84976,True
catboost_platt,w07_2012m07_m12,5,3,4,primary_oot,7430,6688,6688,0.11189434820589264,0.15326086877975426,0.11189434820589264,0.888087071817259,pooled_15_issue_months,ALL,80235,77819,2416,0.11189496292649623,0.15326092137265918,0.8604327334944422,0.9001345895020189,0.8669091096004832,0.849404873185019,0.8709166822459027,10357,0,1726,10357,12083,0.8669091096004832,0.849404873185019,0.8709166822459027,0.04149405641005268,0.15211250357205092,23991663,0.002459314905726383,0.11312715839809154,1421964,578195170,85249,0.036057749606828726,21495685,0.15211250357205092,0.06550745408780281,39052010,0.15291640552186722,0.0015585107038786888,929100,0.11312715839809154,0.002742532639442969,1634950,0.11312715839809154,larger_target_residual_discrepancy_dominates,596146050,87665,87665,True
catboost_platt,w07_2012m07_m12,5,4,5,primary_oot,8051,7247,7247,0.15326999047696915,0.49345656902413654,0.15326999047696915,0.8466859812737958,pooled_15_issue_months,ALL,77223,74890,2333,0.1532636176115942,0.5544847575803251,0.8109305281057975,0.9001366289901875,0.8832420883963146,0.8711135283529519,0.8867694857749634,8744,0,1209,8744,9953,0.8832420883963146,0.8711135283529519,0.8867694857749634,0.07739938835311456,0.24181813185772996,46667140,0.0016226274418727228,0.15717462477974292,978346,602939390,82941,0.07199534702927604,44761118,0.2264224039015267,0.09669034702728962,60114552,0.24181813185772996,0.0012403108420870677,771129,0.15372573537289075,0.0021436497347989115,1332755,0.15717462477974292,larger_target_residual_discrepancy_dominates,621722373,85274,85274,True
catboost_platt,w08_2012m08_2013m01,5,0,1,primary_oot,2847,2564,2564,0.009275781579087032,0.05024758432419906,0.009275781579087032,0.9866461490602981,pooled_15_issue_months,ALL,60520,58445,2075,0.005424291130823528,0.05026398374733186,0.04865841409254095,0.900597119775202,0.8740525280177945,0.8440846001321877,0.8759748843357568,7361,145,2075,7506,9436,0.8740525280177945,0.8440846001321877,0.8759748843357568,0.031601964542781164,0.04722722306801685,5258343,0.008361744248545678,0.02037356695233963,1391335,166392915,61292,0.02980609916028073,5135604,0.04722722306801685,0.059772633198150855,10298851,0.04732809253356143,0.006667278388842187,1148775,0.014237204675061963,0.008549095986057841,1473013,0.023716367212893885,larger_target_residual_discrepancy_dominates,172300440,63367,63367,True
catboost_platt,w08_2012m08_2013m01,5,1,2,primary_oot,4572,4116,4116,0.050276812744011044,0.08036276767781429,0.050276812744011044,0.9497000330028293,pooled_15_issue_months,ALL,79865,77165,2700,0.05026561675017613,0.080368886853859,0.07964354119226134,0.9002624671916011,0.8733752348862827,0.8438489951793652,0.8768046077756213,9771,68,2700,9839,12471,0.8733752348862827,0.8438489951793652,0.8768046077756213,0.03571225865606299,0.08035640154650323,12599227,0.029329604631404486,0.06372178373386123,10347437,352798380,81737,0.03210176304184352,11721727,0.08035640154650323,0.06590881243769903,24066127,0.08035640154650323,0.016260874718651154,5937541,0.06239176085724397,0.031384339572591305,11459765,0.06372178373386123,larger_target_residual_discrepancy_dominates,365142780,84437,84437,True
catboost_platt,w08_2012m08_2013m01,5,2,3,primary_oot,6238,5616,5616,0.08037270083776406,0.11188325252114233,0.08037270083776406,0.9195637332268726,pooled_15_issue_months,ALL,79047,76495,2552,0.08036959879849867,0.11189296397180755,0.1118010883671265,0.9002885540237255,0.8499771226877574,0.8225359596189609,0.8547066934861538,11476,9,2552,11485,14028,0.8499771226877574,0.8225359596189609,0.8547066934861538,0.05105914107423006,0.8887227034574942,24364187,0.012361607349710372,0.09116614178458671,5898660,477175810,82733,0.04637271595671186,22866163,0.8887227034574942,0.07852111944974453,38718386,0.11188325252114233,0.007052151590058313,3477382,0.08381734043278524,0.013972490901584263,6889768,0.09116614178458671,larger_target_residual_discrepancy_dominates,493095186,85285,85285,True
catboost_platt,w08_2012m08_2013m01,5,3,4,primary_oot,7820,7039,7039,0.11189434820589264,0.15326086877975426,0.11189434820589264,0.888087071817259,pooled_15_issue_months,ALL,80235,77819,2416,0.11189496292649623,0.15326092137265918,0.8592335766105592,0.9001278772378517,0.8619745820429459,0.8437838848382875,0.8661307409484639,10741,0,1793,10741,12534,0.8619745820429459,0.8437838848382875,0.8661307409484639,0.04644431144222828,0.1532026384789273,28263434,0.0007458368949732491,0.11494057658650028,453875,608544580,85639,0.040754022271852645,25570610,0.1532026384789273,0.07079078926879911,44416810,0.1532026384789273,0.00034146816488712743,214250,0.11196239951381194,0.0016891716898745485,1059850,0.11834099170415727,larger_target_residual_discrepancy_dominates,627437700,88055,88055,True
catboost_platt,w08_2012m08_2013m01,5,4,5,primary_oot,8652,7788,7788,0.15326999047696915,0.49345656902413654,0.15326999047696915,0.8467255982098396,pooled_15_issue_months,ALL,77223,74890,2333,0.1532636176115942,0.5544847575803251,0.8061960123826506,0.9001386962552012,0.8719588730137535,0.858889191044119,0.8758271499423746,9589,0,1308,9589,10897,0.8719588730137535,0.858889191044119,0.8758271499423746,0.07613808311984407,0.24907686909536433,49333540,0.002385715106767472,0.1541355052286263,1545820,647948280,83542,0.07031195010045568,46977762,0.24907686909536433,0.09591313109575501,64082766,0.24907686909536433,0.001992392549107065,1331184,0.1541355052286263,0.0026010195125764977,1737828,0.1541355052286263,larger_target_residual_discrepancy_dominates,668133396,85875,85875,True
numeric_logistic_platt,w01_2012m01_m06,5,0,1,primary_oot,1626,1465,1465,0.002386024381188275,0.05684754976177157,0.002386024381188275,0.9690755153101335,pooled_15_issue_months,ALL,48646,47005,1641,1.9895529665330944e-46,0.05685572872722188,0.05584550688919372,0.9009840098400984,0.8853951707265184,0.8555276898408913,0.8877605558524853,5387,73,1641,5460,7028,0.8853951707265184,0.8555276898408913,0.8877605558524853,0.03990141060861731,0.9511411352809864,3049670,0.1474725739705009,0.028511498959634562,11271348,76430130,48628,0.037974499508182186,3003722,0.9511411352809864,0.06826735146437103,5399838,0.05675947740358118,0.14137750656789552,11182734,0.028511498959634562,0.14832566263417024,11732322,0.028511498959634562,smaller_target_residual_discrepancy_dominates,79098396,50269,50269,True
numeric_logistic_platt,w01_2012m01_m06,5,1,2,primary_oot,2452,2208,2208,0.056858998619135376,0.08138231786066119,0.056858998619135376,0.9430771521795464,pooled_15_issue_months,ALL,55311,53433,1878,0.0568571700886653,0.08138658096214542,0.08100870846928154,0.9004893964110929,0.8971609305111073,0.8666992099220769,0.9001826038220245,5495,26,1878,5521,7373,0.8971609305111073,0.8666992099220769,0.9001826038220245,0.03618759466086251,0.06556266419780575,4741216,0.0014886154785357425,0.9425570908156132,195035,131017716,55885,0.03524548996165624,4780084,0.06556266419780575,0.04614748052411217,6258640,0.06556266419780575,0.0007756599690499897,105197,0.9425618465019897,0.0029120078920196264,394934,0.08090950684354398,larger_target_residual_discrepancy_dominates,135622572,57763,57763,True
numeric_logistic_platt,w01_2012m01_m06,5,2,3,primary_oot,2724,2453,2453,0.08138913894586101,0.10792533970701666,0.08138913894586101,0.9181011185178074,pooled_15_issue_months,ALL,70157,67884,2273,0.08138695513763687,0.10796436707493234,0.8954712290162469,0.9005139500734214,0.8971186141064168,0.8722864432629673,0.900451843721938,6984,0,1976,6984,8960,0.8971186141064168,0.8722864432629673,0.900451843721938,0.018194486733912763,0.09147038254643247,3364452,0.00894107517436456,0.0861365662914898,1653348,184916016,70608,0.017078801882507405,3263890,0.09099872221853529,0.03917929133016264,7487463,0.10119155784061663,0.0038581863706274727,737329,0.0861365662914898,0.009516923203730371,1818757,0.0861365662914898,larger_target_residual_discrepancy_dominates,191107668,72881,72881,True
numeric_logistic_platt,w01_2012m01_m06,5,3,4,primary_oot,3497,3149,3149,0.10797108847849324,0.147384130448722,0.10799724490560364,0.8920289115215068,pooled_15_issue_months,ALL,87008,84316,2692,0.10796497711019284,0.14739896553634993,0.8649328079682392,0.9004861309694023,0.8875302433701788,0.8681845347554248,0.8910100220669364,9483,0,1986,9483,11469,0.8875302433701788,0.8681845347554248,0.8910100220669364,0.018502691299936078,0.855389214307019,5455575,0.010620269923473608,0.11740625381214971,3131419,294853052,87813,0.013869224506309879,4219947,0.855389214307019,0.04323434035772584,13154782,0.855389214307019,0.003311009999323752,1007431,0.11740625381214971,0.011758509079868069,3577726,0.11740625381214971,larger_target_residual_discrepancy_dominates,304266976,90505,90505,True
numeric_logistic_platt,w01_2012m01_m06,5,4,5,primary_oot,4649,4185,4185,0.1474080565028807,0.4387428023626731,0.1474080565028807,0.8525704997586262,pooled_15_issue_months,ALL,115768,112176,3592,0.1474005344741203,1.0,0.8080294405623234,0.900193590019359,0.8960116245899301,0.883560223896068,0.8992381314352844,11665,0,1815,11665,13480,0.8960116245899301,0.883560223896068,0.8992381314352844,0.08557714931509619,0.24270526832525827,44629016,0.0011691039760246466,0.7952285202251056,609695,521506224,116794,0.0805868064891623,43372257,0.24270526832525827,0.10458738365167597,56289498,0.2535885603024237,0.0004505788785870151,242504,0.14782002688270354,0.005070508095503577,2728975,0.7952285202251056,larger_target_residual_discrepancy_dominates,538205432,120385,120385,True
numeric_logistic_platt,w02_2012m02_m07,5,0,1,primary_oot,1712,1542,1542,0.002386024381188275,0.05684754976177157,0.002386024381188275,0.9734776830486558,pooled_15_issue_months,ALL,48646,47005,1641,1.9895529665330944e-46,0.05685572872722188,0.055803534960441346,0.9007009345794392,0.8841399851079672,0.8543148460305061,0.8864860420178432,5446,76,1641,5522,7087,0.8841399851079672,0.8543148460305061,0.8864860420178432,0.037845881875759886,0.9511411352809864,3045555,0.14329972850372846,0.028511498959634562,11531696,80472560,48714,0.035918970775324764,2991402,0.9511411352809864,0.0681552709043131,5676104,0.05675947740358118,0.1372046611011231,11426672,0.028511498959634562,0.1441528171673978,12005328,0.028511498959634562,smaller_target_residual_discrepancy_dominates,83281952,50355,50355,True
numeric_logistic_platt,w02_2012m02_m07,5,1,2,primary_oot,2585,2328,2328,0.056858998619135376,0.08138082497401994,0.056858998619135376,0.943062055842866,pooled_15_issue_months,ALL,55311,53433,1878,0.0568571700886653,0.08138658096214542,0.08097450208272683,0.9005802707930367,0.8956637284075384,0.8652528430149518,0.8986639185695431,5575,30,1878,5605,7453,0.8956637284075384,0.8652528430149518,0.8986639185695431,0.033933405130979664,0.06556266419780575,4687028,0.0005680390572824963,0.9425570908156132,78460,138124305,56018,0.032991300431773396,4717061,0.06556266419780575,0.04487330948436565,6415938,0.06766724198875697,0.00015181257294999434,21706,0.9430614290823971,0.0006144261740374552,87850,0.9425570908156132,larger_target_residual_discrepancy_dominates,142978935,57896,57896,True
numeric_logistic_platt,w02_2012m02_m07,5,2,3,primary_oot,2960,2665,2665,0.08138913894586101,0.10796321030280487,0.08138913894586101,0.9182059215305958,pooled_15_issue_months,ALL,70157,67884,2273,0.08138695513763687,0.10796436707493234,0.89610165568957,0.9003378378378378,0.8999616993695126,0.8756788346137948,0.9032028165400459,6791,0,1931,6791,8722,0.8999616993695128,0.8756788346137948,0.9032028165400459,0.014402092122173438,0.09913107187445855,2893908,0.009881901080858126,0.0872072405786263,1985636,200936640,70844,0.012171537851976012,2527599,0.09913107187445855,0.033770194571326316,7012878,0.10792533970701666,0.0036402090831798486,755943,0.0872072405786263,0.010482006765520883,2176743,0.0872072405786263,larger_target_residual_discrepancy_dominates,207664720,73117,73117,True
numeric_logistic_platt,w02_2012m02_m07,5,3,4,primary_oot,3925,3534,3534,0.10797108847849324,0.14738901983575323,0.10799724490560364,0.8920289115215068,pooled_15_issue_months,ALL,87008,84316,2692,0.10796497711019284,0.14739896553634993,0.8647243677720748,0.9003821656050955,0.886664452772902,0.867207613093049,0.8901710187568959,9556,0,1998,9556,11554,0.886664452772902,0.867207613093049,0.8901710187568959,0.015508975485910903,0.8551265965217156,5132545,0.013972619835057863,0.11841557710800975,4624103,330940300,88241,0.011629269612516778,3971470,0.8680787091591068,0.04075611467310715,13918474,0.14736670230740218,0.006054788431490596,2067749,0.11737060248291899,0.015273180824722465,5215889,0.11841559035117799,directional_discrepancies_not_robustly_ordered,341506400,90933,90933,True
numeric_logistic_platt,w02_2012m02_m07,5,4,5,primary_oot,5492,4944,4944,0.1474080565028807,0.4387428023626731,0.1474080565028807,0.8525631648674324,pooled_15_issue_months,ALL,115768,112176,3592,0.1474005344741203,1.0,0.8063208460322784,0.9002184996358339,0.8930698188560833,0.8802864349388432,0.8963876027917905,11995,0,1864,11995,13859,0.8930698188560833,0.8802864349388432,0.8963876027917905,0.07884384781671254,0.24988070734799608,48573376,0.0006145789215012555,0.14782002688270354,378624,616070592,117637,0.0736811103685131,46846292,0.24988070734799608,0.09823884653049224,62460048,0.24988070734799608,0.00044862057540502305,285232,0.14782002688270354,0.003949664152374871,2511188,0.7527591981831909,larger_target_residual_discrepancy_dominates,635797856,121228,121228,True
numeric_logistic_platt,w03_2012m03_m08,5,0,1,primary_oot,1945,1752,1752,0.002386024381188275,0.05684754976177157,0.002386024381188275,0.9928851171733388,pooled_15_issue_months,ALL,48646,47005,1641,1.9895529665330944e-46,0.05685572872722188,0.055762309681025385,0.900771208226221,0.8829060738219339,0.8531225588948732,0.8852115281832011,5504,80,1641,5584,7145,0.8829060738219339,0.8531225588948732,0.8852115281832011,0.037835662070626955,0.05681985089275921,3459115,0.13938160601522182,0.028484830845472944,12742925,91424725,48947,0.03517504933337716,3328139,0.05681985089275921,0.06888799592713615,6517939,0.05681985089275921,0.13329227987474063,12611645,0.028484830845472944,0.14021987926626306,13267110,0.028484830845472944,smaller_target_residual_discrepancy_dominates,94616470,50588,50588,True
numeric_logistic_platt,w03_2012m03_m08,5,1,2,primary_oot,2758,2484,2484,0.056865204454820614,0.08138082497401994,0.056865204454820614,0.943062055842866,pooled_15_issue_months,ALL,55311,53433,1878,0.0568571700886653,0.08138658096214542,0.08090736609562013,0.9006526468455403,0.8930061946737036,0.8626855417548047,0.8959339010323444,5717,39,1878,5756,7595,0.8930061946737036,0.8626855417548047,0.8959339010323444,0.041441019296060685,0.06528086996800755,6107089,0.00023157639679340891,0.9430614290823971,34127,147368214,56191,0.04050027277362841,6178225,0.06528086996800755,0.05107683078198118,7791655,0.06528086996800755,0.00012754695844785323,19457,0.9430614290823971,0.0002360244764822406,36005,0.9430614290823971,larger_target_residual_discrepancy_dominates,152547738,58069,58069,True
numeric_logistic_platt,w03_2012m03_m08,5,2,3,primary_oot,3252,2928,2928,0.08138921066241453,0.10796321030280487,0.08138921066241453,0.9183117665070478,pooled_15_issue_months,ALL,70157,67884,2273,0.08138695513763687,0.10796436707493234,0.8958192511745544,0.9003690036900369,0.898886335513523,0.8743532363128412,0.9021622931425232,6864,0,1951,6864,8815,0.898886335513523,0.8743532363128412,0.9021622931425232,0.009594835209444546,0.1070491039793957,2118144,0.019425149174595865,0.09265280124381255,4288272,220758768,71136,0.005814296387187542,1326535,0.1070491039793957,0.0373806395674744,8528414,0.10786685850568563,0.0073087831595279335,1667503,0.09265280124381255,0.020906856053180742,4769911,0.09265280124381255,directional_discrepancies_not_robustly_ordered,228150564,73409,73409,True
numeric_logistic_platt,w03_2012m03_m08,5,3,4,primary_oot,4515,4065,4065,0.10799724490560364,0.14738901983575323,0.10799724490560364,0.8919840271397129,pooled_15_issue_months,ALL,87008,84316,2692,0.10796497711019284,0.14739896553634993,0.8655596934660833,0.9003322259136213,0.8899734332748233,0.870988874586245,0.8933776204486944,9277,0,1948,9277,11225,0.8899734332748233,0.870988874586245,0.8933776204486944,0.013697167387548092,0.8680787091591068,5214330,0.015696661774980657,0.11924662270272912,5975511,380686740,88831,0.010600850542326118,4164450,0.8680787091591068,0.039345921832215525,15456696,0.147384130448722,0.007028956133716348,2761263,0.11924662270272912,0.017131475442285674,6729948,0.11924662270272912,directional_discrepancies_not_robustly_ordered,392841120,91523,91523,True
numeric_logistic_platt,w03_2012m03_m08,5,4,5,primary_oot,6579,5922,5922,0.1474080565028807,0.4387428023626731,0.1474080565028807,0.8525631648674324,pooled_15_issue_months,ALL,115768,112176,3592,0.1474005344741203,1.0,0.8058713502545035,0.9001367989056087,0.8920981315076308,0.8792930688964136,0.8954460645428789,12104,0,1870,12104,13974,0.8920981315076308,0.8792930688964136,0.8954460645428789,0.0835480511277861,0.24159884221833294,61658955,0.0010214552429922024,0.14781518678123698,753840,738005904,118724,0.07858985210489956,59856992,0.24159884221833294,0.10240085524551101,77992349,0.25839958990867595,0.0008577096748439198,653264,0.14781518678123698,0.004669547122926451,3556503,0.7691459786146206,larger_target_residual_discrepancy_dominates,761637672,122315,122315,True
numeric_logistic_platt,w04_2012m04_m09,5,0,1,primary_oot,2062,1857,1857,0.002386024381188275,0.05685523183463916,0.002386024381188275,0.9928851171733388,pooled_15_issue_months,ALL,48646,47005,1641,1.9895529665330944e-46,0.05685572872722188,0.05568070201998956,0.9005819592628516,0.8797787469418147,0.8501007277062862,0.8820663569461004,5651,86,1641,5737,7292,0.8797787469418147,0.8501007277062862,0.8820663569461004,0.037773825782200565,0.05681985089275921,3661202,0.1344409364379277,0.028484830845472944,13030595,96924310,49064,0.03511321304495077,3522138,0.05681985089275921,0.06882615963870976,6903818,0.05681985089275921,0.12835161029744652,12874700,0.028484830845472944,0.13527920968896895,13569594,0.028484830845472944,smaller_target_residual_discrepancy_dominates,100308052,50705,50705,True
numeric_logistic_platt,w04_2012m04_m09,5,1,2,primary_oot,2940,2647,2647,0.056870063626354654,0.08137832716168882,0.056870063626354654,0.943062055842866,pooled_15_issue_months,ALL,55311,53433,1878,0.0568571700886653,0.08138658096214542,0.08070500908633652,0.9003401360544218,0.8844908577096551,0.8544593299705303,0.8874726546256622,6172,52,1878,6224,8050,0.8844908577096551,0.8544593299705303,0.8874726546256622,0.021129512947169773,0.06631961913545789,3319299,0.00036776936365473143,0.05689188487247411,57774,157093020,56373,0.020081088789586452,3265473,0.06631961913545789,0.05080991012231763,8262420,0.08137832716168882,0.00033218472614407804,54018,0.05689188487247411,0.00033218472614407804,54018,0.05689188487247411,larger_target_residual_discrepancy_dominates,162614340,58251,58251,True
numeric_logistic_platt,w04_2012m04_m09,5,2,3,primary_oot,3594,3236,3236,0.08138921066241453,0.10796321030280487,0.08138921066241453,0.9186061511917265,pooled_15_issue_months,ALL,70157,67884,2273,0.08138695513763687,0.10796436707493234,0.8947818688022484,0.9003895381190874,0.8937010193860114,0.8679105434953034,0.8971449748421397,7216,0,2051,7216,9267,0.8937010193860114,0.8679105434953034,0.8971449748421397,0.014341881845186363,0.1070491039793957,3499062,0.025617819615490593,0.09265280124381255,6250110,243975096,71478,0.010561343022929359,2662982,0.1070491039793957,0.04187682116481114,10559000,0.1070491039793957,0.014058364953922528,3544736,0.08931910939704607,0.027099526494075467,6832990,0.09265280124381255,directional_discrepancies_not_robustly_ordered,252144258,73751,73751,True
numeric_logistic_platt,w04_2012m04_m09,5,3,4,primary_oot,5235,4713,4713,0.10799724490560364,0.14738901983575323,0.10799724490560364,0.8919840271397129,pooled_15_issue_months,ALL,87008,84316,2692,0.10796497711019284,0.14739896553634993,0.8645731565389918,0.9002865329512894,0.8860358650789886,0.8665525009194557,0.8895618793674145,9609,0,2002,9609,11611,0.8860358650789886,0.8665525009194557,0.8895618793674145,0.017322409222086395,0.147384130448722,7646012,0.019822387359545637,0.11923817901891182,8749488,441394260,89551,0.012523629659761,5704349,0.855534697055633,0.04330534394316692,19725016,0.147384130448722,0.011450055378104415,5215350,0.11840921797034355,0.021261971365673583,9684549,0.11923817901891182,directional_discrepancies_not_robustly_ordered,455486880,92243,92243,True
numeric_logistic_platt,w04_2012m04_m09,5,4,5,primary_oot,7936,7144,7144,0.1474080565028807,0.4387428023626731,0.1474080565028807,0.8525631648674324,pooled_15_issue_months,ALL,115768,112176,3592,0.1474005344741203,1.0,0.8056165785472097,0.9002016129032258,0.8916524033661389,0.8787834289268192,0.8950141662635616,12154,0,1879,12154,14033,0.8916524033661389,0.8787834289268192,0.8950141662635616,0.08448764340943495,0.24159884221833294,75213328,0.0015407995097565577,0.1480670792601577,1371664,890228736,120081,0.07952944438654841,73066472,0.24159884221833294,0.10388048761594379,95438624,0.26609533184262435,0.0012857768512553472,1181288,0.1480670792601577,0.004915185278788946,4515752,0.7691459786146206,larger_target_residual_discrepancy_dominates,918734848,123672,123672,True
numeric_logistic_platt,w05_2012m05_m10,5,0,1,primary_oot,2151,1937,1937,0.002386024381188275,0.05685523183463916,0.002386024381188275,0.9928851171733388,pooled_15_issue_months,ALL,48646,47005,1641,1.9895529665330944e-46,0.05685572872722188,0.05578939611884056,0.900511390051139,0.8837357727901287,0.8539242692102126,0.8860749085227974,5465,77,1641,5542,7106,0.8837357727901287,0.8539242692102126,0.8860749085227974,0.031131301451604775,0.05681985089275921,3147616,0.13348032502551363,0.02906367274176444,13495896,101107755,49153,0.029533557677279627,3090319,0.9606299875349127,0.06218363530811397,6506743,0.05681985089275921,0.12714268929816072,13303899,0.02906367274176444,0.13425529876245376,14048145,0.02906367274176444,smaller_target_residual_discrepancy_dominates,104637546,50794,50794,True
numeric_logistic_platt,w05_2012m05_m10,5,1,2,primary_oot,3070,2764,2764,0.056870063626354654,0.08137832716168882,0.056870063626354654,0.943062055842866,pooled_15_issue_months,ALL,55311,53433,1878,0.0568571700886653,0.08138658096214542,0.08070853216062145,0.9003257328990228,0.8846031478674228,0.8545678074885646,0.8875811321436966,6166,52,1878,6218,8044,0.8846031478674228,0.8545678074885646,0.8875811321436966,0.01929343033691132,0.9205575310468543,3164881,0.0003965756744526663,0.05689188487247411,65054,164039310,56503,0.016614415484323557,2821207,0.9205575310468543,0.049781746413837494,8453178,0.08137832716168882,0.0003609910369420129,61298,0.05689188487247411,0.0013773700232331519,233884,0.07614193912533819,larger_target_residual_discrepancy_dominates,169804770,58381,58381,True
numeric_logistic_platt,w05_2012m05_m10,5,2,3,primary_oot,3987,3590,3590,0.08138921066241453,0.10796321030280487,0.08138921066241453,0.9186061511917265,pooled_15_issue_months,ALL,70157,67884,2273,0.08138695513763687,0.10796436707493234,0.89330390881681,0.9004263857536995,0.8861587413823582,0.8588879228017161,0.8898470573143094,7728,0,2172,7728,9900,0.8861587413823582,0.8588879228017161,0.8898470573143094,0.019198232597820237,0.1070491039793957,5196069,0.021098666121852003,0.09255115434821441,5710428,270653508,71871,0.015417693775563231,4312575,0.1070491039793957,0.04730725428505136,13232594,0.10777520194125274,0.009079185217315398,2539593,0.09255115434821441,0.022654502884477894,6336826,0.09255889809880533,directional_discrepancies_not_robustly_ordered,279715959,74144,74144,True
numeric_logistic_platt,w05_2012m05_m10,5,3,4,primary_oot,5907,5318,5318,0.10799115489311259,0.14738901983575323,0.10799115489311259,0.8919840271397129,pooled_15_issue_months,ALL,87008,84316,2692,0.10796497711019284,0.14739896553634993,0.8633439810939889,0.9002877941425428,0.8811139048341952,0.8607254505332843,0.8847922030158146,10024,0,2094,10024,12118,0.8811139048341952,0.8607254505332843,0.8847922030158146,0.02481947501773159,0.1472966719313126,12361454,0.01925222609925355,0.11920717332849641,9588660,498054612,90223,0.019865398817132018,10209946,0.1472966719313126,0.05075910974026552,26087962,0.1472966719313126,0.011067817413628292,5688374,0.11840921797034355,0.02070233385776707,10640094,0.11920717332849641,directional_discrepancies_not_robustly_ordered,513956256,92915,92915,True
numeric_logistic_platt,w05_2012m05_m10,5,4,5,primary_oot,9155,8241,8241,0.1474080565028807,0.4387428023626731,0.1474080565028807,0.8525631648674324,pooled_15_issue_months,ALL,115768,112176,3592,0.1474005344741203,1.0,0.8048975884461733,0.9001638448935008,0.8901904150620453,0.8772026812245179,0.893597539907401,12318,0,1898,12318,14216,0.8901904150620453,0.8772026812245179,0.893597539907401,0.08602748754570819,0.2601198573485486,88347759,0.000525003970899751,0.1477421808512257,539164,1026971280,121300,0.08063127799884973,85457547,0.2601198573485486,0.1060960005473951,112446487,0.2601198573485486,0.00044359986852554053,470152,0.14741341474128192,0.0007667758349520752,812672,0.1477421808512257,larger_target_residual_discrepancy_dominates,1059856040,124891,124891,True
numeric_logistic_platt,w06_2012m06_m11,5,0,1,primary_oot,2160,1945,1945,0.002386024381188275,0.05685523183463916,0.002386024381188275,0.9928851171733388,pooled_15_issue_months,ALL,48646,47005,1641,1.9895529665330944e-46,0.05685572872722188,0.05580733474546511,0.9004629629629629,0.8842250824380385,0.8543970727295153,0.8865682687168523,5442,76,1641,5518,7083,0.8842250824380385,0.8543970727295153,0.8865682687168523,0.031369101789801714,0.9453468101253362,3184930,0.13097567437664237,0.028484830845472944,13298065,101530800,49162,0.02896781890635445,3043804,0.9453468101253362,0.061697756733833695,6482914,0.9432709730326552,0.12492921270981132,13126982,0.028343436872266013,0.1318139476276836,13850398,0.028484830845472944,smaller_target_residual_discrepancy_dominates,105075360,50803,50803,True
numeric_logistic_platt,w06_2012m06_m11,5,1,2,primary_oot,3184,2867,2867,0.05685617736375582,0.08137832716168882,0.05685617736375582,0.9426787323110813,pooled_15_issue_months,ALL,55311,53433,1878,0.0568571700886653,0.08138658096214542,0.08080020689162984,0.9004396984924623,0.8888514588362997,0.8586718735875323,0.8917936757606986,5939,46,1878,5985,7817,0.8888514588362997,0.8586718735875323,0.8917936757606986,0.01627088147867893,0.91997274923614,2768176,0.006560357323457818,0.060106624130934885,1116118,170130672,56617,0.013500363272492346,2377552,0.91997274923614,0.04678738015800832,8239736,0.08123656360003673,0.002989184773281533,526426,0.060106624130934885,0.006984773354214801,1230090,0.060106624130934885,larger_target_residual_discrepancy_dominates,176110224,58495,58495,True
numeric_logistic_platt,w06_2012m06_m11,5,2,3,primary_oot,4335,3903,3903,0.08138921066241453,0.10796321030280487,0.08138921066241453,0.9186061511917265,pooled_15_issue_months,ALL,70157,67884,2273,0.08138695513763687,0.10796436707493234,0.8928429613469422,0.9003460207612457,0.8836986624241353,0.8559373975512066,0.8874666818706616,7895,0,2212,7895,10107,0.8836986624241353,0.8559373975512066,0.8874666818706616,0.020019934270123736,0.1070491039793957,5891409,0.023011420458959198,0.09223392837106441,6771735,294277140,72219,0.01623939544786673,4938897,0.1070491039793957,0.04814214761918313,14641500,0.10777520194125274,0.0113541848691678,3453155,0.09223392837106441,0.024608905263214312,7484321,0.09405462625856256,directional_discrepancies_not_robustly_ordered,304130595,74492,74492,True
numeric_logistic_platt,w06_2012m06_m11,5,3,4,primary_oot,6610,5950,5950,0.10798422283246191,0.14739614419456076,0.10798422283246191,0.8919840271397129,pooled_15_issue_months,ALL,87008,84316,2692,0.10796497711019284,0.14739896553634993,0.8615126151660237,0.9001512859304085,0.874460363394848,0.8531054615667525,0.8783445200441339,10585,0,2196,10585,12781,0.874460363394848,0.8531054615667525,0.8783445200441339,0.031098553033581115,0.14597089262782886,17332118,0.017101385544862246,0.12115113808973836,9531094,557328760,90926,0.026226976050752842,15083734,0.14597089262782886,0.056852539060869914,32697196,0.14721751698062815,0.007992726702161458,4596800,0.11838452242780083,0.01881173984940401,10819062,0.12115113808973836,larger_target_residual_discrepancy_dominates,575122880,93618,93618,True
numeric_logistic_platt,w06_2012m06_m11,5,4,5,primary_oot,10396,9358,9358,0.14741136884205044,0.43322525310526877,0.14741136884205044,0.8525631648674324,pooled_15_issue_months,ALL,115768,112176,3592,0.1474005344741203,1.0,0.8023477375876491,0.9001539053482108,0.885840108401084,0.8724604381176145,0.8893822127012646,12806,0,1959,12806,14765,0.8858401084010841,0.8724604381176145,0.8893822127012646,0.08896764917154042,0.2601198573485486,103752444,0.0005899492354920309,0.147729899927638,687988,1166181696,122541,0.08357143962468196,100580244,0.2601198573485486,0.10927526664425959,131515420,0.264364775667198,0.0004923640384216709,592572,0.14741136669246446,0.0008730660030440204,1050756,0.14783097548813776,larger_target_residual_discrepancy_dominates,1203524128,126132,126132,True
numeric_logistic_platt,w07_2012m07_m12,5,0,1,primary_oot,2122,1911,1911,0.00026321481438389247,0.05685523183463916,0.00026321481438389247,0.999447350740688,pooled_15_issue_months,ALL,48646,47005,1641,1.9895529665330944e-46,0.05685572872722188,0.05571640945671315,0.9005655042412818,0.8809701095628125,0.8512519014924146,0.8833203141059902,5595,81,1641,5676,7236,0.8809701095628124,0.8512519014924146,0.8833203141059902,0.03101133986087068,0.9448712253893213,3093214,0.13360132442244246,0.031977462109355884,13326012,99744610,49124,0.028566279853726374,2948806,0.9448712253893213,0.060580365496514604,6253518,0.05681985089275921,0.12611308775088395,13018252,0.02907735470108427,0.13452256958201905,13886336,0.031977462109355884,smaller_target_residual_discrepancy_dominates,103226812,50765,50765,True
numeric_logistic_platt,w07_2012m07_m12,5,1,2,primary_oot,3332,3000,3000,0.05685617736375582,0.08137828143254328,0.05685617736375582,0.9425335102017371,pooled_15_issue_months,ALL,55311,53433,1878,0.0568571700886653,0.08138658096214542,0.08071566222967558,0.9003601440576231,0.8848464432092528,0.8548028421109725,0.8878161667661044,6153,52,1878,6205,8031,0.8848464432092527,0.8548028421109725,0.8878161667661044,0.020833110067338373,0.08123853695522629,3709101,0.010648473639076651,0.06026033041444225,1895841,178038756,56765,0.01794601335679903,3307383,0.920212601505538,0.05160301903480924,9510243,0.08123853695522629,0.007069460099492419,1302875,0.060106624130934885,0.011072297878309538,2040583,0.06026033041444225,larger_target_residual_discrepancy_dominates,184296252,58643,58643,True
numeric_logistic_platt,w07_2012m07_m12,5,2,3,primary_oot,4645,4182,4182,0.08138921066241453,0.10796429042514953,0.08138921066241453,0.9186061511917265,pooled_15_issue_months,ALL,70157,67884,2273,0.08138695513763687,0.10796436707493234,0.10786425204433306,0.9003229278794402,0.8758912262094161,0.8475134341548242,0.8797696594780279,8425,10,2273,8435,10698,0.8758912262094161,0.8475134341548242,0.8797696594780279,0.025555508196436406,0.8920369971556644,8058193,0.01783290928950602,0.09405462625856256,5623094,315321180,72529,0.021640585202620976,7052218,0.8921208567776572,0.054036389826766056,17609339,0.8920369971556644,0.005548340119154252,1808089,0.09215315018776483,0.01954957766337174,6370802,0.09405462625856256,larger_target_residual_discrepancy_dominates,325879265,74802,74802,True
numeric_logistic_platt,w07_2012m07_m12,5,3,4,primary_oot,7070,6364,6364,0.10798422283246191,0.14739614419456076,0.10798422283246191,0.8919840271397129,pooled_15_issue_months,ALL,87008,84316,2692,0.10796497711019284,0.14739896553634993,0.8600412333216553,0.9001414427157002,0.8682693676170596,0.8460946119897022,0.8723450717175432,11107,0,2284,11107,13391,0.8682693676170596,0.8460946119897022,0.8723450717175432,0.038601699285365026,0.14715250900167612,23011018,0.016059277374607397,0.12110311426422661,9573162,596114120,91386,0.033675103376990353,20715124,0.14715250900167612,0.0644653755358723,39655654,0.14715250900167612,0.008031022720829326,4940256,0.11329208481541587,0.017753014826255388,10920706,0.12110311426422661,larger_target_residual_discrepancy_dominates,615146560,94078,94078,True
numeric_logistic_platt,w07_2012m07_m12,5,4,5,primary_oot,11242,10119,10119,0.14741136884205044,0.9937191448732018,0.14741136884205044,0.9937191448732018,pooled_15_issue_months,ALL,115768,112176,3592,0.1474005344741203,1.0,0.7990143068958951,0.900106742572496,0.8802239338182856,0.8663274825513095,0.8839402943818672,13436,0,2039,13436,15475,0.8802239338182856,0.8663274825513095,0.8839402943818672,0.09211135792127405,0.264364775667198,116160030,0.0005315559855099482,0.1479874685878569,670336,1261082592,123387,0.08664419029397924,112764282,0.2601198573485486,0.11248487410932755,146394998,0.2660969629461747,0.0004923640384216709,640794,0.14741136669246446,0.000990907272648838,1289630,0.15437830189193666,larger_target_residual_discrepancy_dominates,1301463856,126978,126978,True
numeric_logistic_platt,w08_2012m08_2013m01,5,0,1,primary_oot,2116,1906,1906,1.0309719899645506e-06,0.05685523183463916,1.0309719899645506e-06,0.9999781888092378,pooled_15_issue_months,ALL,48646,47005,1641,1.9895529665330944e-46,0.05685572872722188,0.05573682003560672,0.9007561436672968,0.8819061801935965,0.8521563951815154,0.884224807795091,5551,81,1641,5632,7192,0.8819061801935965,0.8521563951815154,0.884224807795091,0.029003390018638164,0.9448712253893213,2884752,0.12342978635784432,0.029721765830581046,12276645,99462580,49118,0.026558330011493863,2733780,0.9448712253893213,0.05943507848491789,6117946,0.05661611457455266,0.116795040315564,12022290,0.029721765830581046,0.1242776699253983,12792514,0.029721765830581046,smaller_target_residual_discrepancy_dominates,102934936,50759,50759,True
numeric_logistic_platt,w08_2012m08_2013m01,5,1,2,primary_oot,3363,3028,3028,0.05685617736375582,0.08137933484803522,0.05685617736375582,0.9425335102017371,pooled_15_issue_months,ALL,55311,53433,1878,0.0568571700886653,0.08138658096214542,0.0806767179867205,0.9003865596193874,0.8833679561319784,0.8533745547901864,0.8863697998589792,6232,53,1878,6285,8110,0.8833679561319784,0.8533745547901864,0.8863697998589792,0.025025612957596376,0.9187468488570458,4496982,0.011632098376996525,0.07105486831017944,2090232,179695179,56796,0.02207590068394543,4106358,0.9187468488570458,0.05588472713799616,10395168,0.9187468488570458,0.007279541419114632,1354074,0.06058763585639403,0.013223193332016313,2459658,0.07105486831017944,larger_target_residual_discrepancy_dominates,186010893,58674,58674,True
numeric_logistic_platt,w08_2012m08_2013m01,5,2,3,primary_oot,4765,4290,4290,0.08139133754676385,0.10796429042514953,0.08139133754676385,0.9186061511917265,pooled_15_issue_months,ALL,70157,67884,2273,0.08138695513763687,0.10796436707493234,0.10763346594511687,0.9003147953830011,0.8686141064168287,0.8404720840400816,0.8724574882050259,8919,29,2273,8948,11192,0.8686141064168287,0.8404720840400816,0.8724574882050259,0.034969053745964894,0.1077791746993046,11311344,0.020079784890749068,0.0930633593217067,6495153,323467260,72649,0.031093511583022582,10394502,0.1077791746993046,0.06324996069002545,21144342,0.1077791746993046,0.007807818713181159,2610139,0.09215315018776483,0.021658238236199393,7240308,0.09460880651492967,larger_target_residual_discrepancy_dominates,334298105,74922,74922,True
numeric_logistic_platt,w08_2012m08_2013m01,5,3,4,primary_oot,7477,6731,6731,0.10798422283246191,0.14739614419456076,0.10798422283246191,0.8919820485730077,pooled_15_issue_months,ALL,87008,84316,2692,0.10796497711019284,0.14739896553634993,0.8586477692753473,0.9002273639160091,0.8631695051947436,0.8402100956233909,0.8674029974255241,11537,0,2366,11537,13903,0.8631695051947436,0.8402100956233909,0.8674029974255241,0.043057624925556454,0.1472616174331332,27144850,0.01613609946921179,0.12433573557580274,10172693,630430732,91793,0.038130440153776965,24806094,0.1472616174331332,0.06897817829279866,44874362,0.1472616174331332,0.009441212460642452,6142064,0.11329208481541587,0.018151716200860767,11808759,0.12433573557580274,larger_target_residual_discrepancy_dominates,650558816,94485,94485,True
numeric_logistic_platt,w08_2012m08_2013m01,5,4,5,primary_oot,12408,11169,11169,0.147407414664236,0.9937191448732018,0.147407414664236,0.9937191448732018,pooled_15_issue_months,ALL,115768,112176,3592,0.1474005344741203,1.0,0.7957866017565826,0.9001450676982592,0.8751337184424476,0.8607128049201852,0.8790080160320641,14007,0,2118,14007,16125,0.8751337184424476,0.8607128049201852,0.8790080160320641,0.0927051425405835,0.2802870286510908,129034416,0.003256626020398451,0.15438649119881906,4532832,1391879808,124553,0.08706007247826764,125057384,0.2802870286510908,0.11379457596800573,163460144,0.2802870286510908,0.0007124845747432079,1023448,0.15438649119881906,0.004274261411058851,6139760,0.15440340153005347,larger_target_residual_discrepancy_dominates,1436449344,128144,128144,True
catboost_monotonic_platt,w01_2012m01_m06,5,0,1,primary_oot,1873,1687,1687,0.006502056617634442,0.05012349696017911,0.006502056617634442,0.9827632242949735,pooled_15_issue_months,ALL,54840,53021,1819,0.004356861179488848,0.050145252472767576,0.048561732866420626,0.9006940736785904,0.8795382961468098,0.85036469730124,0.8815645514223195,6387,108,1819,6495,8206,0.8795382961468098,0.85036469730124,0.8815645514223195,0.04807008491422366,0.03210652472530667,4773760,0.003674747012418384,0.012801873990580359,364933,99308333,54894,0.0478711549552686,4917101,0.03210652472530667,0.05995898177603886,6158706,0.04347068829786856,0.0031986757184809434,328553,0.012801873990580359,0.0036180776149069096,371632,0.012801873990580359,larger_target_residual_discrepancy_dominates,102715320,56713,56713,True
catboost_monotonic_platt,w01_2012m01_m06,5,1,2,primary_oot,2364,2129,2129,0.05015850049144892,0.07888792960868712,0.05015850049144892,0.9498319723991344,pooled_15_issue_months,ALL,73852,71333,2519,0.05014690401716909,0.07889027307253996,0.07868431711640544,0.9005922165820643,0.8939621213183239,0.8634701836104641,0.8972810485836538,7564,22,2519,7586,10083,0.893962121318324,0.8634701836104641,0.8972810485836538,0.013813783180304724,0.9232204443124346,2329435,0.01808974129890023,0.07232756861794823,3050495,168631212,73697,0.010731070225693992,1873496,0.9232204443124346,0.04241271677667312,7404672,0.9211940914706199,0.0006022929840107343,105152,0.9497588671448068,0.02051684197956438,3581956,0.07232756861794823,directional_discrepancies_not_robustly_ordered,174586128,76216,76216,True
catboost_monotonic_platt,w01_2012m01_m06,5,2,3,primary_oot,3070,2764,2764,0.07889159208905103,0.1113143498301371,0.07889159208905103,0.9210128823800685,pooled_15_issue_months,ALL,81100,78463,2637,0.07889080728719956,0.11132575174939768,0.8922987973823122,0.9003257328990228,0.8766170041930591,0.8513563501849568,0.8806288532675709,9681,0,2374,9681,12055,0.8766170041930591,0.8513563501849568,0.8806288532675709,0.029719852602988334,0.10980375697236466,7158960,0.01981523605329278,0.0859055072934956,4773122,240881410,81533,0.02541772934849404,6328430,0.10980375697236466,0.05655859778212445,14081790,0.11105675935975941,0.013282150560091896,3306950,0.0859055072934956,0.021050337983026544,5241050,0.0859055072934956,larger_target_residual_discrepancy_dominates,248977000,84170,84170,True
catboost_monotonic_platt,w01_2012m01_m06,5,3,4,primary_oot,3579,3222,3222,0.11133801904797279,0.1526037547297303,0.11133801904797279,0.8885730194588065,pooled_15_issue_months,ALL,78800,76404,2396,0.11132644815418892,0.15261363434527864,0.8602366287204435,0.9002514668901928,0.8685670907282341,0.8501522842639594,0.8725634517766497,10042,0,1766,10042,11808,0.8685670907282341,0.8501522842639594,0.8725634517766497,0.039021723451544234,0.1525139289153206,10670487,0.004845190736866052,0.11983627810628485,1324917,273449916,79983,0.03347101961101348,9439671,0.8536525389274935,0.06380656409427243,17995059,0.1525139289153206,0.001299412251103802,366467,0.11181642214730202,0.0056525799822143554,1594170,0.12018209172220094,larger_target_residual_discrepancy_dominates,282025200,82379,82379,True
catboost_monotonic_platt,w01_2012m01_m06,5,4,5,primary_oot,4062,3657,3657,0.1526142115831254,0.5594877480873142,0.1526142115831254,0.8473677057431073,pooled_15_issue_months,ALL,88298,85593,2705,0.15261468467916584,0.6311016024999007,0.8098837326283999,0.9002954209748892,0.893601112240487,0.8819905320618814,0.8968606310448708,9107,0,1313,9107,10420,0.893601112240487,0.8819905320618814,0.8968606310448708,0.07411904758083501,0.23953746525990013,25769619,0.0007883225172284464,0.15489504119469658,274083,347678766,89655,0.06855275205592395,24587574,0.23953746525990013,0.09227922377668774,33097464,0.23953746525990013,0.0001782324367555333,63926,0.8473665310887023,0.0010898258581602145,390884,0.15489504119469658,larger_target_residual_discrepancy_dominates,358666476,92360,92360,True
catboost_monotonic_platt,w02_2012m02_m07,5,0,1,primary_oot,1947,1754,1754,0.006502056617634442,0.05012349696017911,0.006502056617634442,0.9848830939705412,pooled_15_issue_months,ALL,54840,53021,1819,0.004356861179488848,0.050145252472767576,0.04857010913729741,0.9008731381612738,0.8800475283378284,0.850857038657914,0.8820751276440555,6360,107,1819,6467,8179,0.8800475283378284,0.850857038657914,0.8820751276440555,0.05336981779670462,0.03200839167810791,5509467,0.004594200627176369,0.012801873990580359,474268,103231887,54968,0.053224087104775455,5682921,0.03200839167810791,0.06427441533234657,6862803,0.03200839167810791,0.004118129333238928,439707,0.012801873990580359,0.004537531229664894,484488,0.012801873990580359,larger_target_residual_discrepancy_dominates,106773480,56787,56787,True
catboost_monotonic_platt,w02_2012m02_m07,5,1,2,primary_oot,2516,2266,2266,0.05015850049144892,0.07888792960868712,0.05015850049144892,0.9498319723991344,pooled_15_issue_months,ALL,73852,71333,2519,0.05014690401716909,0.07889027307253996,0.07860743849295981,0.9006359300476947,0.8911723886560218,0.8607756052645832,0.8945052266695553,7763,28,2519,7791,10282,0.8911723886560218,0.8607756052645832,0.8945052266695553,0.012874952441533704,0.9232204443124346,2310717,0.0177051664602596,0.07360319595930126,3177614,179473828,73849,0.009792239486922972,1819512,0.9232204443124346,0.04266083836990356,7926880,0.078834495671856,0.0005511818549658936,102416,0.9497588671448068,0.020132474806528796,3740848,0.07360319595930126,directional_discrepancies_not_robustly_ordered,185811632,76368,76368,True
catboost_monotonic_platt,w02_2012m02_m07,5,2,3,primary_oot,3430,3088,3088,0.07889159208905103,0.1113143498301371,0.07889159208905103,0.9210307999052245,pooled_15_issue_months,ALL,81100,78463,2637,0.07889080728719956,0.11132575174939768,0.8923204107454423,0.9002915451895044,0.8766934733568689,0.851442663378545,0.8807028360049322,9675,0,2373,9675,12048,0.8766934733568689,0.851442663378545,0.8807028360049322,0.02798030112724391,0.11105675935975941,7530285,0.029441668463518617,0.09364704965584635,7923580,269128090,81893,0.023586796705647204,6561210,0.10970881722606042,0.055746639681061784,15507210,0.11105675935975941,0.01654707681910178,4602950,0.0859055072934956,0.031844283952791964,8858220,0.09377982310762234,directional_discrepancies_not_robustly_ordered,278173000,84530,84530,True
catboost_monotonic_platt,w02_2012m02_m07,5,3,4,primary_oot,4117,3707,3707,0.11133801904797279,0.15260114321288298,0.11133801904797279,0.8885730194588065,pooled_15_issue_months,ALL,78800,76404,2396,0.11132644815418892,0.15261363434527864,0.8614307278525446,0.9004129220306049,0.8738809486414324,0.8561928934010152,0.8777157360406092,9636,0,1696,9636,11332,0.8738809486414324,0.8561928934010152,0.8777157360406092,0.03185065080518696,0.8536190937386501,10018790,0.008025514931131275,0.12018209172220094,2524468,314555268,80521,0.02701219655039338,8763286,0.8536190937386501,0.055331542853761,17950637,0.8475519100181673,0.0017980017236936363,583307,0.11972221570109873,0.008842591508034656,2868710,0.12018209172220094,larger_target_residual_discrepancy_dominates,324419600,82917,82917,True
catboost_monotonic_platt,w02_2012m02_m07,5,4,5,primary_oot,4664,4199,4199,0.1526142115831254,0.5582160919292852,0.1526142115831254,0.8473677057431073,pooled_15_issue_months,ALL,88298,85593,2705,0.15261468467916584,0.6311016024999007,0.8093029473412743,0.9003001715265866,0.8923743764092859,0.8806541484518335,0.8956714761376249,9212,0,1326,9212,10538,0.8923743764092859,0.8806541484518335,0.8956714761376249,0.07925095478083191,0.23941419725335175,31637437,0.000893975094827792,0.8435504019225537,356880,399205752,90257,0.07369800407298426,30350450,0.23941419725335175,0.0974018252240862,40112202,0.23941419725335175,0.0002128638762537605,87662,0.847301518067832,0.0013894065344834331,572188,0.7966993115430152,larger_target_residual_discrepancy_dominates,411821872,92962,92962,True
catboost_monotonic_platt,w03_2012m03_m08,5,0,1,primary_oot,2171,1955,1955,0.006502056617634442,0.05012349696017911,0.006502056617634442,0.9880372185294524,pooled_15_issue_months,ALL,54840,53021,1819,0.004356861179488848,0.050145252472767576,0.04865868938974838,0.9005066789497927,0.8835932932234398,0.8542851932895696,0.8856491611962072,6172,99,1819,6271,7991,0.8835932932234398,0.8542851932895696,0.8856491611962072,0.05500135085486365,0.03215154724319381,6331128,0.0051404590644324715,0.012801873990580359,591711,115108591,55192,0.05482985384222298,6527913,0.03215154724319381,0.06759344465420279,8047516,0.03444791526593271,0.0046643877704950305,555331,0.012801873990580359,0.005083789666920998,605264,0.012801873990580359,larger_target_residual_discrepancy_dominates,119057640,57011,57011,True
catboost_monotonic_platt,w03_2012m03_m08,5,1,2,primary_oot,2705,2436,2436,0.05015850049144892,0.07888792960868712,0.05015850049144892,0.9497600452225063,pooled_15_issue_months,ALL,73852,71333,2519,0.05014690401716909,0.07889027307253996,0.07843061123908944,0.900554528650647,0.8855368483030295,0.8553322861940096,0.8887233927314088,8165,53,2519,8218,10684,0.8855368483030295,0.8553322861940096,0.8887233927314088,0.017890742989720987,0.078834495671856,3452122,0.015209351220990987,0.07232756861794823,2934732,192955765,74038,0.014468117931421618,2890291,0.9232204443124346,0.04857350710813644,9703513,0.9211328525701709,0.0031120291239420442,621689,0.05198321831945014,0.017636451901655137,3523228,0.07232756861794823,directional_discrepancies_not_robustly_ordered,199769660,76557,76557,True
catboost_monotonic_platt,w03_2012m03_m08,5,2,3,primary_oot,3881,3494,3494,0.07889159208905103,0.11132379513050646,0.07889159208905103,0.9210743768854129,pooled_15_issue_months,ALL,81100,78463,2637,0.07889080728719956,0.11132575174939768,0.8920058033644691,0.9002834321051275,0.8752405592444846,0.8498273736128237,0.8792971639950679,9789,0,2390,9789,12179,0.8752405592444846,0.8498273736128237,0.8792971639950679,0.029646486628603527,0.10941421555635122,9027797,0.02809230325256035,0.09272671361791755,8554525,304514903,82344,0.025287557613349807,7959236,0.10940285830991132,0.05734528232169687,18049376,0.11105755836520087,0.019073738415773072,6003442,0.08595697084668533,0.030450323765818552,9584212,0.0950317410755243,directional_discrepancies_not_robustly_ordered,314749100,84981,84981,True
catboost_monotonic_platt,w03_2012m03_m08,5,3,4,primary_oot,4787,4310,4310,0.11133801904797279,0.15261362246093008,0.11133801904797279,0.8885906639830641,pooled_15_issue_months,ALL,78800,76404,2396,0.11132644815418892,0.15261363434527864,0.8611478437816212,0.9003551284729475,0.8727291764829066,0.8547335025380711,0.8765989847715736,9724,0,1723,9724,11447,0.8727291764829066,0.8547335025380711,0.8765989847715736,0.030654846789990958,0.8536190937386501,11211886,0.011685750787866555,0.12017979034597567,4274016,365745948,81191,0.0258807801161988,9762634,0.8541808302720536,0.05500365573428034,20748237,0.8475912887455603,0.005372439527951654,2026568,0.12017979034597567,0.012491728868053177,4712075,0.12017979034597567,larger_target_residual_discrepancy_dominates,377215600,83587,83587,True
catboost_monotonic_platt,w03_2012m03_m08,5,4,5,primary_oot,5505,4956,4956,0.15261468500319003,0.5121544429406719,0.15261468500319003,0.8473677057431073,pooled_15_issue_months,ALL,88298,85593,2705,0.15261468467916584,0.6311016024999007,0.8103428263697585,0.9002724795640327,0.8945825009054479,0.88308908469048,0.8978119549706676,9023,0,1300,9023,10323,0.8945825009054479,0.88308908469048,0.8978119549706676,0.08571998314945348,0.23604613937658853,40390353,0.0012940527012843973,0.8435424186549693,609744,471189465,91098,0.0804975241857578,39128276,0.21559736951729863,0.10377163872592376,50441369,0.23941419725335175,0.0002962513471791472,144002,0.847301518067832,0.0016884734460335983,820734,0.8435424186549693,larger_target_residual_discrepancy_dominates,486080490,93803,93803,True
catboost_monotonic_platt,w04_2012m04_m09,5,0,1,primary_oot,2275,2049,2049,0.006502056617634442,0.050099862018617915,0.006502056617634442,0.9880372185294524,pooled_15_issue_months,ALL,54840,53021,1819,0.004356861179488848,0.050145252472767576,0.048496247267977896,0.9006593406593406,0.8767092284189284,0.8476294675419402,0.8786287381473377,6537,119,1819,6656,8356,0.8767092284189284,0.8476294675419402,0.8786287381473377,0.062230926124854945,0.03379173304330808,7506467,0.0046824739357886605,0.012801873990580359,564813,120622775,55296,0.061573769046416746,7682005,0.03379173304330808,0.07502741241253276,9360495,0.03432754040889638,0.0042064026418512195,524795,0.012801873990580359,0.004625804538277186,577120,0.012801873990580359,larger_target_residual_discrepancy_dominates,124761000,57115,57115,True
catboost_monotonic_platt,w04_2012m04_m09,5,1,2,primary_oot,2908,2619,2619,0.0501461462273111,0.07888792960868712,0.050160788886864906,0.9498538537726889,pooled_15_issue_months,ALL,73852,71333,2519,0.05014690401716909,0.07889027307253996,0.07842216833236267,0.9006189821182944,0.8852424544039925,0.8550479337052483,0.8884254996479446,8186,54,2519,8240,10705,0.8852424544039925,0.8550479337052483,0.8884254996479446,0.01856489829333877,0.078834495671856,3851035,0.014375015751818711,0.07243287009895952,2981901,207436364,74241,0.015168241237298196,3257556,0.9232872795343211,0.049213673266455586,10569208,0.078834495671856,0.0035908278879778965,771172,0.0533978101302214,0.016757929405783575,3598960,0.07243287009895952,directional_discrepancies_not_robustly_ordered,214761616,76760,76760,True
catboost_monotonic_platt,w04_2012m04_m09,5,2,3,primary_oot,4367,3932,3932,0.07889159208905103,0.11132379513050646,0.07889159208905103,0.9210743768854129,pooled_15_issue_months,ALL,81100,78463,2637,0.07889080728719956,0.11132575174939768,0.8900324876847417,0.9003892832608198,0.8664466054063699,0.8395191122071517,0.8707891491985204,10479,0,2536,10479,13015,0.8664466054063699,0.8395191122071517,0.8707891491985204,0.03514213938569322,0.11119556013647962,12041381,0.03037087448138931,0.09509937181162148,10406517,342647921,82830,0.030606084135669467,10839564,0.11119556013647962,0.06302285355613803,22320407,0.11119556013647962,0.01806722428074927,6398755,0.0859055072934956,0.033128756560878485,11733003,0.09509937181162148,directional_discrepancies_not_robustly_ordered,354163700,85467,85467,True
catboost_monotonic_platt,w04_2012m04_m09,5,3,4,primary_oot,5622,5061,5061,0.11133801904797279,0.15261362246093008,0.11133801904797279,0.8885906639830641,pooled_15_issue_months,ALL,78800,76404,2396,0.11132644815418892,0.15261363434527864,0.8607956116401266,0.9002134471718249,0.8711324014449505,0.8529695431472082,0.8750507614213198,9846,0,1740,9846,11586,0.8711324014449505,0.8529695431472082,0.8750507614213198,0.032668069533425,0.8536669444247404,14032350,0.01756544732692925,0.124538558165171,7545120,429543288,82026,0.02783478881912429,12331190,0.8536669444247404,0.055471520513140006,24574638,0.8479764138788565,0.010462450814151078,4635008,0.12017979034597567,0.0191609467519733,8488560,0.124538558165171,larger_target_residual_discrepancy_dominates,443013600,84422,84422,True
catboost_monotonic_platt,w04_2012m04_m09,5,4,5,primary_oot,6595,5937,5937,0.15263229425689268,0.5121544429406719,0.15265622554727343,0.8473677057431073,pooled_15_issue_months,ALL,88298,85593,2705,0.15261468467916584,0.6311016024999007,0.8114834386744343,0.9002274450341168,0.8970359725678502,0.8858524541892229,0.9001902647851594,8813,0,1266,8813,10079,0.8970359725678502,0.8858524541892229,0.9001902647851594,0.09157448565560551,0.2131123676885626,51692500,0.0021364876232899625,0.8435424186549693,1206017,564485835,92188,0.08696352215911755,50641060,0.2131123676885626,0.10912035576815303,63543545,0.23758939795146633,0.0005036823833056475,293307,0.8435424186549693,0.0026656406193301127,1552270,0.8231437178907989,larger_target_residual_discrepancy_dominates,582325310,94893,94893,True
catboost_monotonic_platt,w05_2012m05_m10,5,0,1,primary_oot,2365,2130,2130,0.006502056617634442,0.050034622494658273,0.006502056617634442,0.9880372185294524,pooled_15_issue_months,ALL,54840,53021,1819,0.004356861179488848,0.050145252472767576,0.048545037278214534,0.9006342494714588,0.8789913430527527,0.849835886214442,0.8809628008752736,6416,112,1819,6528,8235,0.8789913430527527,0.849835886214442,0.8809628008752736,0.06022999463334425,0.03432754040889638,7552520,0.0058426169885297755,0.012964074697068598,732633,125394665,55386,0.05946886811219415,7712910,0.03432754040889638,0.07330913069425105,9507945,0.03432754040889638,0.00534027106338948,692615,0.012964074697068598,0.005777907824877445,749375,0.012964074697068598,larger_target_residual_discrepancy_dominates,129696600,57205,57205,True
catboost_monotonic_platt,w05_2012m05_m10,5,1,2,primary_oot,3134,2822,2822,0.0501461462273111,0.07888792960868712,0.050160788886864906,0.9498538537726889,pooled_15_issue_months,ALL,73852,71333,2519,0.05014690401716909,0.07889027307253996,0.07838347887434441,0.9004467134652202,0.884050860050748,0.8538969831555002,0.8872339273140877,8271,57,2519,8328,10790,0.884050860050748,0.8538969831555002,0.8872339273140877,0.021355849813074142,0.07873221726831164,4774263,0.017720885401080175,0.07184002771048514,3961639,223557622,74467,0.017989954624231475,4163814,0.07873221726831164,0.05189560376034153,12011350,0.07873221726831164,0.011038367115230478,2554854,0.05353798426421274,0.02013664438865831,4660670,0.07184002771048514,directional_discrepancies_not_robustly_ordered,231452168,76986,76986,True
catboost_monotonic_platt,w05_2012m05_m10,5,2,3,primary_oot,4888,4401,4401,0.07889159208905103,0.11132379513050646,0.07889159208905103,0.9210743768854129,pooled_15_issue_months,ALL,81100,78463,2637,0.07889080728719956,0.11132575174939768,0.8892804189864737,0.9003682487725041,0.8631839210838229,0.8356843403205918,0.8676325524044389,10735,0,2591,10735,13326,0.8631839210838229,0.8356843403205918,0.8676325524044389,0.038213449111179465,0.11118812041759461,14655895,0.03969261951378336,0.09509937181162148,15223197,383527144,83351,0.033762615509736214,13384068,0.8897274092298828,0.0660871184066871,26198044,0.11118812041759461,0.025704904534822944,10189856,0.08955718493715194,0.04245050159327254,16828092,0.09509937181162148,directional_discrepancies_not_robustly_ordered,396416800,85988,85988,True
catboost_monotonic_platt,w05_2012m05_m10,5,3,4,primary_oot,6390,5752,5752,0.11133801904797279,0.15261362246093008,0.11133801904797279,0.8885906639830641,pooled_15_issue_months,ALL,78800,76404,2396,0.11132644815418892,0.15261363434527864,0.8606682863399073,0.9001564945226918,0.8707135752054866,0.8525,0.8746446700507614,9878,0,1745,9878,11623,0.8707135752054866,0.8525,0.8746446700507614,0.03395096685201694,0.8476864372405583,16575594,0.025817503839855004,0.12513086974727428,12604662,488221560,82794,0.028937227425466505,14570820,0.8536190937386501,0.05867370892018779,29544090,0.8475912887455603,0.01709730464002288,8609040,0.12219202686750572,0.027663485140964228,13929450,0.12513086974727428,larger_target_residual_discrepancy_dominates,503532000,85190,85190,True
catboost_monotonic_platt,w05_2012m05_m10,5,4,5,primary_oot,7493,6745,6745,0.15261590875163042,0.4993571858249175,0.15261590875163042,0.847356425828194,pooled_15_issue_months,ALL,88298,85593,2705,0.15261468467916584,0.6311016024999007,0.8115173654626233,0.9001734952622448,0.8971060717582046,0.8859543817527011,0.9002582164941448,8807,0,1263,8807,10070,0.8971060717582046,0.8859543817527011,0.9002582164941448,0.09480160055732832,0.21538794334785905,60800850,0.001595636757458933,0.8437666477653991,1023359,641348349,93086,0.0901254241514146,59628505,0.21538794334785905,0.11147817935017303,73755849,0.23758939795146633,0.00010347075256301565,68458,0.847301518067832,0.0026142741568423687,1729648,0.8173802216992603,larger_target_residual_discrepancy_dominates,661616914,95791,95791,True
catboost_monotonic_platt,w06_2012m06_m11,5,0,1,primary_oot,2376,2140,2140,0.006502056617634442,0.050076526698676335,0.006502056617634442,0.9880372185294524,pooled_15_issue_months,ALL,54840,53021,1819,0.004356861179488848,0.050145252472767576,0.04860078800893651,0.9006734006734006,0.8814243412987307,0.8521881838074399,0.8834245076586433,6287,106,1819,6393,8106,0.8814243412987307,0.8521881838074399,0.8834245076586433,0.04923270031434721,0.03425403597364394,6202232,0.0047103898290220695,0.012807623612680867,593405,125977896,55397,0.04846256142755049,6314664,0.03425403597364394,0.06266162721304953,8164800,0.04467109925511722,0.004233067362170207,551568,0.012807623612680867,0.004652469258596173,606216,0.012807623612680867,larger_target_residual_discrepancy_dominates,130299840,57216,57216,True
catboost_monotonic_platt,w06_2012m06_m11,5,1,2,primary_oot,3316,2986,2986,0.0501461462273111,0.07888792960868712,0.050160788886864906,0.9498538537726889,pooled_15_issue_months,ALL,73852,71333,2519,0.05014690401716909,0.07889027307253996,0.0783690327579728,0.9004825090470446,0.883686372366226,0.8535449276932243,0.8868547906624059,8297,59,2519,8356,10816,0.883686372366226,0.8535449276932243,0.8868547906624059,0.0239138688916796,0.07872748313934515,5656592,0.014966485954346844,0.06271942299906434,3540176,236540228,74649,0.020544626566078396,5031240,0.07872748313934515,0.05445027570218845,13334504,0.07872748313934515,0.00998451439441985,2445140,0.05353798426421274,0.015907389388368234,3895612,0.06271942299906434,larger_target_residual_discrepancy_dominates,244893232,77168,77168,True
catboost_monotonic_platt,w06_2012m06_m11,5,2,3,primary_oot,5356,4822,4822,0.07889410909935433,0.11132379513050646,0.07889410909935433,0.9210743768854129,pooled_15_issue_months,ALL,81100,78463,2637,0.07889080728719956,0.11132575174939768,0.8892090679898458,0.9002987303958178,0.8628780444285842,0.835265104808878,0.8673366214549938,10759,0,2601,10759,13360,0.8628780444285842,0.835265104808878,0.8673366214549938,0.03842829855149186,0.11120024486553369,16149409,0.0443543232304344,0.09509937181162148,18639808,420247828,83819,0.03388364248491384,14718092,0.11120024486553369,0.06631274236160928,28804372,0.11120024486553369,0.02972626203002222,12912244,0.09509937181162148,0.04711220530992358,20464204,0.09509937181162148,directional_discrepancies_not_robustly_ordered,434371600,86456,86456,True
catboost_monotonic_platt,w06_2012m06_m11,5,3,4,primary_oot,7241,6518,6518,0.11133124368857567,0.15261362246093008,0.11133124368857567,0.8885906639830641,pooled_15_issue_months,ALL,78800,76404,2396,0.11132644815418892,0.15261363434527864,0.8602366287204435,0.9001519127192377,0.8685670907282341,0.8501522842639594,0.8725634517766497,10042,0,1766,10042,11808,0.8685670907282341,0.8501522842639594,0.8725634517766497,0.03760105869451945,0.8483630065459906,20802461,0.02252418711049234,0.12586710564267764,12461312,553241364,83645,0.03241576625490632,18496138,0.853422975709176,0.06217067117100381,35474013,0.8477787660966796,0.01421936350884031,8113438,0.11998178346367076,0.024429231946957435,13939095,0.12586710564267764,larger_target_residual_discrepancy_dominates,570590800,86041,86041,True
catboost_monotonic_platt,w06_2012m06_m11,5,4,5,primary_oot,8396,7558,7558,0.15261590875163042,0.4936432472364723,0.15261590875163042,0.847356425828194,pooled_15_issue_months,ALL,88298,85593,2705,0.15261468467916584,0.6311016024999007,0.8103745792333379,0.9001905669366365,0.8946409168974099,0.8831457111146346,0.8978685813948221,9018,0,1300,9018,10318,0.8946409168974099,0.8831457111146346,0.8978685813948221,0.10084436044415902,0.2127292638095615,72470673,0.0004355595436877786,0.845520301821515,313010,718638828,93989,0.09624479831394296,71351082,0.2127292638095615,0.1170594173649756,86782000,0.2375942556041251,9.607607638954797e-05,71226,0.15263236705545957,0.0008918783204491447,661194,0.8427408784781474,larger_target_residual_discrepancy_dominates,741350008,96694,96694,True
catboost_monotonic_platt,w07_2012m07_m12,5,0,1,primary_oot,2457,2213,2213,0.008314661461122395,0.05011768939707083,0.008314661461122395,0.9880372185294524,pooled_15_issue_months,ALL,54840,53021,1819,0.004356861179488848,0.050145252472767576,0.04860078800893651,0.9006919006919006,0.8814243412987307,0.8521881838074399,0.8834245076586433,6287,106,1819,6393,8106,0.8814243412987307,0.8521881838074399,0.8834245076586433,0.02749040153087606,0.03383951184584373,3581246,0.0077670594069756665,0.014497210957517385,1011835,130272597,55478,0.026803470457737417,3611550,0.03383951184584373,0.05327096519656695,7177830,0.04893850975440564,0.00696943667403186,939075,0.014497210957517385,0.007668929660176925,1033326,0.014593556661596497,larger_target_residual_discrepancy_dominates,134741880,57297,57297,True
catboost_monotonic_platt,w07_2012m07_m12,5,1,2,primary_oot,3642,3279,3279,0.0501461462273111,0.07886539810686087,0.050160788886864906,0.9498538537726889,pooled_15_issue_months,ALL,73852,71333,2519,0.05014690401716909,0.07889027307253996,0.07827604264575501,0.9003294892915981,0.8808826209468269,0.8508368087526404,0.8840654281536044,8497,65,2519,8562,11016,0.8808826209468269,0.8508368087526404,0.8840654281536044,0.02840244838478013,0.07872748313934515,7378808,0.021312671763936017,0.063655798179493,5536921,259794786,74975,0.025033206059178928,6733156,0.07872748313934515,0.058938855195288985,15852724,0.07872748313934515,0.012762386015481993,3432686,0.05353798426421274,0.02225971898678102,5987174,0.063655798179493,larger_target_residual_discrepancy_dominates,268968984,77494,77494,True
catboost_monotonic_platt,w07_2012m07_m12,5,2,3,primary_oot,5776,5200,5200,0.07889410909935433,0.11132379513050646,0.07889410909935433,0.9210743768854129,pooled_15_issue_months,ALL,81100,78463,2637,0.07889080728719956,0.11132575174939768,0.11114675924546469,0.9002770083102493,0.8562124823165058,0.8283723797780518,0.8607644882860666,11282,10,2637,11292,13919,0.8562124823165058,0.8283723797780518,0.8607644882860666,0.045099158899215445,0.11120174243997503,20439042,0.04055667521254879,0.09497854324564642,18380378,453202288,84239,0.04058076107264722,19009392,0.8890343353420845,0.072984431518149,34188360,0.11120174243997503,0.026613274538803366,12466552,0.09381391173742028,0.04326936411051641,20268824,0.09497854324564642,directional_discrepancies_not_robustly_ordered,468433600,86876,86876,True
catboost_monotonic_platt,w07_2012m07_m12,5,3,4,primary_oot,7625,6864,6864,0.11133124368857567,0.15261362246093008,0.11133124368857567,0.8885906639830641,pooled_15_issue_months,ALL,78800,76404,2396,0.11132644815418892,0.15261363434527864,0.8598182534639773,0.9001967213114754,0.8667216376105963,0.8480837563451776,0.8707741116751269,10183,0,1788,10183,11971,0.8667216376105963,0.8480837563451776,0.8707741116751269,0.042176458017389874,0.8477787660966796,24571182,0.018211562178960677,0.12513086974727428,10609701,582580500,84029,0.03663917783140551,22014650,0.8477787660966796,0.06682953316135475,40154525,0.8477787660966796,0.010305983190480154,6192350,0.11998178346367076,0.0200575434800699,12051575,0.12513086974727428,larger_target_residual_discrepancy_dominates,600850000,86425,86425,True
catboost_monotonic_platt,w07_2012m07_m12,5,4,5,primary_oot,8911,8021,8021,0.15261590875163042,0.4936432472364723,0.15261590875163042,0.847356425828194,pooled_15_issue_months,ALL,88298,85593,2705,0.15261468467916584,0.6311016024999007,0.8087374786830329,0.9001234429356975,0.8911359573796923,0.8792837889872931,0.894470995945548,9318,0,1341,9318,10659,0.8911359573796923,0.8792837889872931,0.894470995945548,0.10316216456498042,0.21318481436675127,78683766,0.0004304637802474791,0.8460590633295471,328323,762719223,94504,0.09852724679372112,77523551,0.21318481436675127,0.12024883172080435,94614604,0.24662745971214467,0.00024296428022957392,191170,0.847301518067832,0.0005754187726462327,452753,0.8460590633295471,larger_target_residual_discrepancy_dominates,786823478,97209,97209,True
catboost_monotonic_platt,w08_2012m08_2013m01,5,0,1,primary_oot,2498,2250,2250,0.008314661461122395,0.05011768939707083,0.008314661461122395,0.9880372185294524,pooled_15_issue_months,ALL,54840,53021,1819,0.004356861179488848,0.050145252472767576,0.04867535238075526,0.900720576461169,0.8844042926387657,0.8550692924872356,0.8864697301239971,6129,97,1819,6226,7948,0.8844042926387657,0.8550692924872356,0.8864697301239971,0.020958099158831414,0.04893850975440564,2775826,0.009363595061183139,0.025486993292745293,1240175,132446458,55519,0.018924957617443335,2592536,0.04893850975440564,0.0506171530951968,6934060,0.04893850975440564,0.00800250703845352,1096266,0.014593556661596497,0.009505313952109901,1302136,0.025486993292745293,larger_target_residual_discrepancy_dominates,136990320,57338,57338,True
catboost_monotonic_platt,w08_2012m08_2013m01,5,1,2,primary_oot,3844,3461,3461,0.0501461462273111,0.07887991579747564,0.0501899901271696,0.9498538537726889,pooled_15_issue_months,ALL,73852,71333,2519,0.05014690401716909,0.07889027307253996,0.07827477245991309,0.9003642039542143,0.8808405646755358,0.8507961869685317,0.8840248063694958,8500,65,2519,8565,11019,0.8808405646755358,0.8507961869685317,0.8840248063694958,0.02970961202280118,0.07883109328373565,8146496,0.0289302508191965,0.06366442311372021,7932792,274204052,75177,0.0262743193166996,7458940,0.07883109328373565,0.06035599618394761,17134288,0.07883109328373565,0.014813946029133948,4205488,0.063655798179493,0.02988175355125697,8483044,0.06366442311372021,directional_discrepancies_not_robustly_ordered,283887088,77696,77696,True
catboost_monotonic_platt,w08_2012m08_2013m01,5,2,3,primary_oot,6042,5439,5439,0.07889410909935433,0.11132379513050646,0.07889410909935433,0.9210743768854129,pooled_15_issue_months,ALL,81100,78463,2637,0.07889080728719956,0.11132575174939768,0.11098132429321297,0.9001986097318768,0.8518919745612582,0.8241923551171393,0.8564611590628853,11621,20,2637,11641,14258,0.8518919745612582,0.8241923551171393,0.8564611590628853,0.05070683499113342,0.11120174243997503,24038764,0.03337538546717084,0.09380886440069366,15822384,474073446,84505,0.046163007733371536,22620160,0.11120174243997503,0.07859210761006698,38510620,0.11120174243997503,0.020668305829599706,10127598,0.08790446544767139,0.035814367246781775,17549262,0.09380886440069366,larger_target_residual_discrepancy_dominates,490006200,87142,87142,True
catboost_monotonic_platt,w08_2012m08_2013m01,5,3,4,primary_oot,8094,7286,7286,0.11133124368857567,0.15261362246093008,0.11133124368857567,0.8886254809449048,pooled_15_issue_months,ALL,78800,76404,2396,0.11132644815418892,0.15261363434527864,0.8583320244890962,0.9001729676303435,0.8601643892989895,0.8408248730964467,0.8644162436548224,10684,0,1859,10684,12543,0.8601643892989896,0.8408248730964467,0.8644162436548224,0.048802260575042375,0.8477787660966796,30180000,0.019489672723696658,0.12151761120660866,12052686,618413976,84498,0.04326498038905801,27594716,0.8477787660966796,0.07345533571900725,46850342,0.8477787660966796,0.012494202009635514,7968892,0.11980262901199729,0.020434959028370957,13033564,0.12151761120660866,larger_target_residual_discrepancy_dominates,637807200,86894,86894,True
catboost_monotonic_platt,w08_2012m08_2013m01,5,4,5,primary_oot,9651,8687,8687,0.15261590875163042,0.49255770367974877,0.15261590875163042,0.847356425828194,pooled_15_issue_months,ALL,88298,85593,2705,0.15261468467916584,0.6311016024999007,0.8053547613963974,0.900113977826132,0.8837872255908777,0.8712315114725135,0.8873473917869035,9947,0,1423,9947,11370,0.8837872255908777,0.8712315114725135,0.8873473917869035,0.09967840843358268,0.24662745971214467,82340151,6.39688705264504e-05,0.8473046518377493,52842,826058043,95244,0.09394443814557864,80056068,0.24662745971214467,0.11838440281068997,100882926,0.24662745971214467,1.4702569023574263e-05,12529,0.8473450691232286,9.715383446649667e-05,82791,0.8467141382882515,larger_target_residual_discrepancy_dominates,852163998,97949,97949,True
woe_scorecard_platform_platt,w01_2012m01_m06,5,0,1,primary_oot,1821,1640,1640,0.016438805322008802,0.053068828735680404,0.016438805322008802,0.9743150755544879,pooled_15_issue_months,ALL,35138,33946,1192,0.015144652217942856,0.05307206061669813,0.051705770411614865,0.900604063701263,0.8935957108348553,0.8632819170129205,0.8948431897091468,3612,83,1192,3695,4804,0.8935957108348553,0.8632819170129205,0.8948431897091468,0.026271511820320757,0.04664455123488856,1623991,0.015305974378727877,0.02882182510295581,946149,61815666,35756,0.025250296555678217,1615673,0.04664455123488856,0.04895749711914885,3132609,0.04719605950564093,0.012886587062748965,824565,0.02882182510295581,0.01504948762624148,962961,0.02882182510295581,larger_target_residual_discrepancy_dominates,63986298,36947,36948,True
woe_scorecard_platform_platt,w01_2012m01_m06,5,1,2,primary_oot,2510,2260,2260,0.05307507640286665,0.08297008948782546,0.05307507640286665,0.9468230173537326,pooled_15_issue_months,ALL,64651,62524,2127,0.05307332759163113,0.08298174820103316,0.08262200352687521,0.900398406374502,0.8945205041264155,0.8650910272076224,0.8975112527261759,6595,31,2127,6626,8722,0.8945205041264155,0.8650910272076224,0.8975112527261759,0.04499635645888075,0.07192694660393849,7061514,0.004616923515712596,0.9413308627915162,724558,156935240,65028,0.04329313732987802,7025351,0.07192694660393849,0.06253491239909582,10147791,0.07192694660393849,0.0013271318062578227,215359,0.054124987539226996,0.004954212938966628,803940,0.9406553523283615,larger_target_residual_discrepancy_dominates,162274010,67154,67155,True
woe_scorecard_platform_platt,w01_2012m01_m06,5,2,3,primary_oot,3065,2760,2760,0.08299323943612967,0.11157092057908599,0.08299395280471188,0.9170067605638703,pooled_15_issue_months,ALL,83959,81210,2749,0.0829819287178798,0.11157037585234604,0.8928580899872146,0.9004893964110929,0.8831055288757542,0.8592169987732108,0.8869329077287724,9493,0,2327,9493,11820,0.8831055288757542,0.8592169987732108,0.8869329077287724,0.02311247519923474,0.8887403327419253,5752895,0.022452514205512746,0.09951296137037882,5588625,248908650,84270,0.01852066884117893,4766004,0.8887403327419253,0.05109184128111004,13147685,0.11157092057908599,0.006345107426103866,1632814,0.09951296137037882,0.02499706850234346,6432604,0.09951296137037882,directional_discrepancies_not_robustly_ordered,257334335,87019,87019,True
woe_scorecard_platform_platt,w01_2012m01_m06,5,3,4,primary_oot,3565,3210,3210,0.11159308166475626,0.14696203469924435,0.11159308166475626,0.8883365675471552,pooled_15_issue_months,ALL,90040,87174,2866,0.11157213318982084,0.14696663627732012,0.866169924727429,0.9004207573632539,0.8852180696079106,0.8673811639271435,0.8888716126166148,10006,0,1935,10006,11941,0.8852180696079106,0.8673811639271435,0.8888716126166148,0.027082173934602462,0.8533088692638412,8416471,0.007901457808858753,0.11688070471230995,2455578,310775310,90738,0.021751373707680488,6982030,0.1431611593916942,0.053076363754180005,17037120,0.8533088692638412,0.0040678975153944355,1305765,0.11206106796674724,0.009034491760869253,2900005,0.11688070471230995,larger_target_residual_discrepancy_dominates,320992600,93603,93604,True
woe_scorecard_platform_platt,w01_2012m01_m06,5,4,5,primary_oot,3987,3590,3590,0.14701334996484425,0.5314634475659251,0.14701334996484425,0.8529496419290103,pooled_15_issue_months,ALL,103102,99960,3142,0.14696692305197875,0.5556331471939644,0.820632533454388,0.9004263857536995,0.8979091636654661,0.8857054179356365,0.901020348780819,10205,0,1579,10205,11784,0.8979091636654661,0.8857054179356365,0.901020348780819,0.03385856976349607,0.1711445326383922,13494012,0.0007503001200480192,0.14701319402511454,299025,398540520,103940,0.030934908785846295,12716341,0.1711445326383922,0.0483643041218561,19881002,0.26336656401108094,0.0007274349673139221,299025,0.14701319402511454,0.002665979519469585,1095898,0.8188186831702579,larger_target_residual_discrepancy_dominates,411067674,107082,107082,True
woe_scorecard_platform_platt,w02_2012m02_m07,5,0,1,primary_oot,1894,1706,1706,0.016438805322008802,0.053068828735680404,0.016438805322008802,0.9743150755544879,pooled_15_issue_months,ALL,35138,33946,1192,0.015144652217942856,0.05307206061669813,0.051705770411614865,0.9007391763463569,0.8935957108348553,0.8632819170129205,0.8948431897091468,3612,83,1192,3695,4804,0.8935957108348553,0.8632819170129205,0.8948431897091468,0.02220313136629012,0.046930231484403374,1427522,0.012357069252980276,0.02733973522149447,794482,64293724,35829,0.020970536865866567,1395618,0.046930231484403374,0.04798188082433522,3193260,0.0489238631602748,0.010666196333262672,709850,0.02733973522149447,0.012117616448237912,806444,0.02733973522149447,larger_target_residual_discrepancy_dominates,66551372,37020,37021,True
woe_scorecard_platform_platt,w02_2012m02_m07,5,1,2,primary_oot,2582,2325,2325,0.05307507640286665,0.08297964752555571,0.05307507640286665,0.9468230173537326,pooled_15_issue_months,ALL,64651,62524,2127,0.05307332759163113,0.08298174820103316,0.08261453349130692,0.9004647560030984,0.894216620817606,0.8647971415755363,0.8972018994292432,6614,32,2127,6646,8741,0.894216620817606,0.8647971415755363,0.8972018994292432,0.029263470805522065,0.07192694660393849,4724206,0.0053821005855362695,0.054176700853423215,868870,161436968,65100,0.027560251676519345,4600602,0.07192694660393849,0.047087968875272286,7860342,0.07239645324880585,0.004465997681575558,745504,0.054176700853423215,0.0056106048802267786,936572,0.054176700853423215,larger_target_residual_discrepancy_dominates,166928882,67226,67227,True
woe_scorecard_platform_platt,w02_2012m02_m07,5,2,3,primary_oot,3378,3042,3042,0.08299323943612967,0.11157092057908599,0.08299395280471188,0.9170067605638703,pooled_15_issue_months,ALL,83959,81210,2749,0.0829819287178798,0.11157037585234604,0.8932714582951211,0.9005328596802842,0.8851496121167344,0.86163484557939,0.8889100632451554,9327,0,2290,9327,11617,0.8851496121167344,0.86163484557939,0.8889100632451554,0.022124120457826704,0.8887403327419253,6069252,0.015677705958479244,0.09953244134087412,4300824,274327380,84583,0.017532314099770893,4972401,0.8887403327419253,0.0498337945842931,14133537,0.8887403327419253,0.00032158553579723437,91206,0.08299356807859057,0.01820129494399036,5162133,0.09953244134087412,directional_discrepancies_not_robustly_ordered,283613502,87332,87332,True
woe_scorecard_platform_platt,w02_2012m02_m07,5,3,4,primary_oot,4156,3742,3742,0.11158563165463259,0.14696203469924435,0.11158563165463259,0.8883365675471552,pooled_15_issue_months,ALL,90040,87174,2866,0.11157213318982084,0.14696663627732012,0.8667622645945511,0.9003849855630414,0.8881432537224402,0.870679697912039,0.8917036872501111,9751,0,1893,9751,11644,0.8881432537224402,0.870679697912039,0.8917036872501111,0.02290907327203922,0.14670561081816236,8299846,0.008558039077664259,0.11688070471230995,3100536,362295144,91329,0.017418747479999264,6518204,0.14670561081816236,0.04899360309972383,18333712,0.14670561081816236,0.005639820436986834,2110456,0.11255631533242781,0.009691073029674759,3626460,0.11688070471230995,larger_target_residual_discrepancy_dominates,374206240,94194,94195,True
woe_scorecard_platform_platt,w02_2012m02_m07,5,4,5,primary_oot,4664,4199,4199,0.1469872263379901,0.454135727406909,0.1469872263379901,0.8530027520887277,pooled_15_issue_months,ALL,103102,99960,3142,0.14696692305197875,0.5556331471939644,0.820704425291185,0.9003001715265866,0.8980692276910764,0.8858800023277918,0.9011755349071793,10189,0,1577,10189,11766,0.8980692276910764,0.8858800023277918,0.9011755349071793,0.029487455359502292,0.16578317192450193,13747448,0.000595915896375703,0.14701742732865766,277824,466213440,104617,0.02715574208797809,13058320,0.16578317192450193,0.0485871449456055,23363990,0.2325900104108296,0.0005712215314228782,274682,0.14701742732865766,0.0016264264671136343,782096,0.8187949829898098,larger_target_residual_discrepancy_dominates,480867728,107759,107759,True
woe_scorecard_platform_platt,w03_2012m03_m08,5,0,1,primary_oot,2104,1895,1895,0.017476342656898337,0.053068828735680404,0.017476342656898337,0.9743150755544879,pooled_15_issue_months,ALL,35138,33946,1192,0.015144652217942856,0.05307206061669813,0.05176795853644958,0.9006653992395437,0.8966004831202498,0.8661847572428709,0.897774489157038,3510,82,1192,3592,4702,0.8966004831202499,0.8661847572428709,0.897774489157038,0.018950221543991026,0.0489238631602748,1353470,0.012859077904764423,0.02882182510295581,918426,71422384,36038,0.017862190078575577,1320558,0.0489238631602748,0.044926906340172705,3321462,0.0489238631602748,0.01043969058878551,771810,0.02882182510295581,0.012602591152278025,931714,0.02882182510295581,larger_target_residual_discrepancy_dominates,73930352,37229,37230,True
woe_scorecard_platform_platt,w03_2012m03_m08,5,1,2,primary_oot,2710,2440,2440,0.05307507640286665,0.08297964752555571,0.05307507640286665,0.9468230173537326,pooled_15_issue_months,ALL,64651,62524,2127,0.05307332759163113,0.08298174820103316,0.08257296237836345,0.9003690036900369,0.8926012411234087,0.8632349074260259,0.8956087299500395,6715,34,2127,6749,8842,0.8926012411234086,0.8632349074260259,0.8956087299500395,0.03114863523403323,0.06728467485820921,5277826,0.002487027269351447,0.05327668036570162,421402,169440040,65228,0.029767600904110694,5215409,0.06728467485820921,0.046704608296798344,8182844,0.0724131667391037,0.002320223926125976,406513,0.05327668036570162,0.0025522388988255475,447163,0.05327668036570162,larger_target_residual_discrepancy_dominates,175204210,67354,67355,True
woe_scorecard_platform_platt,w03_2012m03_m08,5,2,3,primary_oot,3761,3386,3386,0.08299395280471188,0.11157092057908599,0.08299395280471188,0.9167882932899689,pooled_15_issue_months,ALL,83959,81210,2749,0.0829819287178798,0.11157037585234604,0.8917448503721951,0.9002924754054773,0.8772441817510159,0.8522612227396705,0.8812634738384211,9969,0,2435,9969,12404,0.8772441817510159,0.8522612227396705,0.8812634738384211,0.028834808773875825,0.8887403327419253,8807039,0.020000749105828584,0.09789514872759073,6108845,305430810,84966,0.024243002415820013,7655208,0.8887403327419253,0.05654448290034222,17855040,0.8887403327419253,0.005648624427189125,1783665,0.0952221312629998,0.022175404431251513,7002323,0.09789514872759073,larger_target_residual_discrepancy_dominates,315769799,87715,87715,True
woe_scorecard_platform_platt,w03_2012m03_m08,5,3,4,primary_oot,4941,4448,4448,0.11158563165463259,0.1469385198487247,0.11158563165463259,0.8883365675471552,pooled_15_issue_months,ALL,90040,87174,2866,0.11157213318982084,0.14696663627732012,0.866522684784726,0.9002226269985832,0.886892880904857,0.8693025322079075,0.8904931141714794,9860,0,1908,9860,11768,0.886892880904857,0.8693025322079075,0.8904931141714794,0.023256921870096876,0.14670561081816236,10017378,0.01489726198420737,0.12401867116051594,6416649,430726734,92114,0.01776659607805692,7904139,0.14670561081816236,0.04934145169778149,21951402,0.14670561081816236,0.009390159726622209,4177566,0.11668547145742954,0.01657734748486157,7375057,0.12401867116051594,larger_target_residual_discrepancy_dominates,444887640,94979,94980,True
woe_scorecard_platform_platt,w03_2012m03_m08,5,4,5,primary_oot,5533,4981,4981,0.1469872263379901,0.454135727406909,0.1469872263379901,0.8530027520887277,pooled_15_issue_months,ALL,103102,99960,3142,0.14696692305197875,0.5556331471939644,0.8207075411423037,0.9002349539128863,0.8980692276910764,0.8858800023277918,0.9011755349071793,10189,0,1577,10189,11766,0.8980692276910764,0.8858800023277918,0.9011755349071793,0.03367178065876631,0.20970429429132825,18623144,0.0004675410739029029,0.14704503385461176,258587,553078680,105486,0.028336250780387536,16164793,0.20970429429132825,0.052461729856286686,29927495,0.2196350406824882,0.0004312616982314689,246019,0.14704503385461176,0.003707025071264611,2114722,0.8105320011597383,larger_target_residual_discrepancy_dominates,570463366,108628,108628,True
woe_scorecard_platform_platt,w04_2012m04_m09,5,0,1,primary_oot,2199,1980,1980,0.017476342656898337,0.053068828735680404,0.017476342656898337,0.9743150755544879,pooled_15_issue_months,ALL,35138,33946,1192,0.015144652217942856,0.05307206061669813,0.05162455662778676,0.9004092769440655,0.8897955576503859,0.8596106778985714,0.8910296545050942,3741,88,1192,3829,4933,0.8897955576503859,0.8596106778985714,0.8910296545050942,0.02233989745959041,0.0489238631602748,1667612,0.009191148545129335,0.028768317958745977,686094,74647254,36133,0.02125186599417496,1642099,0.0489238631602748,0.04831658225577209,3733348,0.0489238631602748,0.006796744576072965,525174,0.028768317958745977,0.00895964513956548,692298,0.028768317958745977,larger_target_residual_discrepancy_dominates,77268462,37324,37325,True
woe_scorecard_platform_platt,w04_2012m04_m09,5,1,2,primary_oot,2864,2579,2579,0.05307507640286665,0.08297989159869684,0.05307507640286665,0.9468230173537326,pooled_15_issue_months,ALL,64651,62524,2127,0.05307332759163113,0.08298174820103316,0.08252209378381913,0.9004888268156425,0.8906979719787601,0.8613942553092759,0.8936752718442097,6834,40,2127,6874,8961,0.8906979719787602,0.8613942553092759,0.8936752718442097,0.0282738802601477,0.06601225804154834,5062968,0.003704476922202656,0.053929798581102646,663356,179068736,65382,0.026949370790084,4989958,0.06601225804154834,0.04608382813298632,8532903,0.08297989159869684,0.003157439700518357,584633,0.05327668036570162,0.003832000550614304,709535,0.053929798581102646,larger_target_residual_discrepancy_dominates,185160464,67508,67509,True
woe_scorecard_platform_platt,w04_2012m04_m09,5,2,3,primary_oot,4218,3798,3798,0.0830001795493167,0.11156981949005823,0.0830001795493167,0.9167882932899689,pooled_15_issue_months,ALL,83959,81210,2749,0.0829819287178798,0.11157037585234604,0.8908550637496875,0.9004267425320057,0.8716783647334072,0.8458771543253254,0.8758798937576674,10421,0,2519,10421,12940,0.8716783647334072,0.8458771543253254,0.8758798937576674,0.032607399848276326,0.8887403327419253,11169462,0.017349957427339652,0.0997571065010881,5943120,342543780,85422,0.028015593490220515,9921416,0.8887403327419253,0.06067153924974252,21486162,0.11156981949005823,0.0026520259998881455,939186,0.08575983312923252,0.019990350570251413,7079364,0.0997571065010881,larger_target_residual_discrepancy_dominates,354139062,88171,88171,True
woe_scorecard_platform_platt,w04_2012m04_m09,5,3,4,primary_oot,5758,5184,5184,0.11158563165463259,0.14696566938092337,0.11158563165463259,0.8882417622609734,pooled_15_issue_months,ALL,90040,87174,2866,0.11157213318982084,0.14696663627732012,0.8664095376944709,0.9003126085446336,0.8863078440819511,0.8686250555308752,0.8899266992447801,9911,0,1918,9911,11829,0.8863078440819511,0.8686250555308752,0.8899266992447801,0.024406481619410805,0.1467125396032769,12250782,0.013573209706795621,0.11668547145742954,6813044,501947892,92931,0.018909796410194135,9803790,0.1467125396032769,0.05049575820495202,26179542,0.1467125396032769,0.009072552988297896,4703668,0.11668547145742954,0.014731583153425385,7637594,0.12267650395424272,larger_target_residual_discrepancy_dominates,518450320,95796,95797,True
woe_scorecard_platform_platt,w04_2012m04_m09,5,4,5,primary_oot,6728,6057,6057,0.14698265180510928,0.454135727406909,0.14698265180510928,0.8530027520887277,pooled_15_issue_months,ALL,103102,99960,3142,0.14696692305197875,0.5556331471939644,0.8207075411423037,0.9002675386444708,0.8980692276910764,0.8858800023277918,0.9011755349071793,10189,0,1577,10189,11766,0.8980692276910764,0.8858800023277918,0.9011755349071793,0.0386712592290186,0.21190147326897235,26007616,0.00040872472651367324,0.1470540809878963,274880,672530880,106681,0.033240961105877376,23058266,0.20992236957375981,0.05734538227050635,39778786,0.2199177210935682,0.00036909179510790497,256028,0.1470540809878963,0.0027542221732511475,1910522,0.8061357273820535,larger_target_residual_discrepancy_dominates,693670256,109823,109823,True
woe_scorecard_platform_platt,w05_2012m05_m10,5,0,1,primary_oot,2281,2054,2054,0.017476342656898337,0.05306818145011754,0.017476342656898337,0.9756347262536247,pooled_15_issue_months,ALL,35138,33946,1192,0.015144652217942856,0.05307206061669813,0.0516643738011466,0.9004822446295484,0.8916809049667118,0.8614320678467755,0.8929079628891798,3677,86,1192,3763,4869,0.8916809049667118,0.8614320678467755,0.8929079628891798,0.015934041566339482,0.04507908757979044,1233786,0.009206100939695516,0.028768317958745977,712836,77430826,36215,0.015211620423951766,1219208,0.04507908757979044,0.041302722011282426,3310404,0.04896400989245516,0.006811696970639145,545956,0.028768317958745977,0.00897459753413166,719312,0.028768317958745977,larger_target_residual_discrepancy_dominates,80149778,37406,37407,True
woe_scorecard_platform_platt,w05_2012m05_m10,5,1,2,primary_oot,3010,2710,2710,0.05311786106245833,0.08297989159869684,0.05311786106245833,0.9468509414854399,pooled_15_issue_months,ALL,64651,62524,2127,0.05307332759163113,0.08298174820103316,0.082592209115085,0.9003322259136213,0.8934968971914785,0.8641010966574376,0.8964903868462978,6659,33,2127,6692,8786,0.8934968971914785,0.8641010966574376,0.8964903868462978,0.02208238548025465,0.06376635495565235,4155844,0.005043570245769811,0.05380865548766587,949186,188197240,65528,0.02126956023681663,4139046,0.06376635495565235,0.044809444792538275,8719896,0.08297989159869684,0.004429502417554906,861979,0.05380865548766587,0.006767535026167332,1316959,0.08129371035788721,larger_target_residual_discrepancy_dominates,194599510,67654,67655,True
woe_scorecard_platform_platt,w05_2012m05_m10,5,2,3,primary_oot,4620,4159,4159,0.08299920774097194,0.11156981949005823,0.08299920774097194,0.9167882932899689,pooled_15_issue_months,ALL,83959,81210,2749,0.0829819287178798,0.11157037585234604,0.8886831699133111,0.9002164502164502,0.8594138652875262,0.8316678378732476,0.8640169606593695,11417,0,2716,11417,14133,0.8594138652875262,0.8316678378732476,0.8640169606593695,0.04132360066974031,0.8887403327419253,15504210,0.017193999203603934,0.09858993273251057,6451020,375190200,85824,0.036731794311684496,14247917,0.8887403327419253,0.06915766296773693,26825606,0.8884469384332816,0.004969138461676486,1927482,0.09267417891017289,0.01966631414457139,7628378,0.09883711229795525,larger_target_residual_discrepancy_dominates,387890580,88573,88573,True
woe_scorecard_platform_platt,w05_2012m05_m10,5,3,4,primary_oot,6597,5939,5939,0.11158563165463259,0.14696566938092337,0.11158563165463259,0.8882417622609734,pooled_15_issue_months,ALL,90040,87174,2866,0.11157213318982084,0.14696663627732012,0.8658020182635762,0.9002576928907079,0.8836694427237479,0.8655597512216793,0.8873722789871168,10141,0,1964,10141,12105,0.8836694427237479,0.8655597512216793,0.8873722789871168,0.026657181004223852,0.1467125396032769,15330195,0.012271156359091887,0.11668137647701098,7056981,575086878,93770,0.021164398192116053,12571523,0.14670561081816236,0.052786675175845246,31354962,0.14689951488490596,0.007947076828468333,4720515,0.11583331573924524,0.01330539129460391,7903321,0.11668161327443125,larger_target_residual_discrepancy_dominates,593993880,96635,96636,True
woe_scorecard_platform_platt,w05_2012m05_m10,5,4,5,primary_oot,7762,6987,6987,0.14697568787595489,0.454135727406909,0.14697568787595489,0.8530027520887277,pooled_15_issue_months,ALL,103102,99960,3142,0.14696692305197875,0.5556331471939644,0.819701753932392,0.9001545993300696,0.8957482993197279,0.8833097321099493,0.898925336074955,10421,0,1610,10421,12031,0.8957482993197279,0.8833097321099493,0.898925336074955,0.04483942507691043,0.2202705455271957,34790440,0.00014102523256146057,0.1470540809878963,109420,775889520,107715,0.03914292133914251,31325208,0.2202705455271957,0.06392420589230345,51157118,0.2202705455271957,0.0001260887276677465,100906,0.1469740271153546,0.00015958709854080606,127714,0.1470540809878963,larger_target_residual_discrepancy_dominates,800277724,110857,110857,True
woe_scorecard_platform_platt,w06_2012m06_m11,5,0,1,primary_oot,2270,2044,2044,0.018712895416408692,0.05306818145011754,0.018712895416408692,0.9756347262536247,pooled_15_issue_months,ALL,35138,33946,1192,0.015144652217942856,0.05307206061669813,0.0516643738011466,0.9004405286343612,0.8916809049667118,0.8614320678467755,0.8929079628891798,3677,86,1192,3763,4869,0.8916809049667118,0.8614320678467755,0.8929079628891798,0.012138999722544565,0.046956802942225456,935400,0.014060164485133295,0.032282454760388477,1083440,77057420,36204,0.010913922023748778,870530,0.046956802942225456,0.04211237103398231,3359020,0.05180237525088852,0.009740273905555014,776916,0.028780473420135656,0.013916682944002038,1110040,0.032282454760388477,directional_discrepancies_not_robustly_ordered,79763260,37395,37396,True
woe_scorecard_platform_platt,w06_2012m06_m11,5,1,2,primary_oot,3131,2819,2819,0.05308488114755205,0.08297989159869684,0.05308488114755205,0.9468509414854399,pooled_15_issue_months,ALL,64651,62524,2127,0.05307332759163113,0.08298174820103316,0.08262740301063291,0.9003513254551262,0.8946484549932826,0.8652147685263956,0.8976504617097957,6587,30,2127,6617,8714,0.8946484549932826,0.8652147685263956,0.8976504617097957,0.020957604148419656,0.060785432025981745,4102716,0.010314894398340881,0.0763385073037165,2019271,195762644,65649,0.020215684655781545,4092105,0.060785432025981745,0.040340401064841276,8165796,0.0829366322327696,0.0030395863388181068,615280,0.05380865548766587,0.012227399018391656,2475098,0.0763385073037165,larger_target_residual_discrepancy_dominates,202422281,67775,67776,True
woe_scorecard_platform_platt,w06_2012m06_m11,5,2,3,primary_oot,5058,4554,4554,0.08299920774097194,0.11156880132940672,0.08299920774097194,0.9166144043770346,pooled_15_issue_months,ALL,83959,81210,2749,0.0829819287178798,0.11157037585234604,0.8886418869164812,0.900355871886121,0.8591552764437878,0.8313462523374504,0.8637668385759716,11438,0,2722,11438,14160,0.8591552764437878,0.8313462523374504,0.8637668385759716,0.04163977141114312,0.11155751405775301,17103960,0.025443620167855608,0.09883711229795525,10451226,410760180,86262,0.036986900217932446,15707028,0.11155751405775301,0.06971716141685097,29606412,0.11155751405775301,0.011157790770713176,4738319,0.09266621027775968,0.02795047758887718,11869579,0.09883711229795525,larger_target_residual_discrepancy_dominates,424664622,89011,89011,True
woe_scorecard_platform_platt,w06_2012m06_m11,5,3,4,primary_oot,7370,6634,6634,0.11157560549045502,0.14696566938092337,0.11157560549045502,0.8883968423229983,pooled_15_issue_months,ALL,90040,87174,2866,0.11157213318982084,0.14696663627732012,0.8655770743208384,0.9001356852103121,0.8825337830086952,0.8642492225677476,0.8862727676588184,10240,0,1983,10240,12223,0.8825337830086952,0.8642492225677476,0.8862727676588184,0.030528372285824956,0.14650476916872993,19613636,0.014563181688837737,0.1209537948214259,9356442,642472380,94543,0.02510510932273731,16659620,0.14650476916872993,0.05663392781257478,37581980,0.1469003008146661,0.006891750809379459,4573330,0.11578407036827656,0.015897276470520867,10549350,0.1209537948214259,larger_target_residual_discrepancy_dominates,663594800,97408,97409,True
woe_scorecard_platform_platt,w06_2012m06_m11,5,4,5,primary_oot,8856,7972,7972,0.14697568787595489,0.454135727406909,0.14697568787595489,0.8530027520887277,pooled_15_issue_months,ALL,103102,99960,3142,0.14696692305197875,0.5556331471939644,0.8179061215295095,0.9001806684733514,0.8913165266106443,0.8784116699967023,0.894628620201354,10864,0,1672,10864,12536,0.8913165266106442,0.8784116699967023,0.894628620201354,0.05436497092061757,0.2200101120908627,48126360,0.000135040466050919,0.14732306546567375,119544,885245760,108808,0.048671650741776894,44440688,0.2200101120908627,0.07342383789624528,67041200,0.2200101120908627,0.0001260887276677465,115128,0.1469740271153546,0.00017287368240083312,157846,0.14732306546567375,larger_target_residual_discrepancy_dominates,913071312,111950,111950,True
woe_scorecard_platform_platt,w07_2012m07_m12,5,0,1,primary_oot,2228,2007,2007,0.02009686131110434,0.05306818145011754,0.02009686131110434,0.9756347262536247,pooled_15_issue_months,ALL,35138,33946,1192,0.015144652217942856,0.05307206061669813,0.051736983050309826,0.9008078994614004,0.8951864726330053,0.8648187147817178,0.8963799874779441,3558,83,1192,3641,4750,0.8951864726330053,0.8648187147817178,0.8963799874779441,0.007701110677312928,0.05180237525088852,582448,0.023524980693277665,0.03430831514967471,1779234,75631688,36161,0.006547612782552261,512596,0.05180237525088852,0.038732280304800776,3032252,0.05291956588089899,0.01689539975391207,1322698,0.03430831514967471,0.023298723790567542,1823998,0.03430831514967471,directional_discrepancies_not_robustly_ordered,78287464,37352,37353,True
woe_scorecard_platform_platt,w07_2012m07_m12,5,1,2,primary_oot,3329,2997,2997,0.05308488114755205,0.08297989159869684,0.05308488114755205,0.9468509414854399,pooled_15_issue_months,ALL,64651,62524,2127,0.05307332759163113,0.08298174820103316,0.08247319218805824,0.9002703514568939,0.8890506045678459,0.8598010858300722,0.8920511670353126,6937,42,2127,6979,9064,0.8890506045678459,0.8598010858300722,0.8920511670353126,0.021978616984883754,0.06375832621577265,4574682,0.008667888112520814,0.07518792091089936,1804155,208142396,65847,0.02115737264525769,4553557,0.06375832621577265,0.04715229115726425,10148266,0.08297989159869684,0.0008240051133154204,177345,0.054586557244957826,0.010411494758192379,2240795,0.07518792091089936,larger_target_residual_discrepancy_dominates,215223179,67973,67974,True
woe_scorecard_platform_platt,w07_2012m07_m12,5,2,3,primary_oot,5419,4878,4878,0.08299606167965831,0.11156880132940672,0.08299606167965831,0.9169524212188375,pooled_15_issue_months,ALL,83959,81210,2749,0.0829819287178798,0.11157037585234604,0.11144523824469009,0.900166082303008,0.8542667159216846,0.8262961683678939,0.858835860360414,11835,17,2749,11852,14584,0.8542667159216846,0.8262961683678939,0.858835860360414,0.04706508286197831,0.11155751405775301,20712260,0.02546759602223238,0.09786966807307168,11207703,440076990,86623,0.042412211668767644,19296446,0.11155751405775301,0.07514247286768616,34187858,0.11155751405775301,0.011002740748901244,5005959,0.09786966807307168,0.02794015262693543,12712038,0.09883711229795525,larger_target_residual_discrepancy_dominates,454973821,89372,89372,True
woe_scorecard_platform_platt,w07_2012m07_m12,5,3,4,primary_oot,7848,7065,7065,0.11157560549045502,0.14696566938092337,0.11157560549045502,0.8883968423229983,pooled_15_issue_months,ALL,90040,87174,2866,0.11157213318982084,0.14696663627732012,0.8637891842072416,0.9002293577981652,0.8739073576983963,0.8542980897378942,0.8779209240337628,10992,0,2127,10992,13119,0.8739073576983963,0.8542980897378942,0.8779209240337628,0.03745419632105609,0.14650476916872993,25623972,0.015427123186927842,0.12043099760766406,10554336,684141552,95020,0.03203093335796844,22634144,0.14650476916872993,0.0634280901771599,44820440,0.14650476916872993,0.008052905244061876,5690456,0.11569974817893514,0.01661124900429348,11738072,0.1209537948214259,larger_target_residual_discrepancy_dominates,706633920,97885,97886,True
woe_scorecard_platform_platt,w07_2012m07_m12,5,4,5,primary_oot,9587,8630,8630,0.14697568787595489,0.454135727406909,0.14697568787595489,0.8530027520887277,pooled_15_issue_months,ALL,103102,99960,3142,0.14696692305197875,0.5556331471939644,0.8155138243109352,0.9001773234588505,0.885874349739896,0.8724176058660356,0.8893522919051037,11408,0,1746,11408,13154,0.885874349739896,0.8724176058660356,0.8893522919051037,0.06145159638905108,0.2202705455271957,58890080,0.00043539685614519093,0.14732306546567375,417248,958316520,109539,0.05575509265128316,55110501,0.2202705455271957,0.0805363772044441,79605286,0.2202705455271957,0.00026954828164720685,266432,0.14732306546567375,0.000473230072495105,467759,0.14732306546567375,larger_target_residual_discrepancy_dominates,988438874,112681,112681,True
woe_scorecard_platform_platt,w08_2012m08_2013m01,5,0,1,primary_oot,2118,1908,1908,0.02009686131110434,0.05306818145011754,0.02009686131110434,0.9756347262536247,pooled_15_issue_months,ALL,35138,33946,1192,0.015144652217942856,0.05307206061669813,0.05178130863260558,0.9008498583569405,0.8972485712602368,0.8668108600375661,0.8984005919517332,3488,82,1192,3570,4680,0.8972485712602368,0.8668108600375661,0.8984005919517332,0.008027385826970537,0.05027865178487673,577150,0.02923350962287657,0.03430831514967471,2101820,71897628,36051,0.006722287641696135,500288,0.05027865178487673,0.0393273337324611,2926830,0.05291956588089899,0.022603928683510976,1682236,0.03430831514967471,0.029026843626567548,2160244,0.03444420559608657,directional_discrepancies_not_robustly_ordered,74422284,37242,37243,True
woe_scorecard_platform_platt,w08_2012m08_2013m01,5,1,2,primary_oot,3393,3055,3055,0.05308488114755205,0.08297989159869684,0.05308488114755205,0.9468509414854399,pooled_15_issue_months,ALL,64651,62524,2127,0.05307332759163113,0.08298174820103316,0.08232290853665362,0.9003831417624522,0.8834847418591261,0.8544183384634422,0.8864364046959831,7285,57,2127,7342,9412,0.8834847418591261,0.8544183384634422,0.8864364046959831,0.024664853482587474,0.0829366322327696,5232499,0.0031609058702654763,0.07518792091089936,670567,212143932,65911,0.021595982834548097,4737313,0.0829366322327696,0.05446477063365406,11947438,0.0829366322327696,0.00037541795916603036,82352,0.9465237837984775,0.00490451251593704,1075858,0.07518792091089936,larger_target_residual_discrepancy_dominates,219360843,68037,68038,True
woe_scorecard_platform_platt,w08_2012m08_2013m01,5,2,3,primary_oot,5636,5074,5074,0.08299606167965831,0.11156880132940672,0.08299606167965831,0.9169524212188375,pooled_15_issue_months,ALL,83959,81210,2749,0.0829819287178798,0.11157037585234604,0.11136772941139148,0.9002838892831796,0.8518285925378648,0.8239378744387141,0.8563822818280351,12033,25,2749,12058,14782,0.8518285925378648,0.8239378744387141,0.8563822818280351,0.05093823555347093,0.11156880132940672,23314408,0.023392025983158034,0.09783336454305792,10706520,457699560,86840,0.046284339619583996,21901422,0.11156880132940672,0.07902651139390242,37394786,0.11156880132940672,0.009046819558950125,4280891,0.0892176520386175,0.025598366724520167,12112966,0.09850352520566051,larger_target_residual_discrepancy_dominates,473192924,89589,89589,True
woe_scorecard_platform_platt,w08_2012m08_2013m01,5,3,4,primary_oot,8306,7477,7477,0.11157560549045502,0.14696566938092337,0.11157560549045502,0.8883968423229983,pooled_15_issue_months,ALL,90040,87174,2866,0.11157213318982084,0.14696663627732012,0.8623485518747436,0.9001926318324103,0.8671966412003579,0.8468014215904043,0.8714238116392714,11577,0,2217,11577,13794,0.8671966412003579,0.8468014215904043,0.8714238116392714,0.04404948886211458,0.1464855871592702,31894792,0.017330227411861764,0.12095649512772023,12548250,724067244,95478,0.03862710828790757,28888142,0.1464855871592702,0.07001315893206572,52360898,0.1464855871592702,0.009232988778939034,6905096,0.12095649512772023,0.0186843437322931,13973502,0.12095649512772023,larger_target_residual_discrepancy_dominates,747872240,98343,98344,True
woe_scorecard_platform_platt,w08_2012m08_2013m01,5,4,5,primary_oot,10676,9610,9610,0.14696741167621105,0.4564407916373942,0.14696741167621105,0.8529633911295045,pooled_15_issue_months,ALL,103102,99960,3142,0.14696692305197875,0.5556331471939644,0.8107571491152097,0.9001498688647434,0.8760404161664666,0.8615254796221218,0.8798180442668425,12391,0,1886,12391,14277,0.8760404161664666,0.8615254796221218,0.8798180442668425,0.05969432358930833,0.24702341540902176,63704168,0.00104831741613843,0.14768129425773696,1118736,1067172960,110628,0.05352067840234371,58911118,0.24702341540902176,0.08098923873028531,89146228,0.24865017931800984,0.0007802623539498281,858848,0.14732306546567375,0.0011057483922533428,1217116,0.14768129425773696,larger_target_residual_discrepancy_dominates,1100716952,113770,113770,True
woe_scorecard_borrower_platt,w01_2012m01_m06,5,0,1,primary_oot,1800,1621,1621,0.014322950260611988,0.05744044127110159,0.014322950260611988,0.9774606523208565,pooled_15_issue_months,ALL,39047,37814,1233,0.010873251873523948,0.05745919611907228,0.056278470506400696,0.9005555555555556,0.8884275665097583,0.8603733961635978,0.8905677772940302,4219,54,1233,4273,5452,0.8884275665097583,0.8603733961635978,0.8905677772940302,0.019670962547674878,0.05470281603781916,1338908,0.021763044845236626,0.038542282324812556,1481306,68065200,39589,0.017937556733623013,1260734,0.05470281603781916,0.04575019278760924,3215534,0.05470281603781916,0.013300452730754675,934817,0.025952552837173255,0.02223625089991264,1562866,0.04639794059827517,directional_discrepancies_not_robustly_ordered,70284600,40820,40822,True
woe_scorecard_borrower_platt,w01_2012m01_m06,5,1,2,primary_oot,2687,2420,2420,0.057467630658526475,0.08214167971508696,0.057467630658526475,0.9423534843872927,pooled_15_issue_months,ALL,58224,56371,1853,0.05746176647970872,0.08214382448605627,0.08191563265532555,0.9006326758466692,0.8804881942842951,0.8524663369057434,0.8839997251992305,6737,17,1853,6754,8590,0.8804881942842951,0.8524663369057434,0.8839997251992305,0.03869285965591466,0.07272509425012803,5860764,0.0027234109618439967,0.0584825058269757,412512,151468877,59038,0.03693988505616643,5779167,0.07272509425012803,0.05819566576699329,9104589,0.07845680853394349,0.0019120104708604312,299130,0.05757326188311239,0.002830949050587375,442896,0.05858137513297984,larger_target_residual_discrepancy_dominates,156447888,60891,60891,True
woe_scorecard_borrower_platt,w01_2012m01_m06,5,2,3,primary_oot,3101,2792,2792,0.08216412679183437,0.10773856583435955,0.08216412679183437,0.9178248283107502,pooled_15_issue_months,ALL,72677,70244,2433,0.08214407772292079,0.10774290982685271,0.8967211272446106,0.9003547242824895,0.8877911280678776,0.8639459526397623,0.8915475322316552,7882,0,2006,7882,9888,0.8877911280678776,0.8639459526397623,0.8915475322316552,0.03041733498864354,0.08912018009785051,6625706,0.0016892240234853914,0.08262263245964237,367958,217826644,73294,0.029381361946419663,6621718,0.08912018009785051,0.04500244500879985,10142263,0.10769161903340727,0.0011468758963122455,258473,0.08262263245964237,0.0017385348805851243,391816,0.08262263245964237,larger_target_residual_discrepancy_dominates,225371377,75721,75727,True
woe_scorecard_borrower_platt,w01_2012m01_m06,5,3,4,primary_oot,3484,3137,3137,0.10774307337686684,0.14456946546184873,0.10774307337686684,0.8922359133842077,pooled_15_issue_months,ALL,87156,84389,2767,0.10774333531054348,0.1445720605200189,0.8685932743510872,0.9004018369690011,0.8911469504319284,0.8726306852081326,0.8946027812198816,9186,0,1915,9186,11101,0.8911469504319284,0.8726306852081326,0.8946027812198816,0.02722674486811179,0.12564835476589606,8004970,0.0006911809736168078,0.8914677599206905,203215,294011276,87816,0.024700289315873106,7500280,0.12564835476589606,0.0494968600583648,15029796,0.13941881422318259,0.00018634519919914509,56584,0.8914677599206905,0.0008059238856923298,244720,0.8914677599206905,larger_target_residual_discrepancy_dominates,303651504,90579,90582,True
woe_scorecard_borrower_platt,w01_2012m01_m06,5,4,5,primary_oot,3876,3490,3490,0.14459696393970622,0.6173035753259409,0.14459696393970622,0.855171300293138,pooled_15_issue_months,ALL,119786,115996,3790,0.14457379589355265,0.6610262139333022,0.8157327967164133,0.9004127966976264,0.905169143763578,0.8924164760489539,0.9081695690648323,11000,0,1887,11000,12887,0.905169143763578,0.8924164760489539,0.9081695690648323,0.031662144785534224,0.1703423324824232,14235316,0.010285816054793676,0.8261901420504993,4624508,449600496,119791,0.02929921018247936,13603346,0.1703423324824232,0.05094658229260137,23654016,0.24778016185389906,0.0026496124831629133,1230190,0.1452607230427505,0.013372424201211803,6208690,0.790216405411212,larger_target_residual_discrepancy_dominates,464290536,123578,123580,True
woe_scorecard_borrower_platt,w02_2012m02_m07,5,0,1,primary_oot,1857,1673,1673,0.014322950260611988,0.05744044127110159,0.014322950260611988,0.9774606523208565,pooled_15_issue_months,ALL,39047,37814,1233,0.010873251873523948,0.05745919611907228,0.05626523794205311,0.9009154550350027,0.8876606547839424,0.8596307014623402,0.8898250825927728,4248,54,1233,4302,5481,0.8876606547839425,0.8596307014623402,0.8898250825927728,0.026731159424190607,0.053125208374103255,1877078,0.024185410668248652,0.038542282324812556,1698314,70220598,39646,0.025111432821821027,1820837,0.053125208374103255,0.05084964574470883,3687122,0.053125208374103255,0.014648612784954254,1062175,0.026880805225868803,0.024576763799240106,1782068,0.038542282324812556,larger_target_residual_discrepancy_dominates,72510279,40877,40879,True
woe_scorecard_borrower_platt,w02_2012m02_m07,5,1,2,primary_oot,2863,2578,2578,0.05746464644837779,0.08214167971508696,0.05746464644837779,0.9423948502023032,pooled_15_issue_months,ALL,58224,56371,1853,0.05746176647970872,0.08214382448605627,0.08201216472743536,0.9004540691582257,0.8839651593904667,0.8558326463314098,0.8874862599615279,6541,10,1853,6551,8394,0.8839651593904667,0.8558326463314098,0.8874862599615279,0.03482408436355044,0.07339497022109731,5620265,0.0027431781735558335,0.05861938605330643,442722,161390173,59214,0.03276771214777774,5462224,0.07339497022109731,0.05443902345616054,9074730,0.07903576401770512,0.00218492647231735,364217,0.05796998068315572,0.0029203220784037405,486804,0.05861938605330643,larger_target_residual_discrepancy_dominates,166695312,61067,61067,True
woe_scorecard_borrower_platt,w02_2012m02_m07,5,2,3,primary_oot,3436,3094,3094,0.08215383165415745,0.10773856583435955,0.08215383165415745,0.9178150816293603,pooled_15_issue_months,ALL,72677,70244,2433,0.08214407772292079,0.10774290982685271,0.896869508626507,0.90046565774156,0.8887449461875747,0.8649779159844242,0.8924694194862198,7815,0,1998,7815,9813,0.8887449461875747,0.8649779159844242,0.8924694194862198,0.0307429469696814,0.08911199183845311,7420068,0.0015087936617938244,0.9170635938199538,364160,241358384,73628,0.029696965745848885,7415872,0.08911199183845311,0.04679919729670294,11686610,0.10770653379123926,0.0010073756266324103,251560,0.9176101839260807,0.0016336576418635644,407954,0.9170635938199538,larger_target_residual_discrepancy_dominates,249718172,76055,76061,True
woe_scorecard_borrower_platt,w02_2012m02_m07,5,3,4,primary_oot,3989,3591,3591,0.10774307337686684,0.14456946546184873,0.10774307337686684,0.8922359133842077,pooled_15_issue_months,ALL,87156,84389,2767,0.10774333531054348,0.1445720605200189,0.8699044158877978,0.9002256204562546,0.8961120525186932,0.8785052090504383,0.8994102528798935,8767,0,1822,8767,10589,0.8961120525186932,0.8785052090504383,0.8994102528798935,0.02169739906833163,0.1259224063406044,7303946,0.0007728151419829147,0.8902443489989098,260151,336627721,88322,0.019373792293854684,6735595,0.11810690063204259,0.042652550261532585,14828811,0.13941881422318259,0.0004336210917164798,150755,0.891943760335408,0.0021382836717168457,743407,0.8815081720693471,larger_target_residual_discrepancy_dominates,347665284,91085,91088,True
woe_scorecard_borrower_platt,w02_2012m02_m07,5,4,5,primary_oot,4529,4077,4077,0.14458337928007758,0.5357958794822116,0.14458337928007758,0.8552747686165943,pooled_15_issue_months,ALL,119786,115996,3790,0.14457379589355265,0.6610262139333022,0.8151935626412361,0.900198719364098,0.9042122142142832,0.8913729484246907,0.9072429165344865,11111,0,1901,11111,13012,0.9042122142142832,0.8913729484246907,0.9072429165344865,0.029023293918107484,0.2127217183629136,15247268,0.008477055090051871,0.7897531371159638,4453386,525345884,120444,0.025443032936225782,13803120,0.17036909775408596,0.04937007207270423,26783797,0.24724467153004256,0.0009299870262120535,504528,0.1452607230427505,0.012852892655993865,6972833,0.7495846688562352,larger_target_residual_discrepancy_dominates,542510794,124231,124233,True
woe_scorecard_borrower_platt,w03_2012m03_m08,5,0,1,primary_oot,2047,1844,1844,0.01561617305214018,0.05744044127110159,0.01561617305214018,0.9774606523208565,pooled_15_issue_months,ALL,39047,37814,1233,0.010873251873523948,0.05745919611907228,0.056151779714208136,0.9008304836345872,0.8833236367482943,0.8554306348759187,0.885522575357902,4412,58,1233,4470,5645,0.8833236367482943,0.8554306348759187,0.885522575357902,0.032496061184887466,0.053125208374103255,2515366,0.01602101759030375,0.0377782060963819,1240111,77405258,39835,0.030876334582517886,2467921,0.053125208374103255,0.05661454750540569,4525156,0.053125208374103255,0.01291893180126429,1032600,0.026880805225868803,0.0161214406613232,1288574,0.03777870691565903,larger_target_residual_discrepancy_dominates,79929209,41066,41068,True
woe_scorecard_borrower_platt,w03_2012m03_m08,5,1,2,primary_oot,3126,2815,2815,0.05746464644837779,0.08213118401087623,0.05746464644837779,0.9424871910838488,pooled_15_issue_months,ALL,58224,56371,1853,0.05746176647970872,0.08214382448605627,0.08188511978961184,0.900511836212412,0.8792641606499796,0.851281258587524,0.8827974718329211,6806,18,1853,6824,8659,0.8792641606499796,0.851281258587524,0.8827974718329211,0.027869751208271707,0.07846881823766919,4911089,0.0016468619098318263,0.057566227478406944,290203,176215746,59477,0.02504296728921436,4558026,0.07846881823766919,0.05269400354129053,9590742,0.08213118401087623,0.0015435456367070535,280938,0.057566227478406944,0.0017324711656985345,315324,0.057566227478406944,larger_target_residual_discrepancy_dominates,182008224,61330,61330,True
woe_scorecard_borrower_platt,w03_2012m03_m08,5,2,3,primary_oot,3850,3466,3466,0.08215383165415745,0.10773856583435955,0.08215383165415745,0.9178150816293603,pooled_15_issue_months,ALL,72677,70244,2433,0.08214407772292079,0.10774290982685271,0.896512264438827,0.9002597402597402,0.8868800182221969,0.8626938371149057,0.8906669235108768,7946,0,2033,7946,9979,0.886880018222197,0.8626938371149057,0.8906669235108768,0.020485779808711305,0.10596332453313394,5540162,0.0009791398738497423,0.08261785209996232,264798,270439400,74042,0.017259066043688414,4829198,0.08911199183845311,0.04739015487312748,13260071,0.10596332453313394,0.0005141732794222578,143869,0.08218516732288453,0.0010199336005299378,285384,0.08261785209996232,larger_target_residual_discrepancy_dominates,279806450,76469,76475,True
woe_scorecard_borrower_platt,w03_2012m03_m08,5,3,4,primary_oot,4669,4203,4203,0.10774307337686684,0.14456946546184873,0.10774307337686684,0.8921651375376292,pooled_15_issue_months,ALL,87156,84389,2767,0.10774333531054348,0.1445720605200189,0.8696102851887344,0.9001927607624759,0.894832264868644,0.8770824728073798,0.8981710955069071,8875,0,1838,8875,10713,0.894832264868644,0.8770824728073798,0.8981710955069071,0.017501885176201923,0.1339584322046734,6895957,0.002736536807240971,0.110034975227547,1078229,394012241,89001,0.013686543954867042,5569484,0.1339584322046734,0.040831286231355714,16615531,0.13998015058846253,0.0010133871126237397,412379,0.10807679777261105,0.0028790088541811192,1171559,0.110034975227547,larger_target_residual_discrepancy_dominates,406931364,91764,91767,True
woe_scorecard_borrower_platt,w03_2012m03_m08,5,4,5,primary_oot,5357,4823,4823,0.14458337928007758,0.5357958794822116,0.14458337928007758,0.8554027956357682,pooled_15_issue_months,ALL,119786,115996,3790,0.14457379589355265,0.6610262139333022,0.8157350170065134,0.9003173417957813,0.905169143763578,0.8924164760489539,0.9081695690648323,11000,0,1887,11000,12887,0.905169143763578,0.8924164760489539,0.9081695690648323,0.03236271341432583,0.21646167118478737,20109885,0.009545873830863336,0.7906016180283406,5931716,621390572,121271,0.027822812857030792,17853721,0.21646167118478737,0.05160084796980725,33111934,0.24626336025475357,0.0006181782064892708,396681,0.8548332953340274,0.014344246181217185,9204611,0.7495846688562352,larger_target_residual_discrepancy_dominates,641693602,125058,125060,True
woe_scorecard_borrower_platt,w04_2012m04_m09,5,0,1,primary_oot,2138,1926,1926,0.015370909569212528,0.05744044127110159,0.015370909569212528,0.9774606523208565,pooled_15_issue_months,ALL,39047,37814,1233,0.010873251873523948,0.05745919611907228,0.05598548398560349,0.9008419083255379,0.8764478764478765,0.848771992726714,0.8786078315875739,4672,68,1233,4740,5905,0.8764478764478765,0.848771992726714,0.8786078315875739,0.03875663771610566,0.04963309134560011,3133332,0.01139858763165656,0.0377782060963819,921534,80846332,39926,0.03695645814859898,3085217,0.04963309134560011,0.06120396318815901,5109459,0.05382422277161192,0.00531428831671352,443650,0.025572514993036734,0.011499010702676008,959966,0.03777870691565903,larger_target_residual_discrepancy_dominates,83482486,41157,41159,True
woe_scorecard_borrower_platt,w04_2012m04_m09,5,1,2,primary_oot,3345,3012,3012,0.05746464644837779,0.08213338184836397,0.05746464644837779,0.9424871910838488,pooled_15_issue_months,ALL,58224,56371,1853,0.05746176647970872,0.08214382448605627,0.08171461238775335,0.9004484304932735,0.8728424189742953,0.8450638911788952,0.8763740038472108,7168,30,1853,7198,9021,0.8728424189742953,0.8450638911788952,0.8763740038472108,0.03201718361742841,0.08213338184836397,6037192,0.0017515817627076055,0.057566227478406944,330280,188560995,59696,0.02853031188038896,5556543,0.08213338184836397,0.0603213258952282,11748138,0.08213338184836397,0.0016482654895828327,321015,0.057566227478406944,0.001837191018574314,357810,0.057566227478406944,larger_target_residual_discrepancy_dominates,194759280,61549,61549,True
woe_scorecard_borrower_platt,w04_2012m04_m09,5,2,3,primary_oot,4375,3939,3939,0.08215383165415745,0.10773643237076942,0.08215383165415745,0.9178150816293603,pooled_15_issue_months,ALL,72677,70244,2433,0.08214407772292079,0.10774290982685271,0.8958041623819291,0.9003428571428571,0.8832071066567964,0.8582770339997523,0.8871169696052397,8204,0,2096,8204,10300,0.8832071066567964,0.8582770339997523,0.8871169696052397,0.02328188599738056,0.1029863890993595,7154931,0.0016845119461143605,0.08239570291074078,517680,307317500,74565,0.01970101289659334,6264171,0.10297907235555295,0.04990489818944488,15867855,0.10773247299738298,0.0013985639001531237,444690,0.08239570291074078,0.001742551681707123,554065,0.08239570291074078,larger_target_residual_discrepancy_dominates,317961875,76992,76998,True
woe_scorecard_borrower_platt,w04_2012m04_m09,5,3,4,primary_oot,5417,4877,4877,0.10774307337686684,0.14457222952263932,0.10774307337686684,0.8921651375376292,pooled_15_issue_months,ALL,87156,84389,2767,0.10774333531054348,0.1445720605200189,0.8691427808239305,0.9003138268414251,0.8930547820213535,0.8749254210840333,0.8964500435999816,9025,0,1876,9025,10901,0.8930547820213535,0.8749254210840333,0.8964500435999816,0.01862014510792018,0.1339584322046734,8511924,0.003061569006717494,0.10958795854626162,1399551,457135213,89747,0.015944343373550475,7527708,0.12172402730725153,0.04231219086461623,19976603,0.13998015058846253,0.0018552263886780333,875897,0.10806710509999826,0.0031169731636548777,1471598,0.10958795854626162,larger_target_residual_discrepancy_dominates,472124052,92510,92513,True
woe_scorecard_borrower_platt,w04_2012m04_m09,5,4,5,primary_oot,6492,5844,5844,0.14458337928007758,0.5357958794822116,0.14458337928007758,0.8554027956357682,pooled_15_issue_months,ALL,119786,115996,3790,0.14457379589355265,0.6610262139333022,0.8160345634197681,0.9001848428835489,0.9057208869271354,0.8930425926235119,0.9087038552084551,10936,0,1876,10936,12812,0.9057208869271354,0.8930425926235119,0.9087038552084551,0.03660663867623965,0.21709258622018515,27566484,0.010057706538715286,0.7734579209452744,7573916,753046032,122404,0.03205138967325989,24924786,0.21709258622018515,0.055187548005485525,42916636,0.24549811961385773,0.000513821943237673,399574,0.14461540575655102,0.014989169070547962,11656338,0.7700725327666473,larger_target_residual_discrepancy_dominates,777650712,126191,126193,True
woe_scorecard_borrower_platt,w05_2012m05_m10,5,0,1,primary_oot,2207,1988,1988,0.015370909569212528,0.05744044127110159,0.015370909569212528,0.9774606523208565,pooled_15_issue_months,ALL,39047,37814,1233,0.010873251873523948,0.05745919611907228,0.05593657673136186,0.9007702763932941,0.8739091341831068,0.8463134171639306,0.876098035700566,4768,70,1233,4838,6001,0.8739091341831068,0.8463134171639306,0.876098035700566,0.04104911098846957,0.049625324929722874,3425774,0.0052155940642760286,0.025999377435622553,435270,83455498,39995,0.039238075513402235,3381409,0.049625324929722874,0.06118598444366576,5272808,0.049625324929722874,0.0031479612088780953,271281,0.025999377435622553,0.005277109090552741,454764,0.037561858525366865,larger_target_residual_discrepancy_dominates,86176729,41226,41228,True
woe_scorecard_borrower_platt,w05_2012m05_m10,5,1,2,primary_oot,3562,3207,3207,0.05746464644837779,0.08213338184836397,0.05746464644837779,0.9424871910838488,pooled_15_issue_months,ALL,58224,56371,1853,0.05746176647970872,0.08214382448605627,0.08163832373006727,0.9003368893879843,0.8698976424047826,0.842212833195933,0.8734370706237977,7334,35,1853,7369,9187,0.8698976424047826,0.842212833195933,0.8734370706237977,0.03400520401302628,0.08201518252354086,6828024,0.014486878166007583,0.06580949204753557,2908871,200793502,59912,0.03051278926792674,6328166,0.08213338184836397,0.06230380328276598,12921428,0.08213338184836397,0.006113285267114525,1267858,0.06576584125183035,0.015461159588270991,3206550,0.06580949204753557,larger_target_residual_discrepancy_dominates,207393888,61765,61765,True
woe_scorecard_borrower_platt,w05_2012m05_m10,5,2,3,primary_oot,4834,4352,4352,0.08215383165415745,0.10773643237076942,0.08215383165415745,0.9178380642402053,pooled_15_issue_months,ALL,72677,70244,2433,0.08214407772292079,0.10774290982685271,0.8946440723920189,0.9002896152254861,0.8758328113433176,0.8495947823933294,0.8799895427714408,8722,0,2209,8722,10931,0.8758328113433176,0.8495947823933294,0.8799895427714408,0.027692101416006344,0.10301211240872968,9403116,0.00199578574000475,0.08436262612463223,677688,339559496,75023,0.024106487254329036,8469106,0.10301211240872968,0.0558095169922535,19607034,0.10765565571690018,0.0010153261201424847,356705,0.08239570291074078,0.0025736718930626495,904184,0.08436262612463223,larger_target_residual_discrepancy_dominates,351320618,77450,77456,True
woe_scorecard_borrower_platt,w05_2012m05_m10,5,3,4,primary_oot,6197,5579,5579,0.10774307337686684,0.14457222952263932,0.10774307337686684,0.8922409042357741,pooled_15_issue_months,ALL,87156,84389,2767,0.10774333531054348,0.1445720605200189,0.8690455913227577,0.9002743262869131,0.8927229852231926,0.8745353159851301,0.8961287805773556,9053,0,1882,9053,10935,0.8927229852231926,0.8745353159851301,0.8961287805773556,0.02143427661896921,0.1339584322046734,11209240,0.004247192530809602,0.110034975227547,2221106,522958633,90523,0.017683972663337703,9551215,0.13165539488571804,0.04313643721892587,23298237,0.14021124547295094,0.002324402289439135,1255423,0.110034975227547,0.0043896645777497505,2370883,0.110034975227547,larger_target_residual_discrepancy_dominates,540105732,93286,93289,True
woe_scorecard_borrower_platt,w05_2012m05_m10,5,4,5,primary_oot,7470,6724,6724,0.14458337928007758,0.5357958794822116,0.14458337928007758,0.8554027956357682,pooled_15_issue_months,ALL,119786,115996,3790,0.14457379589355265,0.6610262139333022,0.8153107438061385,0.9001338688085676,0.9044018759267561,0.8915816539495434,0.9074265773963568,11089,0,1898,11089,12987,0.9044018759267561,0.8915816539495434,0.9074265773963568,0.04017811766855461,0.21627694173756193,34813942,0.007649596743238111,0.7977855847364194,6628300,866490120,123382,0.035635439648721165,31886642,0.21627694173756193,0.05872090144872591,52543546,0.24984707862765923,0.000350030736428648,313208,0.1446135443689099,0.011579608356008197,10361450,0.7977855847364194,larger_target_residual_discrepancy_dominates,894801420,127169,127171,True
woe_scorecard_borrower_platt,w06_2012m06_m11,5,0,1,primary_oot,2184,1967,1967,0.015370909569212528,0.05744044127110159,0.015370909569212528,0.9774606523208565,pooled_15_issue_months,ALL,39047,37814,1233,0.010873251873523948,0.05745919611907228,0.05617618516531846,0.9006410256410257,0.8840641032421854,0.856147719415064,0.8862652700591594,4384,57,1233,4441,5617,0.8840641032421854,0.856147719415064,0.8862652700591594,0.028966344034837187,0.049625324929722874,2392208,0.013235330016151934,0.037565952703205785,1093050,82585776,39971,0.02715530855976985,2315768,0.049625324929722874,0.05036618310365333,4295160,0.05738152199460088,0.0051632854216919575,440318,0.02172848671020946,0.013354116495843133,1138821,0.03756623002694693,larger_target_residual_discrepancy_dominates,85278648,41202,41204,True
woe_scorecard_borrower_platt,w06_2012m06_m11,5,1,2,primary_oot,3788,3411,3411,0.05746464644837779,0.08213338184836397,0.05746464644837779,0.9424871910838488,pooled_15_issue_months,ALL,58224,56371,1853,0.05746176647970872,0.08214382448605627,0.08177442770429996,0.9004751847940866,0.8750776108282627,0.8472279472382522,0.8786411101951086,7042,24,1853,7066,8895,0.8750776108282627,0.8472279472382522,0.8786411101951086,0.03197251419483199,0.08213338184836397,6827198,0.022479996894911234,0.06580949204753557,4800229,213533348,60138,0.028485642457792545,6282580,0.08213338184836397,0.060276656472631786,13294168,0.08213338184836397,0.014093877108051257,3108440,0.06580949204753557,0.023454278317174643,5172900,0.06580949204753557,larger_target_residual_discrepancy_dominates,220552512,61991,61991,True
woe_scorecard_borrower_platt,w06_2012m06_m11,5,2,3,primary_oot,5307,4778,4778,0.08215350574546776,0.10773643237076942,0.08215350574546776,0.9178380642402053,pooled_15_issue_months,ALL,72677,70244,2433,0.08214407772292079,0.10774290982685271,0.8947444535675064,0.90032033163746,0.8765730880929332,0.8504478720915833,0.8807050373570731,8670,0,2199,8670,10869,0.8765730880929332,0.8504478720915833,0.8807050373570731,0.029101424889228615,0.10663627526048891,10848572,0.00780810579381073,0.0924669336631143,2910744,372784908,75497,0.02482481584454987,9574853,0.10663627526048891,0.05675378895184568,21889757,0.10674538555255114,0.0024143651330261486,931213,0.08239570291074078,0.009458065587102205,3647946,0.0924669336631143,larger_target_residual_discrepancy_dominates,385696839,77924,77930,True
woe_scorecard_borrower_platt,w06_2012m06_m11,5,3,4,primary_oot,6917,6227,6227,0.10775017566455293,0.14457222952263932,0.10775017566455293,0.8922409042357741,pooled_15_issue_months,ALL,87156,84389,2767,0.10774333531054348,0.1445720605200189,0.8678973635862652,0.9002457712881307,0.8879356314211568,0.8690279498829685,0.8914934141080362,9457,0,1958,9457,11415,0.8879356314211568,0.8690279498829685,0.8914934141080362,0.021836944261199316,0.13256128521385385,12746633,0.004463197670347772,0.1115548456651902,2605252,583718713,91243,0.018203251932347085,10973977,0.13256128521385385,0.046240379319010906,27876385,0.14408005088078768,0.0024727578823148903,1490722,0.10965309023492428,0.004752689278171904,2865197,0.1115548456651902,larger_target_residual_discrepancy_dominates,602858052,94006,94009,True
woe_scorecard_borrower_platt,w06_2012m06_m11,5,4,5,primary_oot,8489,7641,7641,0.14458337928007758,0.5357958794822116,0.14458337928007758,0.8554027956357682,pooled_15_issue_months,ALL,119786,115996,3790,0.14457379589355265,0.6610262139333022,0.8127864808444741,0.9001060195547179,0.8996517121280044,0.8863890604912094,0.9028267076286043,11640,0,1969,11640,13609,0.8996517121280044,0.8863890604912094,0.9028267076286043,0.04624903570163445,0.21712380900413003,45540965,0.0004206968502669252,0.7977855847364194,414256,984690044,124398,0.041690075498580705,42393110,0.21712380900413003,0.0649401060036627,66035214,0.24953178216240737,0.0002643698378376216,268828,0.1446135443689099,0.004510945331991972,4587015,0.7912600392226975,larger_target_residual_discrepancy_dominates,1016863354,128185,128187,True
woe_scorecard_borrower_platt,w07_2012m07_m12,5,0,1,primary_oot,2162,1947,1947,0.015370909569212528,0.057434641369397,0.015370909569212528,0.9760770826326172,pooled_15_issue_months,ALL,39047,37814,1233,0.010873251873523948,0.05745919611907228,0.05622695487793511,0.900555041628122,0.8859946051726874,0.8580172612492637,0.8881348118933593,4311,57,1233,4368,5544,0.8859946051726874,0.8580172612492637,0.8881348118933593,0.018537349205299987,0.05738152199460088,1515500,0.022619211117937563,0.03716206665044255,1849208,81753868,39948,0.017046429518144918,1439053,0.053742085341247914,0.04806875804952152,4057946,0.05738152199460088,0.013901082276922043,1173524,0.03716206665044255,0.022634147557225266,1910766,0.03716206665044255,directional_discrepancies_not_robustly_ordered,84419614,41179,41181,True
woe_scorecard_borrower_platt,w07_2012m07_m12,5,1,2,primary_oot,3889,3501,3501,0.05746464644837779,0.08213338184836397,0.05746464644837779,0.9424871910838488,pooled_15_issue_months,ALL,58224,56371,1853,0.05746176647970872,0.08214382448605627,0.08173580015590597,0.9002314219593726,0.8736052225435064,0.8458024182467712,0.8771812311074471,7125,26,1853,7151,8978,0.8736052225435065,0.8458024182467712,0.8771812311074471,0.03582558938648834,0.08206107588717236,7853930,0.018748180622919133,0.06593930129269285,4110104,219226819,60238,0.03233506424607395,7321730,0.08206107588717236,0.06402302797237239,14496935,0.08206107588717236,0.010229951503211085,2316400,0.06593930129269285,0.019693403000875277,4459239,0.06593930129269285,larger_target_residual_discrepancy_dominates,226433136,62091,62091,True
woe_scorecard_borrower_platt,w07_2012m07_m12,5,2,3,primary_oot,5630,5068,5068,0.08214966216559666,0.10773643237076942,0.08214966216559666,0.9178380642402053,pooled_15_issue_months,ALL,72677,70244,2433,0.08214407772292079,0.10774290982685271,0.893511369618807,0.900177619893428,0.8692699732361483,0.8419169751090441,0.873646408079585,9183,0,2306,9183,11489,0.8692699732361483,0.8419169751090441,0.873646408079585,0.034160616285704146,0.10715602998479004,13509626,0.004450444899347547,0.09244030715828021,1760034,395473720,75820,0.029706278914678103,12154963,0.10715602998479004,0.062385118162308024,25526213,0.10715602998479004,0.001646253425611182,673600,0.08241021148460567,0.006077297512722721,2486657,0.09244030715828021,larger_target_residual_discrepancy_dominates,409171510,78247,78253,True
woe_scorecard_borrower_platt,w07_2012m07_m12,5,3,4,primary_oot,7379,6642,6642,0.10775017566455293,0.14457222952263932,0.10775017566455293,0.8922409042357741,pooled_15_issue_months,ALL,87156,84389,2767,0.10774333531054348,0.1445720605200189,0.8664332183519763,0.900121967746307,0.8822121366528813,0.862384689522236,0.885951626967736,9940,0,2054,9940,11994,0.8822121366528813,0.862384689522236,0.885951626967736,0.026944382079137384,0.8596966706233644,16778440,0.004377740238883128,0.10957656472095435,2726047,622706431,91700,0.022281305373641994,14329645,0.8596966706233644,0.05245203645945024,33733170,0.14430906852822908,0.0032805673450371146,2109812,0.10835501350465937,0.004406623689333103,2834006,0.10957656472095435,larger_target_residual_discrepancy_dominates,643124124,94463,94466,True
woe_scorecard_borrower_platt,w07_2012m07_m12,5,4,5,primary_oot,9351,8417,8417,0.14458337928007758,0.5636253521793838,0.14458337928007758,0.8554027956357682,pooled_15_issue_months,ALL,119786,115996,3790,0.14457379589355265,0.6610262139333022,0.8076722391544042,0.900117634477596,0.8909789992758371,0.8766717312540697,0.8944283973085335,12646,0,2127,12646,14773,0.8909789992758371,0.8766717312540697,0.8944283973085335,0.05401571416276015,0.2170592215699581,58589689,0.0002565838406200098,0.14464892100976562,278311,1084678596,125260,0.049454737075114365,55395185,0.2170592215699581,0.07296368271394363,81727999,0.23365920687150726,0.000221397034814392,247991,0.14464892100976562,0.0002798345817731351,313448,0.14464892100976562,larger_target_residual_discrepancy_dominates,1120118886,129047,129049,True
woe_scorecard_borrower_platt,w08_2012m08_2013m01,5,0,1,primary_oot,2101,1892,1892,0.015370909569212528,0.057434641369397,0.015370909569212528,0.9760770826326172,pooled_15_issue_months,ALL,39047,37814,1233,0.010873251873523948,0.05745919611907228,0.05624822713342872,0.900523560209424,0.886946633521976,0.8589392270853075,0.8890823878915154,4275,56,1233,4331,5508,0.886946633521976,0.8589392270853075,0.8890823878915154,0.019759673385148533,0.05730726414057173,1569851,0.029591849501481575,0.037165723496603964,2350990,79447214,39887,0.017771380289124714,1457924,0.05730726414057173,0.04919504920094892,4035851,0.05730726414057173,0.02087205052084134,1712296,0.037165723496603964,0.02960511580114456,2428737,0.037165723496603964,directional_discrepancies_not_robustly_ordered,82037747,41118,41120,True
woe_scorecard_borrower_platt,w08_2012m08_2013m01,5,1,2,primary_oot,3866,3481,3481,0.057491033867216164,0.08213338184836397,0.057491033867216164,0.9424871910838488,pooled_15_issue_months,ALL,58224,56371,1853,0.05746176647970872,0.08214382448605627,0.08163905865680085,0.9004138644593895,0.8699331216405599,0.8422471832921132,0.8734714207199781,7332,35,1853,7367,9185,0.8699331216405599,0.8422471832921132,0.8734714207199781,0.03924051657510329,0.08206107588717236,8551697,0.024031015129306076,0.06592562290247411,5237086,217930286,60215,0.0357499914346889,8047108,0.08206107588717236,0.06743795516098733,15179878,0.08206107588717236,0.015572233152175227,3505216,0.06571266169036846,0.024991480891821613,5625432,0.06592562290247411,larger_target_residual_discrepancy_dominates,225093984,62068,62068,True
woe_scorecard_borrower_platt,w08_2012m08_2013m01,5,2,3,primary_oot,5786,5209,5209,0.08214966216559666,0.10773643237076942,0.08214966216559666,0.9178416179837742,pooled_15_issue_months,ALL,72677,70244,2433,0.08214407772292079,0.10774290982685271,0.8925654416058487,0.9002765295540961,0.8644154660896304,0.8358765496649558,0.8689544147391884,9524,0,2404,9524,11928,0.8644154660896304,0.8358765496649558,0.8689544147391884,0.037296930497935664,0.10715602998479004,15158658,0.008710573678952234,0.09227080862723445,3540254,406431784,75978,0.032842593126909625,13810610,0.10715602998479004,0.06552143237453954,27552360,0.10715602998479004,0.00531266239689326,2234023,0.08366332265569192,0.010326016185684551,4342184,0.09227080862723445,larger_target_residual_discrepancy_dominates,420509122,78405,78411,True
woe_scorecard_borrower_platt,w08_2012m08_2013m01,5,3,4,primary_oot,7886,7099,7099,0.10775017566455293,0.14457222952263932,0.10775017566455293,0.8922409042357741,pooled_15_issue_months,ALL,87156,84389,2767,0.10774333531054348,0.1445720605200189,0.864106904988743,0.9002028911995942,0.8720923343089739,0.850784799669558,0.8761531047776401,10794,0,2211,10794,13005,0.8720923343089739,0.850784799669558,0.8761531047776401,0.03513019713993288,0.14350159997994288,23378853,0.0034400145910770505,0.10957656472095435,2289301,665491654,92201,0.030078647692768492,20673422,0.14350159997994288,0.06108052937618673,41981394,0.14350159997994288,0.0025038897315335946,1720954,0.10836756567535173,0.0034688980415270255,2384216,0.10957656472095435,larger_target_residual_discrepancy_dominates,687312216,94964,94967,True
woe_scorecard_borrower_platt,w08_2012m08_2013m01,5,4,5,primary_oot,10490,9442,9442,0.14458558390413417,0.5753073332505431,0.14458558390413417,0.8554049408171555,pooled_15_issue_months,ALL,119786,115996,3790,0.14457379589355265,0.6610262139333022,0.8011946341431034,0.900095328884652,0.8806338149591365,0.8651845791661796,0.8844105321156062,13846,0,2303,13846,16149,0.8806338149591365,0.8651845791661796,0.8844105321156062,0.05125830084341688,0.24980758981519738,62371000,0.0007299502224707725,0.14479228407894507,888202,1216798040,126396,0.04554626229932098,57231390,0.24980758981519738,0.0733128989468779,92121700,0.26915128914851694,0.0006374825700048468,801032,0.14479228407894507,0.0008614854736895987,1082504,0.14713574743341992,larger_target_residual_discrepancy_dominates,1256555140,130183,130185,True
