ruler,coordinate,ruler_semantics,window_cells,active_months_per_window_min,active_months_per_window_max,expected_objective_difference_usd_min,expected_objective_difference_usd_max,payoff_bound_usd_lower_min,payoff_bound_usd_upper_max,default_bound_pp_lower_min,default_bound_pp_upper_max,miscoverage_bound_pp_lower_min,miscoverage_bound_pp_upper_max,payoff_direction_pattern,default_direction_pattern,miscoverage_direction_pattern
objective_matched,0.25,common_plugin_objective_floor,8,4,4,0.0,0.0,5603.660798294787,5603.660798333496,-0.006789927307658072,-0.006789927307173987,-0.006789927307658072,-0.006789927307173987,gamma_1_higher:8,gamma_1_lower:8,gamma_1_lower:8
objective_matched,0.5,common_plugin_objective_floor,8,15,15,0.0,4.656612873077393e-10,-82616.17453934051,-27958.36861160415,0.457176922370002,1.0972986534287477,1.0153517160736112,1.9321319867620808,gamma_1_lower:8,gamma_1_higher:8,gamma_1_higher:8
objective_matched,0.75,common_plugin_objective_floor,8,15,15,0.0,4.656612873077393e-10,-158470.2519098305,72564.81248965129,-0.22641652851544558,2.2453244834663084,1.4325658226326694,3.935249561651806,gamma_1_lower:1;crosses_zero:7,gamma_1_higher:1;crosses_zero:7,gamma_1_higher:8
normalized_score,0.25,common_relative_score_relaxation,8,15,15,425196.4593238123,557294.0146438954,-598986.3403958206,-201873.243254245,8.69168590520043,13.014779320969442,8.599788871869041,13.343756348713647,gamma_1_lower:8,gamma_1_higher:8,gamma_1_higher:8
normalized_score,0.5,common_relative_score_relaxation,8,15,15,152030.9877972738,226847.9705495569,-243217.56448523604,-94767.02415282579,3.6160187470494085,6.371699817357987,2.501638156350509,5.02215906991543,gamma_1_lower:8,gamma_1_higher:8,gamma_1_higher:8
normalized_score,0.75,common_relative_score_relaxation,8,15,15,28263.397028705105,51201.887608815916,-132157.56706879055,-31335.210604134496,1.8273221311424244,2.369689457397012,0.7328943604051414,1.6623605535566646,gamma_1_lower:8,gamma_1_higher:8,gamma_1_higher:8
