learner,learner_label,window,window_id,taxonomy_groups,role,score_stratum,candidate_stratum_rows,resolved_rows,unresolved_rows,resolved_covered_rows,coverage_resolved,coverage_lower,coverage_upper,baseline_resolved_covered_rows,baseline_coverage_resolved,baseline_coverage_lower,baseline_coverage_upper,resolved_y0_rows,resolved_y1_rows,coverage_resolved_gap_y0_minus_y1,conditional_gap_defined,coverage_gap_y0_minus_y1_lower,coverage_gap_y0_minus_y1_upper,gap_lower_unresolved_y1_rows,gap_upper_unresolved_y1_rows,average_set_size,singleton_share,set_empty_count,set_empty_share,set_zero_only_count,set_zero_only_share,set_one_only_count,set_one_only_share,set_both_count,set_both_share,candidate_rows,baseline_average_set_size,baseline_singleton_share,baseline_set_empty_count,baseline_set_empty_share,baseline_set_zero_only_count,baseline_set_zero_only_share,baseline_set_one_only_count,baseline_set_one_only_share,baseline_set_both_count,baseline_set_both_share,baseline_candidate_rows,baseline_coverage_resolved_gap_y0_minus_y1,baseline_coverage_gap_y0_minus_y1_lower,baseline_coverage_gap_y0_minus_y1_upper,baseline_gap_lower_unresolved_y1_rows,baseline_gap_upper_unresolved_y1_rows,resolved_coverage_delta_label_mondrian_minus_baseline,average_set_size_delta_label_mondrian_minus_baseline,sharp_endpoint_delta_reported
catboost_platt,CatBoost,W1,w01_2012m01_m06,5,primary_oot,0,60520,58445,2075,52479,0.8979211224227907,0.8924157303370787,0.9014210178453403,52092,0.8912995123620497,0.8607402511566424,0.8932584269662921,54571,3874,-0.013671730784674874,True,-0.042058700339379695,0.05459421967949981,1530,318,1.7391275611368142,0.26087243886318573,0,0.0,9393,0.15520489094514212,6395,0.10566754791804363,44732,0.7391275611368143,60520,0.9530898876404494,0.9530898876404494,2839,0.04691011235955056,57681,0.9530898876404494,0,0.0,0,0.0,60520,0.9545729416723168,0.9527049270273237,0.956154159076036,1968,107,0.006621610060740912,0.7860376734963648,False
catboost_platt,CatBoost,W1,w01_2012m01_m06,5,primary_oot,1,79865,77165,2700,69869,0.9054493617572734,0.9012959368935078,0.9086458398547549,67395,0.8733881941294629,0.843861516308771,0.8768171289050273,68959,8206,-0.005438519302004341,True,-0.026797365462392086,0.028504639515450115,2113,323,1.7966443373192262,0.20335566268077382,0,0.0,8504,0.10647968446753897,7737,0.09687597821323483,63624,0.7966443373192262,79865,0.9765354034933951,0.9765354034933951,1874,0.023464596506604894,77991,0.9765354034933951,0,0.0,0,0.0,79865,0.9773198567264606,0.9763570776652614,0.9781536785350113,2632,68,0.03206116762781053,0.8201089338258312,False
catboost_platt,CatBoost,W1,w01_2012m01_m06,5,primary_oot,2,79047,76495,2552,69447,0.9078632590365383,0.9031715308613862,0.9108378559591129,66661,0.871442577946271,0.8470909711943527,0.8755930016319405,65183,11312,0.04333860424424496,True,0.021733553977440118,0.07106170169848608,1946,606,1.7629891077460245,0.23701089225397548,0,0.0,11799,0.1492656267790049,6936,0.0877452654749706,60312,0.7629891077460245,79047,1.1155515073310815,0.8844484926689185,0,0.0,69913,0.8844484926689185,0,0.0,9134,0.11555150733108151,79047,0.8693422913719944,0.8469554732581175,0.8910431256911168,299,2253,0.036420681090267304,0.6474376004149429,False
catboost_platt,CatBoost,W1,w01_2012m01_m06,5,primary_oot,3,80235,77819,2416,70394,0.9045862835554299,0.9007291082445317,0.907459338194055,67919,0.8727817114072399,0.8561974200785194,0.8766124509254066,62988,14831,0.0015760119419505614,True,-0.012486565661835036,0.019471491566410197,1876,540,1.7947155231507448,0.20528447684925533,0,0.0,8623,0.10747180158285037,7848,0.09781267526640494,63764,0.7947155231507447,80235,1.3108119897800212,0.6891880102199788,0,0.0,55297,0.6891880102199788,0,0.0,24938,0.31081198978002117,80235,0.6675207335985436,0.6342494714587739,0.7005889853664459,778,1638,0.03180457214818999,0.48390353337072356,False
catboost_platt,CatBoost,W1,w01_2012m01_m06,5,primary_oot,4,77223,74890,2333,65647,0.876578982507678,0.8719293474741981,0.8803076803542986,65892,0.87985044732274,0.8674747160819963,0.8834803102702563,56141,18749,-0.03344125153956656,True,-0.04662256207820807,-0.018752838569490598,1686,647,1.740310529246468,0.259689470753532,0,0.0,8856,0.11468085932947437,11198,0.1450086114240576,57169,0.740310529246468,77223,1.471854240317004,0.528145759682996,0,0.0,40785,0.528145759682996,0,0.0,36438,0.471854240317004,77223,0.47991892900954713,0.4533911115590045,0.5120840630472855,1097,1236,-0.0032714648150620196,0.26845628892946394,False
catboost_platt,CatBoost,W2,w02_2012m02_m07,5,primary_oot,0,60520,58445,2075,52540,0.8989648387372744,0.893473231989425,0.902428949107733,51828,0.8867824450337924,0.8563780568407138,0.8887475214805023,54571,3874,-0.012553920958943254,True,-0.04093874873638814,0.05573042192349927,1533,318,1.7402346331791143,0.25976536682088563,0,0.0,9393,0.15520489094514212,6328,0.10456047587574356,44799,0.7402346331791143,60520,0.9481824190350298,0.9481824190350298,3136,0.05181758096497026,57384,0.9481824190350298,0,0.0,0,0.0,60520,0.9497352073445603,0.9477206648746502,0.9514770918096586,1959,116,0.012182393703481953,0.7920522141440846,False
catboost_platt,CatBoost,W2,w02_2012m02_m07,5,primary_oot,1,79865,77165,2700,69777,0.9042571113846951,0.8994177674826269,0.9074938959494147,67693,0.8772500485971619,0.8475928128717211,0.8807738057972829,68959,8206,0.017363680412034843,True,-0.007798364866513252,0.05648233224132704,2055,384,1.7729919238715333,0.2270080761284668,0,0.0,10492,0.13137168972641333,7638,0.09563638640205346,61735,0.7729919238715333,79865,0.9810930945971327,0.9810930945971327,1510,0.01890690540286734,78355,0.9810930945971327,0,0.0,0,0.0,79865,0.981641265099552,0.9809300236201074,0.982320658017847,2650,50,0.027007062787533176,0.7918988292744006,False
catboost_platt,CatBoost,W2,w02_2012m02_m07,5,primary_oot,2,79047,76495,2552,69777,0.9121772664880058,0.9076625298872822,0.915012587447974,66678,0.8716648146937709,0.8473313345224993,0.8758080635571243,65183,11312,0.03968685182079368,True,0.019031114627904605,0.06658788228452767,1971,581,1.773640998393361,0.22635900160663908,0,0.0,11263,0.14248485078497602,6630,0.08387415082166307,61154,0.7736409983933609,79047,1.1168292281807026,0.8831707718192974,0,0.0,69812,0.8831707718192974,0,0.0,9235,0.11682922818070263,79047,0.8678394625176804,0.8453457332300007,0.8897736488977365,301,2251,0.040512451794234905,0.6568117702126584,False
catboost_platt,CatBoost,W2,w02_2012m02_m07,5,primary_oot,3,80235,77819,2416,70236,0.9025559310708182,0.8986726490932885,0.9054901227643797,68332,0.8780888985980287,0.8621798467003178,0.8817598304979124,62988,14831,0.0006503427963608921,True,-0.013584237835810337,0.01856799927276007,1869,547,1.7912008475104382,0.2087991524895619,0,0.0,8727,0.10876799401757338,8026,0.10003115847198854,63482,0.7912008475104381,80235,1.3370848133607527,0.6629151866392472,0,0.0,53189,0.6629151866392472,0,0.0,27046,0.3370848133607528,80235,0.6396736565302408,0.6051926511865272,0.6741860748689182,845,1571,0.024467032472789474,0.4541160341496855,False
catboost_platt,CatBoost,W2,w02_2012m02_m07,5,primary_oot,4,77223,74890,2333,65639,0.8764721591667779,0.8717351048262824,0.8802040842754102,66201,0.883976498865002,0.8718516504150318,0.8874817088173212,56141,18749,-0.030168623237137093,True,-0.04352076927981878,-0.015281308775706114,1679,654,1.738303355218005,0.261696644781995,0,0.0,9064,0.11737435738057314,11145,0.14432228740142186,57014,0.738303355218005,77223,1.4880799761729018,0.5119200238270981,0,0.0,39532,0.5119200238270981,0,0.0,37691,0.48807997617290183,77223,0.4634380500293349,0.4371823899371068,0.495890960112247,1126,1207,-0.007504339698224061,0.25022337904510317,False
catboost_platt,CatBoost,W3,w03_2012m03_m08,5,primary_oot,0,60520,58445,2075,52009,0.8898793737702113,0.8847157964309319,0.893654990085922,51423,0.8798528531097614,0.8496860541969596,0.8817911434236616,54571,3874,-0.03472487855169415,True,-0.06012412271170653,0.029723265177175905,1534,295,1.745373430270985,0.2546265697290152,0,0.0,8436,0.13939193654990087,6974,0.11523463317911434,45110,0.7453734302709848,60520,0.9406311962987443,0.9406311962987443,3593,0.05936880370125578,56927,0.9406311962987443,0,0.0,0,0.0,60520,0.942313683091752,0.9400398515620716,0.9442969883568674,1943,132,0.010026520660449956,0.8047422339722407,False
catboost_platt,CatBoost,W3,w03_2012m03_m08,5,primary_oot,1,79865,77165,2700,69938,0.906343549536707,0.9010455143053904,0.9095097977837601,67525,0.8750728957428886,0.8454892631315345,0.8785450447630376,68959,8206,0.03497110436721795,True,0.0075265869281671005,0.0774103093159912,2024,425,1.760370625430414,0.2396293745695862,0,0.0,11816,0.1479496650597884,7322,0.09167970950979779,60727,0.7603706254304138,79865,0.9785137419395229,0.9785137419395229,1716,0.021486258060477055,78149,0.9785137419395229,0,0.0,0,0.0,79865,0.9792050348757958,0.978353786638462,0.9799717873154653,2640,60,0.03127065379381844,0.781856883490891,False
catboost_platt,CatBoost,W3,w03_2012m03_m08,5,primary_oot,2,79047,76495,2552,69727,0.9115236289953592,0.907017344111731,0.9143800523739042,66526,0.8696777567161252,0.845092160360292,0.8738851569319519,65183,11312,0.0392310100140002,True,0.018551403516325837,0.0662108208829135,1970,582,1.7727301478867004,0.22726985211329967,0,0.0,11280,0.14269991271015978,6685,0.08456993940313991,61082,0.7727301478867004,79047,1.1045580477437473,0.8954419522562526,0,0.0,70782,0.8954419522562526,0,0.0,8265,0.10455804774374738,79047,0.8812765205091938,0.8602865032792544,0.9011627906976744,276,2276,0.041845872279233975,0.668172100142953,False
catboost_platt,CatBoost,W3,w03_2012m03_m08,5,primary_oot,3,80235,77819,2416,70249,0.9027229853891723,0.8987100392596747,0.90565214681872,68476,0.8799393464321053,0.8642363058515611,0.883554558484452,62988,14831,0.008353945209505165,True,-0.00643998080081859,0.02682680316290597,1859,557,1.7866267838225214,0.21337321617747865,0,0.0,9224,0.11496229824889387,7896,0.09841091792858478,63115,0.7866267838225214,80235,1.3476911572256496,0.6523088427743503,0,0.0,52338,0.6523088427743503,0,0.0,27897,0.34769115722564964,80235,0.6299642640415346,0.595209275657769,0.6649777180880286,866,1550,0.02278363895706703,0.4389356265968718,False
catboost_platt,CatBoost,W3,w03_2012m03_m08,5,primary_oot,4,77223,74890,2333,65368,0.8728535184937909,0.8681221915750489,0.8766947671030652,66260,0.8847643210041394,0.8727322170855834,0.8882457298991233,56141,18749,-0.037059060610697414,True,-0.050395759263035717,-0.022285895666968803,1671,662,1.7345091488287168,0.2654908511712832,0,0.0,8928,0.11561322403947011,11574,0.14987762713181307,56721,0.7345091488287169,77223,1.4919000815819121,0.5080999184180879,0,0.0,39237,0.5080999184180879,0,0.0,37986,0.4919000815819121,77223,0.460291215531495,0.4340173003419834,0.49270567002556775,1135,1198,-0.011910802510348484,0.24260906724680464,False
catboost_platt,CatBoost,W4,w04_2012m04_m09,5,primary_oot,0,60520,58445,2075,51960,0.8890409786979211,0.8836582947785856,0.8928453403833444,50814,0.8694328000684404,0.8396232650363517,0.8713648380700595,54571,3874,-0.029817217843554844,True,-0.056588072776113274,0.03685031720564641,1519,308,1.7380865829477858,0.26191341705221416,0,0.0,8847,0.14618307997356245,7004,0.11573033707865168,44669,0.7380865829477858,60520,0.9291804362194316,0.9291804362194316,4286,0.0708195637805684,56234,0.9291804362194316,0,0.0,0,0.0,60520,0.9311539095856773,0.928533576975788,0.9334950081427459,1921,154,0.01960817862948072,0.8089061467283543,False
catboost_platt,CatBoost,W4,w04_2012m04_m09,5,primary_oot,1,79865,77165,2700,70354,0.9117345946996696,0.9069054028673387,0.914718587616603,67693,0.8772500485971619,0.8475928128717211,0.8807738057972829,68959,8206,0.025730971121006863,True,0.0005847530827927383,0.06487237082428032,2076,384,1.7815188129969324,0.21848118700306768,0,0.0,10492,0.13137168972641333,6957,0.08710949727665436,62416,0.7815188129969324,79865,0.9810930945971327,0.9810930945971327,1510,0.01890690540286734,78355,0.9810930945971327,0,0.0,0,0.0,79865,0.981641265099552,0.9809300236201074,0.982320658017847,2650,50,0.03448454610250762,0.8004257183997997,False
catboost_platt,CatBoost,W4,w04_2012m04_m09,5,primary_oot,2,79047,76495,2552,69472,0.9081900777828616,0.9036522575176793,0.9111541234961479,66010,0.8629322177920126,0.837223424038863,0.8673573949675509,65183,11312,0.0353189470527987,True,0.014607693637421704,0.062264425915794924,1959,593,1.768606019203765,0.23139398079623516,0,0.0,11280,0.14269991271015978,7011,0.08869406808607537,60756,0.7686060192037648,79047,1.0652776196440092,0.9347223803559908,0,0.0,73887,0.9347223803559908,0,0.0,5160,0.06527761964400926,79047,0.9268917963224894,0.913168437554433,0.9396085877026433,170,2382,0.04525785999084908,0.7033283995597557,False
catboost_platt,CatBoost,W4,w04_2012m04_m09,5,primary_oot,3,80235,77819,2416,70129,0.9011809455274419,0.8971022621050664,0.9041565401632704,68171,0.8760199951168738,0.8599364367171434,0.8797532249018508,62988,14831,0.010447334501003103,True,-0.004662935150654857,0.0292055583586131,1850,566,1.7820153299682184,0.21798467003178165,0,0.0,9500,0.11840219355642799,7990,0.09958247647535365,62745,0.7820153299682183,80235,1.3268274443821275,0.6731725556178725,0,0.0,54012,0.6731725556178725,0,0.0,26223,0.3268274443821275,80235,0.650529296743308,0.6162100019160759,0.6843675781012118,826,1590,0.025160950410568095,0.4551878855860909,False
catboost_platt,CatBoost,W4,w04_2012m04_m09,5,primary_oot,4,77223,74890,2333,64837,0.8657631192415542,0.8610129106613315,0.8698185773668466,66478,0.887675257043664,0.875917796511402,0.8910687230488326,56141,18749,-0.04872299137999825,True,-0.06206774947609296,-0.03395487113415669,1653,680,1.7256128355541742,0.2743871644458257,0,0.0,8793,0.11386504020822812,12396,0.1605221242375976,56034,0.7256128355541743,77223,1.5039949237921344,0.49600507620786555,0,0.0,38303,0.49600507620786555,0,0.0,38920,0.5039949237921345,77223,0.4486639287428663,0.4224588188027321,0.481048245393845,1163,1170,-0.021912137802109766,0.22161791176203982,False
catboost_platt,CatBoost,W5,w05_2012m05_m10,5,primary_oot,0,60520,58445,2075,51345,0.8785182650355035,0.8734302709847984,0.8826834104428288,50605,0.8658567884335701,0.8361698612029081,0.8677627230667548,54571,3874,-0.04744542513976302,True,-0.07275661806261619,0.016201955895480402,1515,291,1.734319233311302,0.26568076668869794,0,0.0,8351,0.1379874421678784,7728,0.12769332452081955,44441,0.734319233311302,60520,0.9252148050231328,0.9252148050231328,4526,0.07478519497686716,55994,0.9252148050231328,0,0.0,0,0.0,60520,0.9273240365762034,0.9245624292030548,0.9297841828514775,1912,163,0.012661476601933397,0.8091044282881692,False
catboost_platt,CatBoost,W5,w05_2012m05_m10,5,primary_oot,1,79865,77165,2700,70497,0.9135877664744378,0.9093971076191072,0.9165091091216427,67691,0.8772241301108016,0.8475677706129093,0.8807487635384712,68959,8206,0.00830469766256181,True,-0.013799758283220526,0.04261227961839268,2132,328,1.80215363425781,0.19784636574218994,0,0.0,8844,0.11073686846553558,6957,0.08710949727665436,64064,0.80215363425781,79865,0.981068052338321,0.981068052338321,1512,0.018931947661679084,78353,0.981068052338321,0,0.0,0,0.0,79865,0.981612262358793,0.9809010418930865,0.9822927285676382,2650,50,0.036363636363636265,0.821085581919489,False
catboost_platt,CatBoost,W5,w05_2012m05_m10,5,primary_oot,2,79047,76495,2552,69425,0.9075756585397738,0.9030450238465723,0.9105595405265222,65673,0.8585267010915746,0.8320872392374157,0.8630941085683201,65183,11312,0.034286670791997764,True,0.013600258066352094,0.061170217377239586,1958,594,1.7680493883385833,0.23195061166141662,0,0.0,11263,0.14248485078497602,7072,0.08946576087644059,60712,0.7680493883385834,79047,1.0393689830101078,0.9606310169898921,0,0.0,75935,0.9606310169898921,0,0.0,3112,0.03936898301010791,79047,0.9566831683168316,0.9482169455883642,0.9643972971009228,101,2451,0.04904895744819926,0.7286804053284754,False
catboost_platt,CatBoost,W5,w05_2012m05_m10,5,primary_oot,3,80235,77819,2416,70152,0.9014765031676069,0.8974637003801333,0.904443198105565,67902,0.8725632557601614,0.8558982987474294,0.8764005733158846,62988,14831,0.007480388353947709,True,-0.007387000951304928,0.025946417481332293,1856,560,1.7846824951704368,0.21531750482956316,0,0.0,9265,0.11547329718950583,8011,0.09984420764005733,62959,0.7846824951704369,80235,1.309241602791799,0.6907583972082009,0,0.0,55423,0.6907583972082009,0,0.0,24812,0.3092416027917991,80235,0.6686669813229047,0.6356236379951288,0.7017479970866717,771,1645,0.028913247407445497,0.47544089237863774,False
catboost_platt,CatBoost,W5,w05_2012m05_m10,5,primary_oot,4,77223,74890,2333,65083,0.8690479369742289,0.8642761871463165,0.8730041567926654,66434,0.8870877286687141,0.8752314724887663,0.8904989446149463,56141,18749,-0.044341167044842145,True,-0.05767473868383756,-0.02965059706084557,1659,674,1.730015668906932,0.26998433109306813,0,0.0,8793,0.11386504020822812,12056,0.15611929088484,56374,0.7300156689069319,77223,1.5014956683889515,0.4985043316110485,0,0.0,38496,0.4985043316110485,0,0.0,38727,0.5014956683889514,77223,0.45101072057176383,0.4248605737828469,0.48349056603773594,1154,1179,-0.01803979169448522,0.22852000051798038,False
catboost_platt,CatBoost,W6,w06_2012m06_m11,5,primary_oot,0,60520,58445,2075,51449,0.8802977158011805,0.875363516192994,0.8844018506278916,50658,0.8667636239199247,0.8370456047587574,0.8686880370125578,54571,3874,-0.04885712159291722,True,-0.07338192494124451,0.013402201102939338,1528,283,1.7395902181097158,0.2604097818902842,0,0.0,8137,0.13445142101784535,7623,0.12595836087243886,44760,0.7395902181097158,60520,0.9262227362855254,0.9262227362855254,4465,0.07377726371447456,56055,0.9262227362855254,0,0.0,0,0.0,60520,0.9282952483920031,0.9255814803310738,0.9307261976418936,1915,160,0.013534091881255872,0.8133674818241904,False
catboost_platt,CatBoost,W6,w06_2012m06_m11,5,primary_oot,1,79865,77165,2700,70319,0.9112810211883626,0.9067301070556564,0.9142803480873974,67823,0.8789347502105878,0.8492205596944844,0.8824766793964816,68959,8206,0.016632527537927322,True,-0.0072039061691103745,0.0536383353433729,2097,359,1.7886934201464972,0.2113065798535028,0,0.0,9803,0.12274463156576723,7073,0.08856194828773556,62989,0.7886934201464972,79865,0.9829963062668252,0.9829963062668252,1358,0.017003693733174733,78507,0.9829963062668252,0,0.0,0,0.0,79865,0.983526443248887,0.9828992942335841,0.9841374013823919,2656,44,0.03234627097777487,0.805697113879672,False
catboost_platt,CatBoost,W6,w06_2012m06_m11,5,primary_oot,2,79047,76495,2552,69552,0.9092358977710961,0.9049679304717446,0.9121661796146596,65615,0.8577684816001045,0.8311890394322365,0.8623603678823991,65183,11312,0.026379435095374326,True,0.006712153170990803,0.05188521945044542,1983,569,1.7786886282844383,0.22131137171556162,0,0.0,10460,0.13232633749541411,7034,0.0889850342201475,61553,0.7786886282844384,79047,1.0339797841790328,0.9660202158209673,0,0.0,76361,0.9660202158209673,0,0.0,2686,0.033979784179032725,79047,0.9618104667609618,0.9543859649122807,0.9686411149825785,88,2464,0.0514674161709916,0.7447088441054055,False
catboost_platt,CatBoost,W6,w06_2012m06_m11,5,primary_oot,3,80235,77819,2416,69958,0.898983538724476,0.8947466816227332,0.9020253006792547,67719,0.8702116449710225,0.8533183772667788,0.8741197731663239,62988,14831,0.0156462574591536,True,-7.300951833266733e-05,0.03499892363923438,1832,584,1.7727550320932262,0.22724496790677384,0,0.0,10154,0.1265532498286284,8079,0.10069171807814545,62002,0.7727550320932262,80235,1.2983112108182215,0.7016887891817786,0,0.0,56300,0.7016887891817786,0,0.0,23935,0.2983112108182215,80235,0.6810060009439687,0.6483502375144433,0.7132727272727274,747,1669,0.02877189375345346,0.4744438212750046,False
catboost_platt,CatBoost,W6,w06_2012m06_m11,5,primary_oot,4,77223,74890,2333,65183,0.8703832287354787,0.8657006332310322,0.8742991077787706,66344,0.8858859660835893,0.8739624205223833,0.8893334887274517,56141,18749,-0.04291568000018131,True,-0.0561763215342774,-0.028288198426623692,1669,664,1.7324113282312263,0.26758867176877354,0,0.0,8753,0.11334705981378605,11911,0.1542416119549875,56559,0.7324113282312265,77223,1.4960827732670319,0.5039172267329681,0,0.0,38914,0.5039172267329681,0,0.0,38309,0.4960827732670318,77223,0.4558109765854179,0.42955516461422477,0.4882122792937399,1146,1187,-0.015502737348110585,0.23632855496419447,False
catboost_platt,CatBoost,W7,w07_2012m07_m12,5,primary_oot,0,60520,58445,2075,51583,0.8825904696723416,0.877412425644415,0.8866159947124918,50695,0.8673966977500214,0.8376569729015202,0.8693324520819564,54571,3874,-0.04253122258057396,True,-0.06794306490166718,0.02187957118771707,1518,295,1.737326503635162,0.26267349636483805,0,0.0,8436,0.13939193654990087,7461,0.12328155981493721,44623,0.737326503635162,60520,0.926867151354924,0.926867151354924,4426,0.073132848645076,56094,0.926867151354924,0,0.0,0,0.0,60520,0.9289732641879387,0.9262913628971844,0.931383656705849,1917,158,0.015193771922320187,0.8104593522802379,False
catboost_platt,CatBoost,W7,w07_2012m07_m12,5,primary_oot,1,79865,77165,2700,70264,0.9105682628134517,0.9058285857384336,0.9135916859700745,67596,0.8759930020086827,0.8463782633193514,0.8794716083390722,68959,8206,0.02101676222344029,True,-0.0036099952013554093,0.059395956373864064,2080,375,1.7826081512552432,0.21739184874475678,0,0.0,10267,0.12855443561009203,7095,0.08883741313466474,62503,0.7826081512552432,79865,0.9796030801978338,0.9796030801978338,1629,0.020396919802166156,78236,0.9796030801978338,0,0.0,0,0.0,79865,0.9802346321727403,0.9794250608554539,0.9809642188765677,2643,57,0.034575260804769026,0.8030050710574094,False
catboost_platt,CatBoost,W7,w07_2012m07_m12,5,primary_oot,2,79047,76495,2552,69457,0.9079939865350677,0.9038293673384189,0.9109643629739269,65300,0.8536505653964311,0.8264829784811568,0.8583753969157589,65183,11312,0.019734843840041982,True,0.0005978225256511871,0.04456954743963466,1988,564,1.7820284134755273,0.2179715865244728,0,0.0,10017,0.1267220767391552,7213,0.0912495097853176,61817,0.7820284134755272,79047,1.0095639303199362,0.9904360696800638,0,0.0,78291,0.9904360696800638,0,0.0,756,0.00956393031993624,79047,0.9896570014144271,0.9869523053865821,0.9915419648666234,31,2521,0.05434342113863655,0.7724644831555911,False
catboost_platt,CatBoost,W7,w07_2012m07_m12,5,primary_oot,3,80235,77819,2416,70037,0.8999987149667819,0.8957312893375708,0.9030099083940923,67462,0.8669091096004832,0.849404873185019,0.8709166822459027,62988,14831,0.01848320976526896,True,0.0026559911009025328,0.03793798400580945,1832,584,1.7725805446500904,0.22741945534990965,0,0.0,10284,0.12817349037203216,7963,0.09924596497787748,61988,0.7725805446500904,80235,1.280663052283916,0.719336947716084,0,0.0,57716,0.719336947716084,0,0.0,22519,0.28066305228391597,80235,0.69833456948284,0.6672894787706978,0.7297819653318837,690,1726,0.03308960536629868,0.49191749236617444,False
catboost_platt,CatBoost,W7,w07_2012m07_m12,5,primary_oot,4,77223,74890,2333,65190,0.8704766991587662,0.8657653807803375,0.874389754347798,66146,0.8832420883963146,0.8711135283529519,0.8867694857749634,56141,18749,-0.04215065769409032,True,-0.055439941614992674,-0.02746069131564069,1667,666,1.7319321963663676,0.2680678036336325,0,0.0,8813,0.11412403040544915,11888,0.1539437732281833,56522,0.7319321963663675,77223,1.4857879129274958,0.5142120870725043,0,0.0,39709,0.5142120870725043,0,0.0,37514,0.4857879129274957,77223,0.46637153981545687,0.43999396165651883,0.49869726425493527,1124,1209,-0.01276538923754833,0.24614428343887185,False
catboost_platt,CatBoost,W8,w08_2012m08_2013m01,5,primary_oot,0,60520,58445,2075,51992,0.8895885020104372,0.8841870456047588,0.8933740912095175,51084,0.8740525280177945,0.8440846001321877,0.8759748843357568,54571,3874,-0.02729563463083573,True,-0.0544919369316596,0.04030740368130032,1519,313,1.7358889623265037,0.26411103767349636,0,0.0,9027,0.1491573033707865,6957,0.11495373430270985,44536,0.7358889623265036,60520,0.93433575677462,0.93433575677462,3974,0.06566424322538005,56546,0.93433575677462,0,0.0,0,0.0,60520,0.9361015924208829,0.9336208787192046,0.938284278154369,1930,145,0.015535973992642615,0.8015532055518837,False
catboost_platt,CatBoost,W8,w08_2012m08_2013m01,5,primary_oot,1,79865,77165,2700,70351,0.911695716970129,0.906968008514368,0.9146810242283854,67394,0.8733752348862827,0.8438489951793652,0.8768046077756214,68959,8206,0.022278381446456885,True,-0.002340784165419163,0.06067254017948674,2084,375,1.7839228698428597,0.21607713015714017,0,0.0,10267,0.12855443561009203,6990,0.08752269454704814,62608,0.7839228698428599,79865,0.9765228823639892,0.9765228823639892,1875,0.023477117636010767,77990,0.9765228823639892,0,0.0,0,0.0,79865,0.9773053553560811,0.9763425905804975,0.9781397102987806,2632,68,0.03832048208384631,0.8073999874788705,False
catboost_platt,CatBoost,W8,w08_2012m08_2013m01,5,primary_oot,2,79047,76495,2552,69190,0.9045035623243349,0.8999835540880742,0.9075866256783939,65019,0.8499771226877574,0.8225359596189609,0.8547066934861538,65183,11312,0.027880372039715606,True,0.007448485626693591,0.05440287407984713,1951,601,1.7667084139815552,0.2332915860184447,0,0.0,11041,0.13967639505610585,7400,0.09361519096233886,60606,0.7667084139815553,79047,0.9973813047933507,0.9973813047933507,207,0.002618695206649209,78840,0.9973813047933507,0,0.0,0,0.0,79047,0.9974840065661292,0.9973463001595287,0.9975784779848212,2543,9,0.05452643963657755,0.7693271091882045,False
catboost_platt,CatBoost,W8,w08_2012m08_2013m01,5,primary_oot,3,80235,77819,2416,70265,0.9029285907040697,0.8985230884277435,0.9058515610394466,67078,0.8619745820429459,0.8437838848382875,0.8661307409484639,62988,14831,0.032765651063838996,True,0.01625308797199601,0.053118763595085564,1828,588,1.7691157225649654,0.2308842774350346,0,0.0,11055,0.13778276313329593,7470,0.09310151430173864,61710,0.7691157225649654,80235,1.2542032778712533,0.7457967221287468,0,0.0,59839,0.7457967221287468,0,0.0,20396,0.2542032778712532,80235,0.7242262827860562,0.6950304128381002,0.7539701636188643,623,1793,0.040954008661123864,0.5149124446937121,False
catboost_platt,CatBoost,W8,w08_2012m08_2013m01,5,primary_oot,4,77223,74890,2333,65849,0.8792762718654026,0.8747652901337685,0.882923481346231,65301,0.8719588730137535,0.858889191044119,0.8758271499423746,56141,18749,-0.03211991924560076,True,-0.04513255744202091,-0.01769299072841285,1703,630,1.745593929269777,0.25440607073022287,0,0.0,8693,0.11257008922212294,10953,0.14183598150809992,57577,0.7455939292697772,77223,1.4396358597827073,0.5603641402172927,0,0.0,43273,0.5603641402172927,0,0.0,33950,0.43963585978270725,77223,0.5114406101658755,0.48492970567411753,0.5433015904671685,1025,1308,0.0073173988516490596,0.30595806948706983,False
numeric_logistic_platt,Numeric logistic,W1,w01_2012m01_m06,5,primary_oot,0,48646,47005,1641,42641,0.9071588128922455,0.8954693088845949,0.9102906713809974,41618,0.8853951707265184,0.8555276898408913,0.8877605558524853,43343,3662,0.4149059967503196,True,0.31186434375409,0.4895987304852297,1024,617,1.5634378982855732,0.43656210171442666,0,0.0,18289,0.3759610245446697,2948,0.06060107716975702,27409,0.5634378982855733,48646,0.9598528142087736,0.9598528142087736,1953,0.04014718579122641,46693,0.9598528142087736,0,0.0,0,0.0,48646,0.9602011858893016,0.9585866961488851,0.9615907016098506,1568,73,0.021763642165727126,0.6035850840767997,False
numeric_logistic_platt,Numeric logistic,W1,w01_2012m01_m06,5,primary_oot,1,55311,53433,1878,48237,0.9027567233731963,0.89891703277829,0.9060584693822206,47938,0.8971609305111073,0.8666992099220769,0.9001826038220245,48764,4669,-0.005404540484951648,True,-0.030411386226340098,0.035378116261081616,1483,221,1.7892101028728462,0.21078989712715374,0,0.0,6212,0.11231039033826906,5447,0.09847950678888467,43652,0.7892101028728463,55311,0.9828786317369058,0.9828786317369058,947,0.01712136826309414,54364,0.9828786317369058,0,0.0,0,0.0,55311,0.9830612747108523,0.982537405205985,0.9836810494705232,1852,26,0.005595792862089,0.8063314711359404,False
numeric_logistic_platt,Numeric logistic,W1,w01_2012m01_m06,5,primary_oot,2,70157,67884,2273,61141,0.9006687879323552,0.8972162435679975,0.90388699630828,60900,0.8971186141064168,0.8722864432629673,0.900451843721938,59673,8211,-0.00548760443601648,True,-0.02541549987986172,0.020811611857318994,1805,468,1.7881893467508587,0.21181065324914122,0,0.0,7681,0.10948301666262811,7179,0.1023276365865131,55297,0.7881893467508588,70157,1.1295095286286472,0.8704904713713528,0,0.0,61071,0.8704904713713528,0,0.0,9086,0.12950952862864717,70157,0.8505663134819145,0.8208744710860366,0.879552370668499,297,1976,0.003550173825938363,0.6586798181222115,False
numeric_logistic_platt,Numeric logistic,W1,w01_2012m01_m06,5,primary_oot,3,87008,84316,2692,76547,0.9078585321884339,0.9045030342037513,0.9107093600588452,74833,0.8875302433701788,0.8681845347554248,0.8910100220669364,70837,13479,0.00521229875760576,True,-0.010845885364253183,0.025086739035125354,2152,540,1.796915226186098,0.20308477381390216,0,0.0,9542,0.10966807649871277,8128,0.09341669731518941,69338,0.7969152261860978,87008,1.2674236851783744,0.7325763148216256,0,0.0,63740,0.7325763148216256,0,0.0,23268,0.2674236851783744,87008,0.7035388381927443,0.6685230877687699,0.7416100872938893,706,1986,0.020328288818255102,0.5294915410077234,False
numeric_logistic_platt,Numeric logistic,W1,w01_2012m01_m06,5,primary_oot,4,115768,112176,3592,95370,0.8501818570817287,0.8445770852048925,0.8548303503558842,100511,0.8960116245899301,0.883560223896068,0.8992381314352844,85225,26951,-0.08599148510656629,True,-0.09925065667875266,-0.06934618880502127,2405,1187,1.7012300462994956,0.29876995370050446,0,0.0,12663,0.10938255821988806,21925,0.1893873954806164,81180,0.7012300462994956,115768,1.4971581093220925,0.5028418906779075,0,0.0,57928,0.5003800704857991,285,0.002461820192108355,57555,0.4971581093220925,115768,0.4221270032131038,0.395674413659757,0.45796484171825014,1794,1798,-0.04582976750820145,0.2040719369774031,False
numeric_logistic_platt,Numeric logistic,W2,w02_2012m02_m07,5,primary_oot,0,48646,47005,1641,42607,0.9064354855866397,0.8957365456563746,0.9095917444394195,41559,0.8841399851079672,0.8543148460305061,0.8864860420178432,43343,3662,0.3865799226680934,True,0.2851203083607151,0.4590409959741938,1077,564,1.5967397113842865,0.4032602886157135,0,0.0,16519,0.33957571023311267,3098,0.06368457838260083,29029,0.5967397113842865,48646,0.9584960736751224,0.9584960736751224,2019,0.04150392632487769,46627,0.9584960736751224,0,0.0,0,0.0,48646,0.9588399510878343,0.9571616112761694,0.9602743386479023,1565,76,0.02229550047867246,0.6382436377091641,False
numeric_logistic_platt,Numeric logistic,W2,w02_2012m02_m07,5,primary_oot,1,55311,53433,1878,47963,0.8976288061684726,0.8932219630814847,0.9011046627253169,47858,0.8956637284075384,0.8652528430149519,0.8986639185695431,48764,4669,0.011975744846092873,True,-0.017601456390116177,0.0570008919253234,1442,252,1.7627235088861166,0.23727649111388333,0,0.0,7465,0.13496411202111697,5659,0.10231237909276636,42187,0.7627235088861167,55311,0.9811429914483557,0.9811429914483557,1043,0.01885700855164434,54268,0.9811429914483557,0,0.0,0,0.0,55311,0.9814207202034287,0.9808173136041316,0.9820991069311625,1848,30,0.001965077760934242,0.7815805174377609,False
numeric_logistic_platt,Numeric logistic,W2,w02_2012m02_m07,5,primary_oot,2,70157,67884,2273,61044,0.8992398797949444,0.8953204954601821,0.9025043830266403,61093,0.8999616993695126,0.8756788346137948,0.9032028165400459,59673,8211,0.007157091644530267,True,-0.014654126705643922,0.03654783905382762,1769,283,1.7735507504596832,0.22644924954031673,0,0.0,8714,0.12420713542483287,7173,0.10224211411548384,54270,0.7735507504596832,70157,1.1527146257679206,0.8472853742320795,0,0.0,59443,0.8472853742320795,0,0.0,10714,0.15271462576792053,70157,0.8270612592863232,0.7939904127206828,0.8599881680141983,342,1931,-0.0007218195745682943,0.6208361246917626,False
numeric_logistic_platt,Numeric logistic,W2,w02_2012m02_m07,5,primary_oot,3,87008,84316,2692,76523,0.9075738887043977,0.9038479220301582,0.9104335233541744,74760,0.886664452772902,0.867207613093049,0.890171018756896,70837,13479,0.0165299370690829,True,-0.000581284869160259,0.038357899844783105,2119,573,1.7869965980139757,0.21300340198602427,0,0.0,10550,0.12125321809488783,7983,0.09175018389113644,68475,0.7869965980139757,87008,1.2628493931592497,0.7371506068407503,0,0.0,64138,0.7371506068407503,0,0.0,22870,0.2628493931592497,87008,0.7089546702277617,0.674239751640443,0.7465271047360601,694,1998,0.020909435931495746,0.524147204854726,False
numeric_logistic_platt,Numeric logistic,W2,w02_2012m02_m07,5,primary_oot,4,115768,112176,3592,95336,0.8498787619455141,0.8439810655794348,0.8545366595259485,100181,0.8930698188560833,0.8802864349388432,0.8963876027917905,85225,26951,-0.0719343749108512,True,-0.0857986194155677,-0.0542954572464556,2370,1222,1.6919442332941745,0.30805576670582546,0,0.0,14125,0.12201126390712459,21538,0.18604450279870086,80105,0.6919442332941745,115768,1.4836656070762213,0.5163343929237786,0,0.0,59486,0.5138380208693248,289,0.002496372054453735,55993,0.4836656070762214,115768,0.43432260881217033,0.40779496277382615,0.4702641154255872,1746,1846,-0.043191056910569126,0.20827862621795323,False
numeric_logistic_platt,Numeric logistic,W3,w03_2012m03_m08,5,primary_oot,0,48646,47005,1641,42319,0.9003084778215084,0.8900012334004851,0.9036714221107593,41501,0.8829060738219339,0.8531225588948732,0.885211528183201,43343,3662,0.36749709394533714,True,0.2669234387878859,0.4384586176962243,1102,539,1.60430456769313,0.39569543230687004,0,0.0,15772,0.3242198741931505,3477,0.07147555811371953,29397,0.60430456769313,48646,0.9571598898162234,0.9571598898162234,2084,0.042840110183776675,46562,0.9571598898162234,0,0.0,0,0.0,48646,0.957501788062663,0.9557377426709348,0.9589791555318011,1561,80,0.01740240399957449,0.6471446778769067,False
numeric_logistic_platt,Numeric logistic,W3,w03_2012m03_m08,5,primary_oot,1,55311,53433,1878,48008,0.8984709823517302,0.8939270669487082,0.9019182441105748,47716,0.8930061946737036,0.8626855417548046,0.8959339010323444,48764,4669,0.01946975233336734,True,-0.011352423911867804,0.06589357910905305,1436,262,1.7570465187756503,0.2429534812243496,0,0.0,7865,0.14219594655674278,5573,0.1007575346676068,41873,0.7570465187756504,55311,0.9781237005297319,0.9781237005297319,1210,0.02187629947026812,54101,0.9781237005297319,0,0.0,0,0.0,55311,0.978508735952752,0.9777267790914493,0.9792897654289271,1839,39,0.005464787678026606,0.7789228182459185,False
numeric_logistic_platt,Numeric logistic,W3,w03_2012m03_m08,5,primary_oot,2,70157,67884,2273,61140,0.9006540569206293,0.8964322875835625,0.9038727425631085,61020,0.898886335513523,0.8743532363128412,0.9021622931425232,59673,8211,0.020126618581805533,True,-0.0031430291491086892,0.05178180123349787,1751,309,1.7651980557891587,0.2348019442108414,0,0.0,9501,0.13542483287483786,6972,0.09937711133600353,53684,0.7651980557891586,70157,1.1423378992830366,0.8576621007169634,0,0.0,60171,0.8576621007169634,0,0.0,9986,0.1423378992830366,70157,0.8359517720131531,0.8044064221258643,0.8674473528832906,322,1951,0.0017677214071062375,0.622860156506122,False
numeric_logistic_platt,Numeric logistic,W3,w03_2012m03_m08,5,primary_oot,3,87008,84316,2692,76431,0.9064827553489254,0.90293995954395,0.9093761493196028,75039,0.8899734332748233,0.870988874586245,0.8933776204486944,70837,13479,0.006223928353689012,True,-0.010023722266678053,0.027140933210910205,2132,560,1.791674328797352,0.20832567120264803,0,0.0,9887,0.11363322912835601,8239,0.09469244207429202,68882,0.791674328797352,87008,1.2822269216623758,0.7177730783376242,0,0.0,62452,0.7177730783376242,0,0.0,24556,0.2822269216623759,87008,0.6882558053268046,0.6522533923926036,0.7276204057820703,744,1948,0.016509322074102162,0.5094474071349762,False
numeric_logistic_platt,Numeric logistic,W3,w03_2012m03_m08,5,primary_oot,4,115768,112176,3592,95387,0.850333404649836,0.8447325685854468,0.8549771957708521,100072,0.8920981315076308,0.8792930688964136,0.8954460645428789,85225,26951,-0.08662225947486435,True,-0.09983442327197338,-0.06998059585300791,2406,1186,1.7018001520281942,0.29819984797180565,0,0.0,12597,0.10881245249118927,21925,0.1893873954806164,81246,0.7018001520281943,115768,1.4798562642526432,0.5201437357473567,0,0.0,59927,0.5176473636929031,289,0.002496372054453735,55552,0.4798562642526432,115768,0.43836698564419885,0.41168004607174175,0.47415803473760487,1740,1852,-0.041764726857794865,0.22194388777555107,False
numeric_logistic_platt,Numeric logistic,W4,w04_2012m04_m09,5,primary_oot,0,48646,47005,1641,42274,0.8993511328582066,0.8896517699296962,0.9027463717469062,41354,0.8797787469418147,0.8501007277062862,0.8820663569461004,43343,3662,0.35135538747334605,True,0.25193835707325335,0.4205564344616169,1132,509,1.6206060107716975,0.3793939892283024,0,0.0,14872,0.30571886691608763,3584,0.07367512231221478,30190,0.6206060107716975,48646,0.9536446984335814,0.9536446984335814,2255,0.046355301566418615,46391,0.9536446984335814,0,0.0,0,0.0,48646,0.9541102369471426,0.9522208662414515,0.9556995857276493,1555,86,0.019572385916391877,0.6669613123381162,False
numeric_logistic_platt,Numeric logistic,W4,w04_2012m04_m09,5,primary_oot,1,55311,53433,1878,48128,0.9007167855070837,0.8951203196470865,0.9040877944712625,47261,0.8844908577096551,0.8544593299705303,0.8874726546256622,48764,4669,0.059949644217698106,True,0.022237998372556633,0.11539134031290284,1548,330,1.7281011010468081,0.27189889895319197,0,0.0,9797,0.17712570736381553,5242,0.09477319158937643,40272,0.728101101046808,55311,0.9689573502558262,0.9689573502558262,1717,0.031042649744173853,53594,0.9689573502558262,0,0.0,0,0.0,55311,0.9691780821917808,0.9681456899377253,0.9702905712591421,1826,52,0.016225927797428596,0.759143750790982,False
numeric_logistic_platt,Numeric logistic,W4,w04_2012m04_m09,5,primary_oot,2,70157,67884,2273,61226,0.9019209239290554,0.8974443034907422,0.9050985646478612,60668,0.8937010193860114,0.8679105434953034,0.8971449748421397,59673,8211,0.030019102831660094,True,0.005700865642547515,0.06346601645701153,1736,330,1.7575723021223826,0.24242769787761734,0,0.0,10220,0.14567327565317786,6788,0.09675442222443947,53149,0.7575723021223827,70157,1.1026982339609732,0.8973017660390268,0,0.0,62952,0.8973017660390268,0,0.0,7205,0.10269823396097325,70157,0.8788210936548533,0.8556859954938929,0.9030403430130579,222,2051,0.008219904543043999,0.6548740681614094,False
numeric_logistic_platt,Numeric logistic,W4,w04_2012m04_m09,5,primary_oot,3,87008,84316,2692,76389,0.9059846292518621,0.9022618609783009,0.9088934350864288,74707,0.8860358650789886,0.8665525009194557,0.8895618793674145,70837,13479,0.014373351096077513,True,-0.002733328151719644,0.03615487293381271,2115,577,1.7851232070614196,0.21487679293858036,0,0.0,10532,0.1210463405663847,8164,0.09383045237219566,68312,0.7851232070614197,87008,1.2597462302317028,0.7402537697682972,0,0.0,64408,0.7402537697682972,0,0.0,22600,0.25974623023170285,87008,0.7128867126641443,0.6781706542451831,0.7500161488275953,690,2002,0.0199487641728735,0.5253769768297167,False
numeric_logistic_platt,Numeric logistic,W4,w04_2012m04_m09,5,primary_oot,4,115768,112176,3592,95266,0.8492547425474255,0.8436182710248082,0.8539320019349043,100022,0.8916524033661389,0.8787834289268192,0.8950141662635616,85225,26951,-0.08452569316854697,True,-0.09793398340237057,-0.06781081973691586,2398,1194,1.698284500034552,0.30171549996544816,0,0.0,12938,0.11175799875613296,21991,0.18995750120931518,80839,0.6982845000345519,115768,1.4780422914795108,0.5219577085204893,0,0.0,60137,0.5194613364660355,289,0.002496372054453735,55342,0.4780422914795108,115768,0.4402222043744871,0.4135535328541503,0.47605654181752377,1731,1861,-0.042397660818713434,0.22024220855504106,False
numeric_logistic_platt,Numeric logistic,W5,w05_2012m05_m10,5,primary_oot,0,48646,47005,1641,42260,0.8990532922029572,0.8893639764831641,0.9024585783003741,41540,0.8837357727901287,0.8539242692102126,0.8860749085227974,43343,3662,0.3510323826052012,True,0.251619101395063,0.42024165087533244,1132,509,1.6203182173251656,0.37968178267483454,0,0.0,14872,0.30571886691608763,3598,0.07396291575874686,30176,0.6203182173251655,48646,0.9580643835053242,0.9580643835053242,2040,0.04193561649467582,46606,0.9580643835053242,0,0.0,0,0.0,48646,0.9584015873382091,0.9567019806540765,0.9598503574053043,1564,77,0.01531751941282844,0.6622538338198414,False
numeric_logistic_platt,Numeric logistic,W5,w05_2012m05_m10,5,primary_oot,1,55311,53433,1878,48371,0.9052645368966743,0.9007792301712136,0.9084811339516552,47267,0.8846031478674228,0.8545678074885646,0.8875811321436966,48764,4669,0.02691376841080151,True,-0.003919463284293878,0.07341640562751275,1452,262,1.764766502142431,0.23523349785756903,0,0.0,7865,0.14219594655674278,5146,0.09303755130082624,42300,0.764766502142431,55311,0.9690658277738605,0.9690658277738605,1711,0.030934172226139468,53600,0.9690658277738605,0,0.0,0,0.0,55311,0.9693011237798376,0.968268600458866,0.9704091717730777,1826,52,0.02066138902925152,0.7957006743685705,False
numeric_logistic_platt,Numeric logistic,W5,w05_2012m05_m10,5,primary_oot,2,70157,67884,2273,61386,0.9042778858051971,0.9000812463474778,0.9073791638753083,60156,0.8861587413823582,0.8588879228017161,0.8898470573143094,59673,8211,0.024249086029394795,True,0.000997234393045554,0.0559351506826923,1761,309,1.7694741793406217,0.23052582065937824,0,0.0,9501,0.13542483287483786,6672,0.09510098778454039,53984,0.7694741793406218,70157,1.0475647476374417,0.9524352523625582,0,0.0,66820,0.9524352523625582,0,0.0,3337,0.047564747637441736,70157,0.9411764705882353,0.9297401347449471,0.9534816527015314,101,2172,0.018119144422838906,0.72190943170318,False
numeric_logistic_platt,Numeric logistic,W5,w05_2012m05_m10,5,primary_oot,3,87008,84316,2692,76019,0.9015963755396366,0.8976301029790364,0.9046409525560868,74292,0.8811139048341952,0.8607254505332843,0.8847922030158146,70837,13479,0.02266097068836037,True,0.004229835378135954,0.04569228441717129,2082,610,1.7694694740713497,0.23053052592865023,0,0.0,11620,0.13355093784479588,8438,0.09697958808385436,66950,0.7694694740713498,87008,1.2312545972784112,0.7687454027215889,0,0.0,66887,0.7687454027215889,0,0.0,20121,0.2312545972784112,87008,0.7436753468358187,0.7120835405271009,0.7781416554292685,598,2094,0.020482470705441402,0.5382148767929384,False
numeric_logistic_platt,Numeric logistic,W5,w05_2012m05_m10,5,primary_oot,4,115768,112176,3592,95477,0.8511357153045215,0.8455531753161495,0.8557546126736231,99858,0.8901904150620453,0.877202681224518,0.893597539907401,85225,26951,-0.08341735839731479,True,-0.0967042512346881,-0.0667188125472557,2411,1181,1.7017310483035035,0.2982689516964964,0,0.0,12804,0.11060051136756271,21726,0.18766844032893373,81238,0.7017310483035035,115768,1.4725485453665952,0.5274514546334047,0,0.0,60773,0.524955082578951,289,0.002496372054453735,54706,0.47254854536659524,115768,0.4463073218098328,0.4195515550492026,0.48208774699547885,1712,1880,-0.03905469975752385,0.22918250293690834,False
numeric_logistic_platt,Numeric logistic,W6,w06_2012m06_m11,5,primary_oot,0,48646,47005,1641,42274,0.8993511328582066,0.8896517699296962,0.9027463717469062,41563,0.8842250824380385,0.8543970727295153,0.8865682687168523,43343,3662,0.35135538747334605,True,0.25193835707325335,0.4205564344616169,1132,509,1.6206060107716975,0.3793939892283024,0,0.0,14872,0.30571886691608763,3584,0.07367512231221478,30190,0.6206060107716975,48646,0.9585783003741315,0.9585783003741315,2015,0.041421699625868516,46631,0.9585783003741315,0,0.0,0,0.0,48646,0.9589322381930184,0.9572537368433174,0.9603634096374811,1565,76,0.015126050420168013,0.662027710397566,False
numeric_logistic_platt,Numeric logistic,W6,w06_2012m06_m11,5,primary_oot,1,55311,53433,1878,48356,0.9049838115022552,0.9004899567897886,0.9082099401565692,47494,0.8888514588362997,0.8586718735875323,0.8917936757606986,48764,4669,0.026606164440659552,True,-0.004227927474378612,0.07309881928372555,1451,262,1.7643868308293107,0.23561316917068936,0,0.0,7868,0.14225018531575997,5164,0.0933629838549294,42279,0.7643868308293106,55311,0.9735857243586267,0.9735857243586267,1461,0.026414275641373327,53850,0.9735857243586267,0,0.0,0,0.0,55311,0.9739561971946518,0.9730383118213481,0.9748992015179065,1832,46,0.016132352665955474,0.790801106470684,False
numeric_logistic_platt,Numeric logistic,W6,w06_2012m06_m11,5,primary_oot,2,70157,67884,2273,61406,0.9045725060397148,0.9004375899767664,0.9076642387787391,59989,0.8836986624241353,0.8559373975512066,0.8874666818706615,59673,8211,0.02209042080458956,True,-0.000829901461963406,0.053361562682237414,1766,304,1.7722964208845875,0.22770357911541259,0,0.0,9305,0.13263109882121527,6670,0.0950724802941973,54182,0.7722964208845874,70157,1.0302036860185013,0.9697963139814987,0,0.0,68038,0.9697963139814987,0,0.0,2119,0.03020368601850136,70157,0.9615150407989282,0.9544245647969052,0.9696824330806869,61,2212,0.020873843615579535,0.7420927348660862,False
numeric_logistic_platt,Numeric logistic,W6,w06_2012m06_m11,5,primary_oot,3,87008,84316,2692,75974,0.9010626690070687,0.8971129091577786,0.904123758734829,73731,0.874460363394848,0.8531054615667525,0.8783445200441339,70837,13479,0.021849096662359124,True,0.0034434786540321893,0.0449057788977801,2082,610,1.76890630746598,0.23109369253401987,0,0.0,11608,0.13341301949246046,8499,0.09768067304155939,66901,0.7689063074659801,87008,1.1896607208532548,0.8103392791467451,0,0.0,70506,0.8103392791467451,0,0.0,16502,0.18966072085325486,87008,0.785295645077528,0.7574239713774599,0.8153748006379585,496,2196,0.026602305612220656,0.5792455866127253,False
numeric_logistic_platt,Numeric logistic,W6,w06_2012m06_m11,5,primary_oot,4,115768,112176,3592,95803,0.854041862787049,0.8485073595466796,0.8585705894547716,99370,0.885840108401084,0.8724604381176145,0.8893822127012646,85225,26951,-0.07964102774698656,True,-0.09286625347322505,-0.06296104370419377,2427,1165,1.7056440467141178,0.2943559532858821,0,0.0,12798,0.11054868357404464,21279,0.18380726971183747,81691,0.7056440467141178,115768,1.4539855573215397,0.5460144426784603,0,0.0,62919,0.5434921567272476,292,0.0025222859512127704,52557,0.4539855573215396,115768,0.4643654185966103,0.43743797987416083,0.4999605052846972,1653,1939,-0.03179824561403499,0.2516584893925782,False
numeric_logistic_platt,Numeric logistic,W7,w07_2012m07_m12,5,primary_oot,0,48646,47005,1641,42060,0.8947984256993937,0.8850676314599351,0.8983472433499157,41410,0.8809701095628125,0.8512519014924146,0.8833203141059902,43343,3662,0.3464180273459898,True,0.2470583059923448,0.4155423816229435,1132,509,1.615713522180652,0.38428647781934794,0,0.0,14872,0.30571886691608763,3822,0.07856761090326028,29952,0.615713522180652,48646,0.9550836656662418,0.9550836656662418,2185,0.04491633433375817,46461,0.9550836656662418,0,0.0,0,0.0,48646,0.9554022564197218,0.9536201179071482,0.9569516513373272,1560,81,0.013828316136581198,0.6606298565144102,False
numeric_logistic_platt,Numeric logistic,W7,w07_2012m07_m12,5,primary_oot,1,55311,53433,1878,48357,0.9050025265285497,0.9005080363761278,0.9082280197429082,47280,0.8848464432092528,0.8548028421109725,0.8878161667661044,48764,4669,0.026626671372002364,True,-0.0042075985524213655,0.07311866843021222,1451,262,1.7644591491746668,0.2355408508253331,0,0.0,7865,0.14219594655674278,5163,0.09334490426859034,42283,0.7644591491746668,55311,0.9693551011552856,0.9693551011552856,1695,0.030644898844714434,53616,0.9693551011552856,0,0.0,0,0.0,55311,0.9695677138872939,0.9685349065880039,0.9706661395532714,1826,52,0.02015608331929697,0.7951040480193813,False
numeric_logistic_platt,Numeric logistic,W7,w07_2012m07_m12,5,primary_oot,2,70157,67884,2273,61367,0.9039979965824053,0.8998816939150762,0.9071083427170489,59459,0.8758912262094161,0.8475134341548242,0.8797696594780279,59673,8211,0.021436858892166843,True,-0.001477957294465898,0.052728877175602325,1766,304,1.771655002351868,0.22834499764813204,0,0.0,9305,0.13263109882121527,6715,0.09571389882691678,54137,0.7716550023518679,70157,0.9962655187650555,0.9962655187650555,262,0.003734481234944482,69895,0.9962655187650555,0,0.0,0,0.0,70157,0.9964137884805524,0.9962468374579027,0.9965448204598295,2263,10,0.028106770372989254,0.7753894835868125,False
numeric_logistic_platt,Numeric logistic,W7,w07_2012m07_m12,5,primary_oot,3,87008,84316,2692,76170,0.9033872574600313,0.8992621368150056,0.9063764251563075,73209,0.8682693676170596,0.8460946119897022,0.8723450717175432,70837,13479,0.029384557653874266,True,0.010555489901754256,0.05305873949851088,2073,619,1.7673892055902904,0.23261079440970944,0,0.0,12057,0.13857346450901067,8182,0.09403732990069878,66769,0.7673892055902906,87008,1.1563649319602796,0.8436350680397204,0,0.0,73403,0.8436350680397204,0,0.0,13605,0.1563649319602795,87008,0.8240225536018992,0.7998127745373371,0.8495210302607372,408,2284,0.035117889842971706,0.6110242736300109,False
numeric_logistic_platt,Numeric logistic,W7,w07_2012m07_m12,5,primary_oot,4,115768,112176,3592,96233,0.8578751248038796,0.8523512542326032,0.8622849146569,98740,0.8802239338182856,0.8663274825513095,0.8839402943818672,85225,26951,-0.07137225049264517,True,-0.08467030677583866,-0.05455478438598037,2442,1150,1.7089696634648608,0.29103033653513927,0,0.0,13120,0.11333010849284776,20572,0.1777002280422915,82076,0.7089696634648608,115768,1.4301102204408818,0.5698897795591182,0,0.0,65681,0.5673502176767328,294,0.0025395618823854608,49793,0.43011022044088176,115768,0.4876434985565702,0.4606679020602286,0.522985691455392,1573,2019,-0.022348809014405946,0.278859443023979,False
numeric_logistic_platt,Numeric logistic,W8,w08_2012m08_2013m01,5,primary_oot,0,48646,47005,1641,42487,0.9038825656845016,0.8990461702914937,0.9071249434691444,41454,0.8819061801935965,0.8521563951815154,0.884224807795091,43343,3662,0.2087886696232898,True,0.12996218952106364,0.25429749076686875,1387,254,1.772807630637668,0.22719236936233195,0,0.0,7154,0.14706245117789746,3898,0.08012991818443449,37594,0.772807630637668,48646,0.9560703860543518,0.9560703860543518,2137,0.04392961394564815,46509,0.9560703860543518,0,0.0,0,0.0,48646,0.9564174145767482,0.9546333824613118,0.9579315413224061,1560,81,0.021976385490905193,0.8167372445833163,False
numeric_logistic_platt,Numeric logistic,W8,w08_2012m08_2013m01,5,primary_oot,1,55311,53433,1878,48634,0.9101865888121573,0.9057872755871346,0.9132360651588292,47201,0.8833679561319784,0.8533745547901864,0.8863697998589792,48764,4669,0.02597058133342367,True,-0.003654355813140442,0.07120535190303148,1466,253,1.7758131293955994,0.22418687060440057,0,0.0,7517,0.1359042505107483,4883,0.08828262009365226,42911,0.7758131293955994,55311,0.9676917792120916,0.9676917792120916,1787,0.032308220787908376,53524,0.9676917792120916,0,0.0,0,0.0,55311,0.9679476663112132,0.9668967777618453,0.9691039554053252,1825,53,0.026818632680178922,0.8081213501835078,False
numeric_logistic_platt,Numeric logistic,W8,w08_2012m08_2013m01,5,primary_oot,2,70157,67884,2273,61574,0.9070473160096636,0.9029747566173012,0.9100588679675585,58965,0.8686141064168287,0.8404720840400816,0.8724574882050259,59673,8211,0.021996301717457145,True,-0.0005169459203395732,0.052865578987235116,1776,299,1.7777841127756318,0.2222158872243682,0,0.0,9098,0.1296805735707057,6492,0.0925353136536625,54567,0.7777841127756318,70157,0.98781304787833,0.98781304787833,855,0.012186952121669968,69302,0.98781304787833,0,0.0,0,0.0,70157,0.9881353375898647,0.9876553549294831,0.9885653374679005,2244,29,0.038433209592834916,0.7899710648973017,False
numeric_logistic_platt,Numeric logistic,W8,w08_2012m08_2013m01,5,primary_oot,3,87008,84316,2692,76193,0.9036600407988994,0.8996758918720118,0.9066407686649504,72779,0.8631695051947436,0.840210095623391,0.8674029974255241,70837,13479,0.024940701332235027,True,0.006533242572183184,0.0479531166575784,2086,606,1.7721129091577785,0.22788709084222142,0,0.0,11608,0.13341301949246046,8220,0.09447407134976094,67180,0.7721129091577786,87008,1.1265400882677454,0.8734599117322545,0,0.0,75998,0.8734599117322545,0,0.0,11010,0.1265400882677455,87008,0.8559240299725499,0.8357116986599059,0.877437677500789,326,2366,0.04049053560415583,0.6455728208900331,False
numeric_logistic_platt,Numeric logistic,W8,w08_2012m08_2013m01,5,primary_oot,4,115768,112176,3592,97023,0.8649176294394523,0.8594343860134062,0.8691089074701126,98169,0.8751337184424476,0.8607128049201852,0.8790080160320641,85225,26951,-0.060881719449589644,True,-0.07412758241228215,-0.04406818770561352,2472,1120,1.7179963375025913,0.2820036624974086,0,0.0,13242,0.11438394029438187,19405,0.16761972220302673,83121,0.7179963375025914,115768,1.4083857369912238,0.5916142630087762,0,0.0,68193,0.5890487872296317,297,0.002565475779144496,47278,0.4083857369912238,115768,0.5086835823939535,0.4818907262888456,0.5437913625438432,1494,2098,-0.01021608900299531,0.30961060051136746,False
catboost_monotonic_platt,Monotonic CatBoost,W1,w01_2012m01_m06,5,primary_oot,0,54840,53021,1819,47419,0.8943437505893891,0.8894420131291029,0.8978482859226842,46634,0.8795382961468098,0.85036469730124,0.8815645514223195,49959,3062,-0.02548186181512735,True,-0.05359361454281775,0.0454622007092112,1358,259,1.7445842450765865,0.25541575492341356,0,0.0,8029,0.14640773158278628,5978,0.10900802334062729,40833,0.7445842450765864,54840,0.9325127644055434,0.9325127644055434,3701,0.0674872355944566,51139,0.9325127644055434,0,0.0,0,0.0,54840,0.9334454252487039,0.931431881279086,0.9356493129475518,1711,108,0.014805454442579302,0.8120714806710431,False
catboost_monotonic_platt,Monotonic CatBoost,W1,w01_2012m01_m06,5,primary_oot,1,73852,71333,2519,65144,0.9132379123266932,0.9089801224069761,0.9161972593836322,63769,0.8939621213183239,0.8634701836104641,0.8972810485836538,64224,7109,-0.0034046726526084647,True,-0.0247781822453719,0.03124313186065517,1986,286,1.809118236472946,0.1908817635270541,0,0.0,7488,0.10139197313546011,6609,0.08948979039159399,59755,0.8091182364729459,73852,0.9929047283756702,0.9929047283756702,524,0.007095271624329741,73328,0.9929047283756702,0,0.0,0,0.0,73852,0.9929154210264076,0.9925754132553,0.9931805578453561,2497,22,0.019275791008369292,0.8162135080972757,False
catboost_monotonic_platt,Monotonic CatBoost,W1,w01_2012m01_m06,5,primary_oot,2,81100,78463,2637,70856,0.9030498451499432,0.899173859432799,0.9062022194821209,68782,0.8766170041930591,0.8513563501849568,0.8806288532675709,67512,10951,0.004489094625685586,True,-0.014427623808039441,0.029877880028388884,2067,570,1.784143033292232,0.2158569667077682,0,0.0,9573,0.11803945745992601,7933,0.09781750924784217,63594,0.7841430332922318,81100,1.1043649815043157,0.8956350184956844,0,0.0,72636,0.8956350184956844,0,0.0,8464,0.10436498150431565,81100,0.8840288558122545,0.8632958801498127,0.9046904315196997,263,2374,0.02643284095688414,0.6797780517879162,False
catboost_monotonic_platt,Monotonic CatBoost,W1,w01_2012m01_m06,5,primary_oot,3,78800,76404,2396,69054,0.9038008481231349,0.9004441624365482,0.9067258883248731,66362,0.8685670907282341,0.8501522842639594,0.8725634517766497,62377,14027,0.017780153672219412,True,0.0013535269317603849,0.03376349124312091,1901,495,1.7833121827411167,0.21668781725888325,0,0.0,9581,0.12158629441624365,7494,0.09510152284263959,61725,0.7833121827411168,78800,1.2646573604060913,0.7353426395939087,0,0.0,57945,0.7353426395939087,0,0.0,20855,0.2646573604060914,78800,0.7159050402794611,0.6851333833663095,0.7476730196922687,630,1766,0.035233757394900755,0.5186548223350254,False
catboost_monotonic_platt,Monotonic CatBoost,W1,w01_2012m01_m06,5,primary_oot,4,88298,85593,2705,74156,0.8663792599862138,0.8620920066139663,0.8704727173888424,76486,0.893601112240487,0.8819905320618814,0.8968606310448708,63770,21823,-0.05676904980122521,True,-0.06960533308004095,-0.04252872397269727,1965,740,1.7239235316768218,0.27607646832317834,0,0.0,9830,0.11132754988787968,14547,0.16474891843529865,63921,0.7239235316768217,88298,1.5242021336836622,0.47579786631633786,0,0.0,42012,0.47579786631633786,0,0.0,46286,0.5242021336836622,88298,0.4173120102643999,0.3922894680163688,0.45038035961272477,1392,1313,-0.027221852254273204,0.19972139799315958,False
catboost_monotonic_platt,Monotonic CatBoost,W2,w02_2012m02_m07,5,primary_oot,0,54840,53021,1819,47449,0.8949095641349654,0.8906272793581328,0.8983953318745441,46661,0.8800475283378284,0.850857038657914,0.8820751276440554,49959,3062,-0.03666578115936192,True,-0.06182575983111854,0.026092112529084173,1393,224,1.761105032822757,0.2388949671772429,0,0.0,7119,0.12981400437636761,5982,0.10908096280087527,41739,0.7611050328227571,54840,0.9330415754923413,0.9330415754923413,3672,0.06695842450765864,51168,0.9330415754923413,0,0.0,0,0.0,54840,0.933985868412098,0.9319897734989814,0.9361730951597608,1712,107,0.014862035797136963,0.8280634573304158,False
catboost_monotonic_platt,Monotonic CatBoost,W2,w02_2012m02_m07,5,primary_oot,1,73852,71333,2519,64929,0.910223879550839,0.9059470291935222,0.9132860315225044,63570,0.8911723886560218,0.8607756052645832,0.8945052266695553,64224,7109,-0.006752330848921462,True,-0.028159451541253128,0.027872531321960967,1977,286,1.8056518442289986,0.19434815577100145,0,0.0,7488,0.10139197313546011,6865,0.09295618263554135,59499,0.8056518442289985,73852,0.9897226886204842,0.9897226886204842,759,0.010277311379515788,73093,0.9897226886204842,0,0.0,0,0.0,73852,0.9898168908819133,0.9893855444188508,0.9901971070973544,2491,28,0.01905149089481728,0.8159291556085144,False
catboost_monotonic_platt,Monotonic CatBoost,W2,w02_2012m02_m07,5,primary_oot,2,81100,78463,2637,71126,0.9064909575213795,0.9025647348951911,0.9095314426633786,68788,0.8766934733568689,0.851442663378545,0.8807028360049322,67512,10951,0.00997417624441721,True,-0.009044433270328361,0.035843095245492465,2072,565,1.7868927250308262,0.21310727496917387,0,0.0,9694,0.11953144266337855,7589,0.09357583230579532,63817,0.7868927250308262,81100,1.1049198520345254,0.8950801479654747,0,0.0,72591,0.8950801479654747,0,0.0,8509,0.10491985203452528,81100,0.8834809606428636,0.8626839054837273,0.9042329630741519,264,2373,0.029797484164510668,0.6819728729963008,False
catboost_monotonic_platt,Monotonic CatBoost,W2,w02_2012m02_m07,5,primary_oot,3,78800,76404,2396,68783,0.900253913407675,0.8964720812182742,0.9032868020304569,66768,0.8738809486414324,0.8561928934010152,0.8777157360406092,62377,14027,0.026970611491996865,True,0.009525143645646023,0.04479308730052166,1859,537,1.769771573604061,0.23022842639593907,0,0.0,10501,0.13326142131979696,7641,0.09696700507614213,60658,0.7697715736040609,78800,1.291256345177665,0.708743654822335,0,0.0,55849,0.708743654822335,0,0.0,22951,0.29125634517766497,78800,0.6869608611962643,0.6543084131187615,0.7207275965146601,700,1696,0.026372964766242624,0.4785152284263958,False
catboost_monotonic_platt,Monotonic CatBoost,W2,w02_2012m02_m07,5,primary_oot,4,88298,85593,2705,73944,0.8639024219270267,0.8595664680966726,0.8680717570046886,76381,0.8923743764092859,0.8806541484518335,0.8956714761376249,63770,21823,-0.06316872547893071,True,-0.07593647083817275,-0.04898055258689318,1954,751,1.7222813653763391,0.2777186346236608,0,0.0,9555,0.10821309655937847,14967,0.1695055380642823,63776,0.7222813653763392,88298,1.5188792498131327,0.4811207501868672,0,0.0,42482,0.4811207501868672,0,0.0,45816,0.5188792498131328,88298,0.4221234477386244,0.397034738384622,0.4552248477256036,1379,1326,-0.028471954482259143,0.20340211556320642,False
catboost_monotonic_platt,Monotonic CatBoost,W3,w03_2012m03_m08,5,primary_oot,0,54840,53021,1819,47445,0.8948341223288886,0.8906819839533188,0.8983223924142961,46849,0.8835932932234398,0.8542851932895696,0.8856491611962072,49959,3062,-0.03986524992296425,True,-0.06419223249552974,0.021260936224324525,1400,217,1.7662654996353027,0.2337345003646973,0,0.0,6821,0.12438001458789205,5997,0.10935448577680525,42022,0.7662654996353027,54840,0.9368526622902991,0.9368526622902991,3463,0.06314733770970095,51377,0.9368526622902991,0,0.0,0,0.0,54840,0.9377489541423968,0.9358943625394542,0.9398208169662726,1720,99,0.011240829105448769,0.8294128373450036,False
catboost_monotonic_platt,Monotonic CatBoost,W3,w03_2012m03_m08,5,primary_oot,1,73852,71333,2519,64909,0.9099435044088992,0.9055543519471375,0.9130152196284461,63168,0.8855368483030295,0.8553322861940097,0.8887233927314088,64224,7109,0.0009043595341470256,True,-0.021968896239884655,0.03641717690715956,1968,296,1.8001543627796133,0.19984563722038673,0,0.0,7931,0.10739045658885338,6828,0.09245518063153334,59093,0.8001543627796133,73852,0.9831013378107567,0.9831013378107567,1248,0.016898662189243352,72604,0.9831013378107567,0,0.0,0,0.0,73852,0.9835575485799701,0.9827465500879009,0.984165542060279,2466,53,0.024406656105869673,0.8170530249688566,False
catboost_monotonic_platt,Monotonic CatBoost,W3,w03_2012m03_m08,5,primary_oot,2,81100,78463,2637,71383,0.9097663867045613,0.9059186189889026,0.9127003699136869,68674,0.8752405592444846,0.8498273736128237,0.8792971639950679,67512,10951,0.013780906899708123,True,-0.005167756932988432,0.039718251385947895,2087,550,1.7909987669543772,0.20900123304562268,0,0.0,9694,0.11953144266337855,7256,0.08946979038224415,64150,0.7909987669543773,81100,1.0961652281134402,0.9038347718865598,0,0.0,73301,0.9038347718865598,0,0.0,7799,0.0961652281134402,81100,0.8938909688612913,0.874173959635649,0.9129000824525898,247,2390,0.03452582746007671,0.694833538840937,False
catboost_monotonic_platt,Monotonic CatBoost,W3,w03_2012m03_m08,5,primary_oot,3,78800,76404,2396,69058,0.9038532014030679,0.9000253807106599,0.9067766497461929,66680,0.8727291764829066,0.854733502538071,0.8765989847715736,62377,14027,0.034522902503652086,True,0.016962839742829583,0.05298532307144432,1864,532,1.7716624365482234,0.22833756345177664,0,0.0,10753,0.13645939086294417,7240,0.09187817258883249,60807,0.7716624365482233,78800,1.2848223350253807,0.7151776649746193,0,0.0,56356,0.7151776649746193,0,0.0,22444,0.28482233502538074,78800,0.6932344763670064,0.6614965986394558,0.7267936507936508,673,1723,0.03112402492016131,0.48684010152284274,False
catboost_monotonic_platt,Monotonic CatBoost,W3,w03_2012m03_m08,5,primary_oot,4,88298,85593,2705,73328,0.8567055717173133,0.852306960520057,0.8610953815488459,76570,0.8945825009054479,0.88308908469048,0.8978119549706675,63770,21823,-0.07362799947409293,True,-0.08648452073527275,-0.05933939373737391,1929,776,1.7127794514032029,0.2872205485967972,0,0.0,9488,0.10745430247570727,15873,0.17976624612108993,62937,0.7127794514032028,88298,1.5285736936283947,0.47142630637160526,0,0.0,41626,0.47142630637160526,0,0.0,46672,0.5285736936283948,88298,0.41346286028502044,0.3884535904942311,0.4464386109068893,1405,1300,-0.03787692918813457,0.1842057577748082,False
catboost_monotonic_platt,Monotonic CatBoost,W4,w04_2012m04_m09,5,primary_oot,0,54840,53021,1819,47326,0.8925897285981026,0.8888037928519329,0.8961524434719184,46484,0.8767092284189284,0.8476294675419402,0.8786287381473377,49959,3062,-0.05195201279941786,True,-0.07376334507438137,0.002705435949289888,1416,191,1.7763311451495258,0.2236688548504741,0,0.0,6099,0.1112144420131291,6167,0.112454412837345,42574,0.776331145149526,54840,0.9294493070751276,0.9294493070751276,3869,0.07055069292487236,50971,0.9294493070751276,0,0.0,0,0.0,54840,0.9304429632298484,0.9282319581452934,0.9327319537737858,1700,119,0.015880500179174195,0.8468818380743982,False
catboost_monotonic_platt,Monotonic CatBoost,W4,w04_2012m04_m09,5,primary_oot,1,73852,71333,2519,65000,0.9112192113047257,0.9065157341710448,0.9142474137464117,63147,0.8852424544039925,0.8550479337052483,0.8884254996479445,64224,7109,0.013414121050370653,True,-0.011350957018595176,0.051519287411414226,1948,322,1.793126794128798,0.20687320587120187,0,0.0,8639,0.11697719763852028,6639,0.08989600823268158,58574,0.7931267941287982,73852,0.9827899041325895,0.9827899041325895,1271,0.017210095867410496,72581,0.9827899041325895,0,0.0,0,0.0,73852,0.9832305680119582,0.9824045552132923,0.9838504101126123,2465,54,0.0259767569007332,0.8103368899962086,False
catboost_monotonic_platt,Monotonic CatBoost,W4,w04_2012m04_m09,5,primary_oot,2,81100,78463,2637,71513,0.9114232185871047,0.9072379778051788,0.9143033292231812,67984,0.8664466054063699,0.8395191122071517,0.8707891491985204,67512,10951,0.025258014378953253,True,0.005263657259232002,0.05301475607275323,2064,573,1.7860542540073983,0.21394574599260172,0,0.0,10355,0.1276818742293465,6996,0.08626387176325524,63749,0.7860542540073983,81100,1.0388902589395808,0.9611097410604192,0,0.0,77946,0.9611097410604192,0,0.0,3154,0.038890258939580764,81100,0.9568989133412473,0.9481541802388707,0.9650033365463039,101,2536,0.04497661318073487,0.7471639950678175,False
catboost_monotonic_platt,Monotonic CatBoost,W4,w04_2012m04_m09,5,primary_oot,3,78800,76404,2396,69399,0.9083163185173551,0.9045304568527919,0.9111040609137055,66558,0.8711324014449505,0.8529695431472081,0.8750507614213198,62377,14027,0.04033895161084444,True,0.022820902359208722,0.058852251065769356,1878,518,1.7770431472081218,0.22295685279187819,0,0.0,10780,0.1368020304568528,6789,0.08615482233502537,61231,0.7770431472081218,78800,1.2772969543147208,0.7227030456852792,0,0.0,56949,0.7227030456852792,0,0.0,21851,0.2772969543147208,78800,0.7019319883082626,0.6705714091125793,0.734825902200799,656,1740,0.03718391707240454,0.49974619289340105,False
catboost_monotonic_platt,Monotonic CatBoost,W4,w04_2012m04_m09,5,primary_oot,4,88298,85593,2705,72922,0.8519621931700022,0.8476296178848898,0.8564973159074951,76780,0.8970359725678502,0.8858524541892229,0.9001902647851594,63770,21823,-0.08842075549150474,True,-0.10098000178410772,-0.07442045382425867,1922,783,1.7115336700718022,0.2884663299281977,0,0.0,8831,0.10001359034179709,16640,0.1884527395864006,62827,0.7115336700718023,88298,1.5389136786790187,0.4610863213209812,0,0.0,40713,0.4610863213209812,0,0.0,47585,0.5389136786790187,88298,0.4038399853365715,0.37885822371249245,0.43652821689982246,1439,1266,-0.04507377939784796,0.1726199913927835,False
catboost_monotonic_platt,Monotonic CatBoost,W5,w05_2012m05_m10,5,primary_oot,0,54840,53021,1819,47148,0.8892325682276834,0.8855944566010212,0.8929066374908826,46605,0.8789913430527527,0.8498358862144421,0.8809628008752736,49959,3062,-0.0610605399235995,True,-0.08134839867241567,-0.008561823726000152,1418,182,1.7781363967906638,0.22186360320933626,0,0.0,5786,0.10550692924872355,6381,0.1163566739606127,42673,0.7781363967906637,54840,0.9318927789934355,0.9318927789934355,3735,0.06810722100656455,51105,0.9318927789934355,0,0.0,0,0.0,54840,0.9328649492583919,0.9307782948213537,0.9350830333294623,1707,112,0.010241225174930646,0.8462436177972283,False
catboost_monotonic_platt,Monotonic CatBoost,W5,w05_2012m05_m10,5,primary_oot,1,73852,71333,2519,64917,0.910055654465675,0.9052158370795645,0.9131235443860695,63062,0.884050860050748,0.8538969831555002,0.8872339273140877,64224,7109,0.016965124455739833,True,-0.008609120010246663,0.056257062729230034,1935,334,1.7867085522396144,0.21329144776038564,0,0.0,9058,0.1226507068190435,6694,0.09064074094134214,58100,0.7867085522396143,73852,0.9814223040675947,0.9814223040675947,1372,0.018577695932405353,72480,0.9814223040675947,0,0.0,0,0.0,73852,0.9819070752366716,0.9810363871128327,0.982575053234562,2462,57,0.02600479441492709,0.8052862481720198,False
catboost_monotonic_platt,Monotonic CatBoost,W5,w05_2012m05_m10,5,primary_oot,2,81100,78463,2637,71522,0.9115379223328193,0.9067447595561036,0.9144143033292231,67728,0.8631839210838229,0.8356843403205919,0.8676325524044389,67512,10951,0.044918883943794286,True,0.022803737583994677,0.07600478830382014,2015,410,1.7701726263871764,0.22982737361282368,0,0.0,11887,0.14657213316892725,6752,0.08325524044389643,62461,0.7701726263871763,81100,1.0177435265104808,0.9822564734895192,0,0.0,79661,0.9822564734895192,0,0.0,1439,0.01774352651048089,81100,0.9802757739019268,0.9761753205419661,0.9840496233938858,46,2591,0.04835400124899636,0.7524290998766956,False
catboost_monotonic_platt,Monotonic CatBoost,W5,w05_2012m05_m10,5,primary_oot,3,78800,76404,2396,69347,0.9076357258782263,0.9038451776649746,0.9104441624365482,66526,0.8707135752054866,0.8525,0.8746446700507614,62377,14027,0.03924334311140554,True,0.02172670679213559,0.05769940283766725,1876,520,1.7763324873096447,0.22366751269035534,0,0.0,10760,0.1365482233502538,6865,0.08711928934010152,61175,0.7763324873096447,78800,1.274530456852792,0.7254695431472081,0,0.0,57167,0.7254695431472081,0,0.0,21633,0.27453045685279187,78800,0.7042133029158053,0.6729799700231639,0.7369388790261222,651,1745,0.03692215067273963,0.5018020304568527,False
catboost_monotonic_platt,Monotonic CatBoost,W5,w05_2012m05_m10,5,primary_oot,4,88298,85593,2705,73190,0.8550932903391633,0.8508346734920383,0.8595324922421799,76786,0.8971060717582046,0.885954381752701,0.9002582164941448,63770,21823,-0.08520222548914513,True,-0.09763598544975406,-0.07128368587116493,1937,768,1.7161996874221386,0.2838003125778613,0,0.0,8763,0.09924347097329497,16296,0.18455684160456637,63239,0.7161996874221387,88298,1.539276087793608,0.460723912206392,0,0.0,40681,0.460723912206392,0,0.0,47617,0.539276087793608,88298,0.4035650460523301,0.3785514721684934,0.43619509659533917,1442,1263,-0.0420127814190413,0.17692359962853055,False
catboost_monotonic_platt,Monotonic CatBoost,W6,w06_2012m06_m11,5,primary_oot,0,54840,53021,1819,47147,0.8892137077761642,0.8857038657913932,0.8928884026258206,46734,0.8814243412987307,0.8521881838074398,0.8834245076586433,49959,3062,-0.06489316013788393,True,-0.08411137095750093,-0.014109502904984786,1425,175,1.7828409919766595,0.21715900802334062,0,0.0,5515,0.10056528081692195,6394,0.11659372720641867,42931,0.7828409919766594,54840,0.9345185995623633,0.9345185995623633,3591,0.06548140043763676,51249,0.9345185995623633,0,0.0,0,0.0,54840,0.9354470665946075,0.9334664935583741,0.9375870877844867,1713,106,0.007789366477433446,0.8483223924142962,False
catboost_monotonic_platt,Monotonic CatBoost,W6,w06_2012m06_m11,5,primary_oot,1,73852,71333,2519,64646,0.9062565712923892,0.9003953853653253,0.9094540432215783,63036,0.883686372366226,0.8535449276932243,0.8868547906624059,64224,7109,0.04180564912313167,True,0.01166953139429791,0.08860505470710275,1850,414,1.754346530899637,0.2456534691003629,0,0.0,11345,0.15361804690462005,6797,0.09203542219574283,55710,0.7543465308996371,73852,0.981016086226507,0.981016086226507,1402,0.01898391377349293,72450,0.981016086226507,0,0.0,0,0.0,73852,0.9815022421524664,0.980601403170356,0.9821846319956811,2460,59,0.022570198926163187,0.7733304446731301,False
catboost_monotonic_platt,Monotonic CatBoost,W6,w06_2012m06_m11,5,primary_oot,2,81100,78463,2637,71481,0.9110153830467864,0.9059432799013564,0.9139087546239211,67704,0.8628780444285842,0.835265104808878,0.8673366214549938,67512,10951,0.05280182794899235,True,0.029800894554418117,0.08542252587333296,1991,435,1.7611837237977805,0.23881627620221949,0,0.0,12659,0.1560912453760789,6709,0.08272503082614056,61732,0.7611837237977805,81100,1.0154007398273737,0.9845992601726263,0,0.0,79851,0.9845992601726263,0,0.0,1249,0.015400739827373612,81100,0.9824673545794904,0.9792482024210432,0.9858323494687131,36,2601,0.04813733861820224,0.7457829839704069,False
catboost_monotonic_platt,Monotonic CatBoost,W6,w06_2012m06_m11,5,primary_oot,3,78800,76404,2396,69462,0.9091408826762997,0.9055964467005077,0.9119035532994924,66362,0.8685670907282341,0.8501522842639594,0.8725634517766497,62377,14027,0.03514903242463463,True,0.018061542235345063,0.05262356264182183,1899,497,1.7826142131979696,0.21738578680203047,0,0.0,10330,0.13109137055837564,6800,0.08629441624365482,61670,0.7826142131979695,78800,1.2646573604060913,0.7353426395939087,0,0.0,57945,0.7353426395939087,0,0.0,20855,0.2646573604060914,78800,0.7159050402794611,0.6851333833663095,0.7476730196922687,630,1766,0.04057379194806554,0.5179568527918783,False
catboost_monotonic_platt,Monotonic CatBoost,W6,w06_2012m06_m11,5,primary_oot,4,88298,85593,2705,73375,0.8572546820417557,0.8529978028947428,0.8616276699358989,76575,0.8946409168974099,0.8831457111146346,0.8978685813948221,63770,21823,-0.08248568854509686,True,-0.0948838459844743,-0.06860810711485038,1943,762,1.7193934177444563,0.28060658225554375,0,0.0,8744,0.09902829056150762,16033,0.1815782916940361,63521,0.7193934177444563,88298,1.5288455004643366,0.4711544995356633,0,0.0,41602,0.4711544995356633,0,0.0,46696,0.5288455004643366,88298,0.4132337442148192,0.3882383330463234,0.4462223759892747,1405,1300,-0.03738623485565418,0.19054791728011966,False
catboost_monotonic_platt,Monotonic CatBoost,W7,w07_2012m07_m12,5,primary_oot,0,54840,53021,1819,47423,0.894419192395466,0.8909008023340628,0.8979212253829322,46734,0.8814243412987307,0.8521881838074398,0.8834245076586433,49959,3062,-0.05936863002318982,True,-0.07853922309881672,-0.008586568191886726,1434,175,1.7884208606856309,0.21157913931436909,0,0.0,5515,0.10056528081692195,6088,0.11101385849744712,43237,0.7884208606856309,54840,0.9345185995623633,0.9345185995623633,3591,0.06548140043763676,51249,0.9345185995623633,0,0.0,0,0.0,54840,0.9354470665946075,0.9334664935583741,0.9375870877844867,1713,106,0.01299485109673526,0.8539022611232676,False
catboost_monotonic_platt,Monotonic CatBoost,W7,w07_2012m07_m12,5,primary_oot,1,73852,71333,2519,64693,0.906915452875948,0.9007068190434924,0.9100904511726156,62836,0.8808826209468269,0.8508368087526404,0.8840654281536046,64224,7109,0.05659881650683429,True,0.024259349756922233,0.10589698426728078,1826,444,1.7423766451822564,0.2576233548177436,0,0.0,12387,0.16772734658506203,6639,0.08989600823268158,54826,0.7423766451822564,73852,0.9778611276607269,0.9778611276607269,1635,0.02213887233927314,72217,0.9778611276607269,0,0.0,0,0.0,73852,0.9783881415047334,0.9773989329434273,0.9791835387984043,2454,65,0.026032831929121092,0.7645155175215296,False
catboost_monotonic_platt,Monotonic CatBoost,W7,w07_2012m07_m12,5,primary_oot,2,81100,78463,2637,71327,0.9090526745090043,0.9033662145499384,0.9120098643649815,67181,0.8562124823165058,0.8283723797780518,0.8607644882860666,67512,10951,0.07323215321622112,True,0.047868792157707674,0.10909376470039965,1936,492,1.7414673242909988,0.25853267570900124,0,0.0,14330,0.17669543773119606,6637,0.08183723797780518,60133,0.7414673242909988,81100,0.9950184956843403,0.9950184956843403,404,0.004981504315659679,80696,0.9950184956843403,0,0.0,0,0.0,81100,0.9950971679108899,0.9949497941411689,0.995280799555169,2627,10,0.05284019219249847,0.7464488286066585,False
catboost_monotonic_platt,Monotonic CatBoost,W7,w07_2012m07_m12,5,primary_oot,3,78800,76404,2396,69544,0.9102141249149259,0.9068908629441624,0.9129441624365482,66221,0.8667216376105963,0.8480837563451776,0.8707741116751269,62377,14027,0.031136939005908748,True,0.014426319927218378,0.0476454526606502,1919,477,1.7876142131979695,0.21238578680203046,0,0.0,9962,0.1264213197969543,6774,0.08596446700507614,62064,0.7876142131979695,78800,1.2553553299492386,0.7446446700507614,0,0.0,58678,0.7446446700507614,0,0.0,20122,0.2553553299492386,78800,0.7259570827689457,0.6957977451315339,0.7569396142902308,608,1788,0.04349248730432964,0.5322588832487309,False
catboost_monotonic_platt,Monotonic CatBoost,W7,w07_2012m07_m12,5,primary_oot,4,88298,85593,2705,73548,0.8592758753636396,0.8550816553036309,0.863586944211647,76275,0.8911359573796923,0.879283788987293,0.894470995945548,63770,21823,-0.08370910656294417,True,-0.0958875903435132,-0.07002425342450708,1954,751,1.7243538925003963,0.2756461074996036,0,0.0,8466,0.09587986137851368,15873,0.17976624612108993,63959,0.7243538925003964,88298,1.5133072096763234,0.4866927903236766,0,0.0,42974,0.4866927903236766,0,0.0,45324,0.5133072096763234,88298,0.42698070842688907,0.40186311295122257,0.46015368675531,1364,1341,-0.031860082016052726,0.2110466828240729,False
catboost_monotonic_platt,Monotonic CatBoost,W8,w08_2012m08_2013m01,5,primary_oot,0,54840,53021,1819,47709,0.8998132815299599,0.8963347921225383,0.9031363967906637,46892,0.8844042926387657,0.8550692924872356,0.8864697301239971,49959,3062,-0.050871133009668834,True,-0.07074214438841264,0.0006969566465690373,1446,178,1.7919219547775347,0.20807804522246534,0,0.0,5653,0.10308169219547775,5758,0.10499635302698761,43429,0.7919219547775347,54840,0.937746170678337,0.937746170678337,3414,0.06225382932166302,51426,0.937746170678337,0,0.0,0,0.0,54840,0.9386096599211353,0.9367907943103724,0.9406551730810162,1722,97,0.01540898889119413,0.8541757840991977,False
catboost_monotonic_platt,Monotonic CatBoost,W8,w08_2012m08_2013m01,5,primary_oot,1,73852,71333,2519,64856,0.9092005102827583,0.9030222607376917,0.9122975681091914,62833,0.8808405646755358,0.8507961869685317,0.8840248063694958,64224,7109,0.059136808534736685,True,0.026780151274738873,0.10847620868997199,1834,444,1.7450170611493256,0.2549829388506743,0,0.0,12387,0.16772734658506203,6444,0.0872555922656123,55021,0.7450170611493256,73852,0.9778205058766181,0.9778205058766181,1638,0.0221794941233819,72214,0.9778205058766181,0,0.0,0,0.0,73852,0.9783414299950174,0.977352268661824,0.979138546447104,2454,65,0.028359945607222437,0.7671965552727076,False
catboost_monotonic_platt,Monotonic CatBoost,W8,w08_2012m08_2013m01,5,primary_oot,2,81100,78463,2637,71116,0.90636350891503,0.9003452527743526,0.9094081381011098,66842,0.8518919745612582,0.8241923551171393,0.8564611590628853,67512,10951,0.08316053221338249,True,0.056492563611534485,0.12065802045292105,1902,523,1.7284217016029593,0.2715782983970407,0,0.0,15284,0.18845869297163995,6741,0.08311960542540074,59075,0.7284217016029593,81100,0.9898890258939581,0.9898890258939581,820,0.010110974106041924,80280,0.9898890258939581,0,0.0,0,0.0,81100,0.9900758383694751,0.9897826215719956,0.9904461777581315,2617,20,0.05447153435377183,0.7385326757090012,False
catboost_monotonic_platt,Monotonic CatBoost,W8,w08_2012m08_2013m01,5,primary_oot,3,78800,76404,2396,69524,0.909952358515261,0.9066243654822335,0.9126903553299492,65720,0.8601643892989895,0.8408248730964467,0.8644162436548223,62377,14027,0.03081630800409718,True,0.014099956149977416,0.047324210280201055,1918,478,1.7872969543147208,0.21270304568527917,0,0.0,9962,0.1264213197969543,6799,0.08628172588832488,62039,0.7872969543147208,78800,1.222753807106599,0.777246192893401,0,0.0,61247,0.777246192893401,0,0.0,17553,0.22275380710659898,78800,0.7616739145932844,0.7335896731667125,0.7895631373536447,537,1859,0.04978796921627149,0.5645431472081217,False
catboost_monotonic_platt,Monotonic CatBoost,W8,w08_2012m08_2013m01,5,primary_oot,4,88298,85593,2705,74053,0.8651758905517974,0.8609028517067204,0.8693062130512582,75646,0.8837872255908777,0.8712315114725135,0.8873473917869035,63770,21823,-0.06527274107057923,True,-0.07783641148913456,-0.05126378669135386,1963,742,1.7268228045935354,0.27317719540646446,0,0.0,9232,0.10455502955899341,14889,0.16862216584747106,64177,0.7268228045935355,88298,1.4835217105710208,0.5164782894289791,0,0.0,45604,0.5164782894289791,0,0.0,42694,0.48352171057102084,88298,0.4558035100581955,0.4305128760008655,0.4891164071238063,1282,1423,-0.0186113350390803,0.24330109402251465,False
woe_scorecard_platform_platt,Platform-signal WOE scorecard,W1,w01_2012m01_m06,5,primary_oot,0,35138,33946,1192,29843,0.8791315618924174,0.872075815356594,0.8832318287893449,30334,0.8935957108348553,0.8632819170129205,0.8948431897091468,32520,1426,0.02169802939263621,True,-0.033539092538057313,0.15116975509260405,937,255,1.6513461210085947,0.3486538789914053,0,0.0,7974,0.22693380385906994,4277,0.12172007513233536,22887,0.6513461210085947,35138,0.9313563663270533,0.9313563663270533,2412,0.06864363367294667,32726,0.9313563663270533,0,0.0,0,0.0,35138,0.932779827798278,0.930405177437659,0.9349965803324511,1109,83,-0.014464148942437971,0.7199897546815414,False
woe_scorecard_platform_platt,Platform-signal WOE scorecard,W1,w01_2012m01_m06,5,primary_oot,1,64651,62524,2127,56196,0.8987908643081057,0.8944641227513882,0.9021206168504741,55929,0.8945205041264155,0.8650910272076224,0.8975112527261759,56735,5789,-0.03139149330096891,True,-0.05064285622288825,0.007285723425808381,1632,257,1.784164204730012,0.21583579526998808,0,0.0,7042,0.10892329585002553,6912,0.10691249941996257,50697,0.7841642047300119,64651,0.9854603950441602,0.9854603950441602,940,0.014539604955839816,63711,0.9854603950441602,0,0.0,0,0.0,64651,0.9857936018330836,0.9852552584293415,0.9862997399330286,2096,31,0.004270360181690247,0.7987038096858518,False
woe_scorecard_platform_platt,Platform-signal WOE scorecard,W1,w01_2012m01_m06,5,primary_oot,2,83959,81210,2749,74245,0.9142347001600788,0.9103610095403709,0.9170428423397134,71717,0.8831055288757542,0.8592169987732108,0.8869329077287724,69671,11539,0.029330361333579136,True,0.009111448861807203,0.054523100162059863,2188,561,1.790814564251599,0.209185435748401,0,0.0,10584,0.12606153003251588,6979,0.08312390571588514,66396,0.790814564251599,83959,1.159649352660227,0.8403506473397729,0,0.0,70555,0.8403506473397729,0,0.0,13404,0.159649352660227,83959,0.8226882745471877,0.7936627372293286,0.8524448290783212,422,2327,0.031129171284324575,0.631165211591372,False
woe_scorecard_platform_platt,Platform-signal WOE scorecard,W1,w01_2012m01_m06,5,primary_oot,3,90040,87174,2866,78238,0.8974923715786817,0.8931697023545091,0.9007552199022657,77168,0.8852180696079106,0.8673811639271435,0.8888716126166148,71854,15320,0.011053764302010438,True,-0.006345916120716305,0.03187587457759436,2183,683,1.7729897823189693,0.22701021768103066,0,0.0,11235,0.12477787649933363,9205,0.10223234118169702,69600,0.7729897823189693,90040,1.323356286095069,0.6766437139049312,0,0.0,60925,0.6766437139049312,0,0.0,29115,0.32335628609506883,90040,0.6531331592689296,0.6157159559411728,0.6920312952767314,931,1935,0.012274301970771062,0.44963349622390036,False
woe_scorecard_platform_platt,Platform-signal WOE scorecard,W1,w01_2012m01_m06,5,primary_oot,4,103102,99960,3142,88958,0.8899359743897559,0.8857539136001241,0.8932901398614964,89755,0.8979091636654661,0.8857054179356365,0.901020348780819,77062,22898,-0.005055655406503545,True,-0.018547684916936882,0.01225854629400825,2365,777,1.7578320498147466,0.24216795018525344,0,0.0,12635,0.12254854416015208,12333,0.11961940602510135,78134,0.7578320498147466,103102,1.507419836666602,0.492580163333398,0,0.0,50786,0.492580163333398,0,0.0,52316,0.507419836666602,103102,0.44567211110140625,0.41719471812272596,0.4814315479838216,1563,1579,-0.007973189275710224,0.25041221314814455,False
woe_scorecard_platform_platt,Platform-signal WOE scorecard,W2,w02_2012m02_m07,5,primary_oot,0,35138,33946,1192,29940,0.8819890414187238,0.87520632933007,0.8859923729295919,30334,0.8935957108348553,0.8632819170129205,0.8948431897091468,32520,1426,0.015164645685727507,True,-0.036738760260087044,0.14307384586471217,944,248,1.6620752461722352,0.3379247538277648,0,0.0,7688,0.21879446752803233,4186,0.11913028629973248,23264,0.6620752461722352,35138,0.9313563663270533,0.9313563663270533,2412,0.06864363367294667,32726,0.9313563663270533,0,0.0,0,0.0,35138,0.932779827798278,0.930405177437659,0.9349965803324511,1109,83,-0.011606669416131532,0.7307188798451819,False
woe_scorecard_platform_platt,Platform-signal WOE scorecard,W2,w02_2012m02_m07,5,primary_oot,1,64651,62524,2127,56298,0.9004222378606616,0.8957015359391193,0.9036983186648312,55910,0.894216620817606,0.8647971415755363,0.8972018994292432,56735,5789,-0.020075300760264758,True,-0.040985381591925774,0.021619319981820484,1610,281,1.7738936752718442,0.22610632472815578,0,0.0,7882,0.12191613432120153,6736,0.10419019040695426,50033,0.7738936752718442,64651,0.9851355740823808,0.9851355740823808,961,0.014864425917619217,63690,0.9851355740823808,0,0.0,0,0.0,64651,0.9854587115537147,0.9849032008032836,0.9859765425803162,2095,32,0.006205617043055556,0.7887581011894633,False
woe_scorecard_platform_platt,Platform-signal WOE scorecard,W2,w02_2012m02_m07,5,primary_oot,2,83959,81210,2749,74013,0.911377909124492,0.908026536761991,0.9142795888469372,71883,0.8851496121167344,0.86163484557939,0.8889100632451554,69671,11539,0.011050087019057298,True,-0.007442210771341579,0.03384378292245015,2224,525,1.7992710727855263,0.20072892721447372,0,0.0,9409,0.11206660393763623,7444,0.0886623232768375,67106,0.7992710727855262,83959,1.1740254171679034,0.8259745828320966,0,0.0,69348,0.8259745828320966,0,0.0,14611,0.17402541716790337,83959,0.8083022792269694,0.7773795632605435,0.8400462795574518,459,2290,0.02622829700775764,0.6252456556176229,False
woe_scorecard_platform_platt,Platform-signal WOE scorecard,W2,w02_2012m02_m07,5,primary_oot,3,90040,87174,2866,78364,0.898937756670567,0.8943025322079076,0.9021545979564638,77423,0.8881432537224402,0.8706796979120391,0.8917036872501111,71854,15320,0.022389462720350917,True,0.004245738916255043,0.044471587051888944,2159,707,1.7673367392270103,0.2326632607729898,0,0.0,12044,0.1337627721012883,8905,0.09890048867170147,69091,0.7673367392270102,90040,1.3394047090182142,0.6605952909817858,0,0.0,59480,0.6605952909817858,0,0.0,30560,0.3394047090182141,90040,0.6364882506527415,0.5984778739335911,0.6764654621507001,973,1893,0.010794502948126783,0.4279320302087961,False
woe_scorecard_platform_platt,Platform-signal WOE scorecard,W2,w02_2012m02_m07,5,primary_oot,4,103102,99960,3142,88410,0.884453781512605,0.8801284165195632,0.887975015033656,89771,0.8980692276910764,0.8858800023277918,0.9011755349071793,77062,22898,-0.008824551112939116,True,-0.022563692142359162,0.008930847311083345,2333,809,1.7481329169172275,0.2518670830827724,0,0.0,12944,0.12554557622548543,13024,0.12632150685728696,77134,0.7481329169172276,103102,1.5081181742352234,0.4918818257647766,0,0.0,50714,0.4918818257647766,0,0.0,52388,0.5081181742352233,103102,0.44497336011878763,0.4165065609287495,0.4807354443309499,1565,1577,-0.013615446178471435,0.24001474268200407,False
woe_scorecard_platform_platt,Platform-signal WOE scorecard,W3,w03_2012m03_m08,5,primary_oot,0,35138,33946,1192,30203,0.8897366405467507,0.8840002276737435,0.8934771472479937,30436,0.8966004831202498,0.8661847572428709,0.897774489157038,32520,1426,0.002023611750843979,True,-0.043057177055888796,0.11504126564593553,983,209,1.7033126529682965,0.2966873470317036,0,0.0,6489,0.18467186521714382,3936,0.11201548181455974,24713,0.7033126529682965,35138,0.93451533951847,0.93451533951847,2301,0.06548466048152997,32837,0.93451533951847,0,0.0,0,0.0,35138,0.9359163591635916,0.9335623581375375,0.9380315194766577,1110,82,-0.006863842573499035,0.7687973134498265,False
woe_scorecard_platform_platt,Platform-signal WOE scorecard,W3,w03_2012m03_m08,5,primary_oot,1,64651,62524,2127,56813,0.9086590749152326,0.9041159456156904,0.9116641660608498,55809,0.8926012411234087,0.8632349074260259,0.8956087299500395,56735,5789,-0.0109980116089472,True,-0.031780273683122334,0.03090560734461728,1639,281,1.7831897418446736,0.21681025815532629,0,0.0,7882,0.12191613432120153,6135,0.09489412383412477,50634,0.7831897418446737,64651,0.9833103896304775,0.9833103896304775,1079,0.016689610369522514,63572,0.9833103896304775,0,0.0,0,0.0,64651,0.9836785053318058,0.9830893621518786,0.9842591963010812,2093,34,0.016057833791823906,0.7998793522141961,False
woe_scorecard_platform_platt,Platform-signal WOE scorecard,W3,w03_2012m03_m08,5,primary_oot,2,83959,81210,2749,73913,0.9101465336781185,0.9067997474958015,0.9130885313069474,71241,0.8772441817510159,0.8522612227396705,0.8812634738384212,69671,11539,0.00961476959860974,True,-0.008887702799715319,0.032419900672256446,2221,528,1.797913267189938,0.20208673281006206,0,0.0,9409,0.11206660393763623,7558,0.09002012887242583,66992,0.7979132671899379,83959,1.119070022272776,0.880929977727224,0,0.0,73962,0.880929977727224,0,0.0,9997,0.119070022272776,83959,0.8639396828148019,0.8410528980005063,0.8876484900529557,314,2435,0.03290235192710256,0.678843244917162,False
woe_scorecard_platform_platt,Platform-signal WOE scorecard,W3,w03_2012m03_m08,5,primary_oot,3,90040,87174,2866,78471,0.900165186867644,0.8955575299866726,0.9033429586850289,77314,0.886892880904857,0.8693025322079075,0.8904931141714794,71854,15320,0.023878593457679287,True,0.005758919894459619,0.045976774331553304,2165,701,1.7689471346068415,0.23105286539315859,0,0.0,12044,0.1337627721012883,8760,0.09729009329187029,69236,0.7689471346068414,90040,1.3329631274988893,0.6670368725011107,0,0.0,60060,0.6670368725011107,0,0.0,29980,0.3329631274988894,90040,0.6436031331592689,0.6057255191055412,0.6830740654748084,958,1908,0.013272305962787057,0.43598400710795215,False
woe_scorecard_platform_platt,Platform-signal WOE scorecard,W3,w03_2012m03_m08,5,primary_oot,4,103102,99960,3142,88338,0.883733493397359,0.8795367694128144,0.8872766774650346,89771,0.8980692276910764,0.8858800023277918,0.9011755349071793,77062,22898,-0.013101125287897752,True,-0.026669397387158206,0.004315536911194191,2344,798,1.749393804193905,0.25060619580609494,0,0.0,12635,0.12254854416015208,13203,0.12805765164594285,77264,0.7493938041939051,103102,1.5081569707668134,0.49184302923318657,0,0.0,50710,0.49184302923318657,0,0.0,52392,0.5081569707668134,103102,0.44497336011878763,0.4165065609287495,0.4807354443309499,1565,1577,-0.014335734293717484,0.24123683342709157,False
woe_scorecard_platform_platt,Platform-signal WOE scorecard,W4,w04_2012m04_m09,5,primary_oot,0,35138,33946,1192,30267,0.8916219878630767,0.8859354544937105,0.8952985371961979,30205,0.8897955576503859,0.8596106778985714,0.8910296545050942,32520,1426,0.0017955936922622318,True,-0.04253128372737092,0.11363998458572824,974,206,1.70675621833912,0.29324378166087994,0,0.0,6434,0.18310660823040584,3870,0.11013717343047413,24834,0.7067562183391201,35138,0.9273720758153566,0.9273720758153566,2552,0.07262792418464341,32586,0.9273720758153566,0,0.0,0,0.0,35138,0.9288130381303813,0.9263064278704612,0.9311503687842018,1104,88,0.0018264302126907994,0.7793841425237634,False
woe_scorecard_platform_platt,Platform-signal WOE scorecard,W4,w04_2012m04_m09,5,primary_oot,1,64651,62524,2127,56948,0.9108182457936153,0.9064206276778395,0.9137523008151459,55690,0.8906979719787601,0.8613942553092759,0.8936752718442097,56735,5789,-0.009379996886178965,True,-0.03001317596757591,0.03192140167023296,1653,276,1.7868401107484804,0.21315988925151969,0,0.0,7800,0.1206477858037772,5981,0.0925121034477425,50870,0.7868401107484803,64651,0.9811294488871015,0.9811294488871015,1220,0.018870551112898485,63431,0.9811294488871015,0,0.0,0,0.0,64651,0.9815810346347053,0.9808894760017614,0.9822345380979906,2087,40,0.02012027381485515,0.8057106618613789,False
woe_scorecard_platform_platt,Platform-signal WOE scorecard,W4,w04_2012m04_m09,5,primary_oot,2,83959,81210,2749,74287,0.9147518778475557,0.9110637334889649,0.9175430865065092,70789,0.8716783647334072,0.8458771543253255,0.8758798937576674,69671,11539,0.02215497831077906,True,0.002874827457028134,0.046463354935069846,2205,544,1.7976988768327398,0.2023011231672602,0,0.0,9964,0.11867697328457938,7021,0.08362414988268083,66974,0.7976988768327398,83959,1.0869352898438525,0.9130647101561477,0,0.0,76660,0.9130647101561477,0,0.0,7299,0.08693528984385236,83959,0.9031111881445533,0.8854618064406492,0.9204723289230331,230,2519,0.04307351311414853,0.7107635869888873,False
woe_scorecard_platform_platt,Platform-signal WOE scorecard,W4,w04_2012m04_m09,5,primary_oot,3,90040,87174,2866,78540,0.900956707275105,0.896446023989338,0.9041092847623279,77263,0.8863078440819511,0.8686250555308752,0.8899266992447801,71854,15320,0.019770633314246666,True,0.0020890211921147095,0.0414689151037997,2176,690,1.773189693469569,0.2268103065304309,0,0.0,11671,0.12962016881386051,8751,0.09719013771657041,69618,0.7731896934695691,90040,1.329808973789427,0.670191026210573,0,0.0,60344,0.670191026210573,0,0.0,29696,0.3298089737894269,90040,0.6469321148825065,0.6092328497664125,0.686216498433693,948,1918,0.01464886319315395,0.44338071968014203,False
woe_scorecard_platform_platt,Platform-signal WOE scorecard,W4,w04_2012m04_m09,5,primary_oot,4,103102,99960,3142,87706,0.8774109643857543,0.8729995538398867,0.8811468254738026,89771,0.8980692276910764,0.8858800023277918,0.9011755349071793,77062,22898,-0.012351850824508515,True,-0.02644985885807692,0.005862784679528374,2302,840,1.7351263797016547,0.2648736202983453,0,0.0,13440,0.13035634614265484,13869,0.13451727415569048,75793,0.7351263797016546,103102,1.5081569707668134,0.49184302923318657,0,0.0,50710,0.49184302923318657,0,0.0,52392,0.5081569707668134,103102,0.44497336011878763,0.4165065609287495,0.4807354443309499,1565,1577,-0.020658263305322166,0.2269694089348413,False
woe_scorecard_platform_platt,Platform-signal WOE scorecard,W5,w05_2012m05_m10,5,primary_oot,0,35138,33946,1192,30252,0.8911801095858127,0.8854231885707781,0.8948716489270875,30269,0.8916809049667118,0.8614320678467756,0.8929079628891798,32520,1426,0.0035303768184946627,True,-0.04156003384955803,0.11653366931127895,983,209,1.704820991519153,0.29517900848084694,0,0.0,6489,0.18467186521714382,3883,0.11050714326370312,24766,0.704820991519153,35138,0.9294211395070864,0.9294211395070864,2480,0.07057886049291366,32658,0.9294211395070864,0,0.0,0,0.0,35138,0.9307810578105781,0.9283260749555297,0.933057752929281,1106,86,-0.0005007953808990884,0.7753998520120666,False
woe_scorecard_platform_platt,Platform-signal WOE scorecard,W5,w05_2012m05_m10,5,primary_oot,1,64651,62524,2127,57405,0.9181274390633997,0.9137832361448393,0.9208210236500596,55865,0.8934968971914785,0.8641010966574376,0.8964903868462978,56735,5789,-0.0013250043771457776,True,-0.0218806641068498,0.04004620964483432,1672,276,1.7951153114414318,0.2048846885585683,0,0.0,7800,0.1206477858037772,5446,0.08423690275479111,51405,0.7951153114414317,64651,0.9843467231752022,0.9843467231752022,1012,0.01565327682479776,63639,0.9843467231752022,0,0.0,0,0.0,64651,0.9846655503657354,0.9840931510710258,0.9852113753420931,2094,33,0.024630541871921152,0.8107685882662296,False
woe_scorecard_platform_platt,Platform-signal WOE scorecard,W5,w05_2012m05_m10,5,primary_oot,2,83959,81210,2749,74220,0.9139268562984854,0.9105277575959695,0.916745077954716,69793,0.8594138652875262,0.8316678378732476,0.8640169606593695,69671,11539,0.014021194079383736,True,-0.0044722173088040384,0.036755782840788405,2227,522,1.8023201800879,0.19767981991209996,0,0.0,9409,0.11206660393763623,7188,0.08561321597446372,67362,0.8023201800879001,83959,1.0091235007563215,0.9908764992436785,0,0.0,83193,0.9908764992436785,0,0.0,766,0.009123500756321538,83959,0.9894271600658636,0.9866055997234704,0.9914415994387934,33,2716,0.05451299101095919,0.7931966793315786,False
woe_scorecard_platform_platt,Platform-signal WOE scorecard,W5,w05_2012m05_m10,5,primary_oot,3,90040,87174,2866,78682,0.902585633331039,0.8981230564193692,0.9056863616170591,77033,0.8836694427237479,0.8655597512216793,0.8873722789871168,71854,15320,0.02174686289088812,True,0.004106577630076519,0.043473597747721096,2185,681,1.7751665926254998,0.22483340737450022,0,0.0,11671,0.12962016881386051,8573,0.09521323856063972,69796,0.7751665926254998,90040,1.3139937805419812,0.6860062194580187,0,0.0,61768,0.6860062194580187,0,0.0,28272,0.31399378054198135,90040,0.6619451697127937,0.6251387005301442,0.7003587132608194,902,1964,0.018916190607291106,0.46117281208351857,False
woe_scorecard_platform_platt,Platform-signal WOE scorecard,W5,w05_2012m05_m10,5,primary_oot,4,103102,99960,3142,87664,0.8769907963185274,0.8727279781187561,0.8807394618921068,89539,0.8957482993197279,0.8833097321099493,0.898925336074955,77062,22898,-0.018731662102215774,True,-0.03250248232565557,-0.0008831319469082138,2316,826,1.738424084886811,0.2615759151131889,0,0.0,12903,0.12514791177668716,14066,0.1364280033365017,76133,0.7384240848868111,103102,1.4975267211111327,0.5024732788888673,0,0.0,51806,0.5024732788888673,0,0.0,51296,0.49752672111113266,103102,0.4551052493667569,0.4265656979124026,0.49090093030847065,1532,1610,-0.018757503001200493,0.24089736377567839,False
woe_scorecard_platform_platt,Platform-signal WOE scorecard,W6,w06_2012m06_m11,5,primary_oot,0,35138,33946,1192,30449,0.8969834442938786,0.8934771472479937,0.9004781148614036,30269,0.8916809049667118,0.8614320678467756,0.8929079628891798,32520,1426,-0.048972818970826504,True,-0.07428148847173155,0.026247891912242104,946,124,1.7826854118048836,0.2173145881951164,0,0.0,3877,0.11033638795605896,3759,0.10697820023905744,27502,0.7826854118048836,35138,0.9294211395070864,0.9294211395070864,2480,0.07057886049291366,32658,0.9294211395070864,0,0.0,0,0.0,35138,0.9307810578105781,0.9283260749555297,0.933057752929281,1106,86,0.005302539327166733,0.8532642722977972,False
woe_scorecard_platform_platt,Platform-signal WOE scorecard,W6,w06_2012m06_m11,5,primary_oot,1,64651,62524,2127,57311,0.916624016377711,0.9122210019953287,0.9193670631544756,55937,0.8946484549932826,0.8652147685263956,0.8976504617097957,56735,5789,-0.0022203611286439884,True,-0.022883397468422217,0.03985048708378186,1665,281,1.792238325779957,0.207761674220043,0,0.0,7882,0.12191613432120153,5550,0.08584553989884147,51219,0.792238325779957,64651,0.9856460070223199,0.9856460070223199,928,0.01435399297768016,63723,0.9856460070223199,0,0.0,0,0.0,64651,0.9859346082665021,0.9854135470800669,0.9864359532227359,2097,30,0.021975561384428355,0.8065923187576372,False
woe_scorecard_platform_platt,Platform-signal WOE scorecard,W6,w06_2012m06_m11,5,primary_oot,2,83959,81210,2749,74016,0.9114148503878833,0.9080860896389905,0.9143153205731369,69772,0.8591552764437878,0.8313462523374504,0.8637668385759716,69671,11539,0.010790099151824384,True,-0.007674660898541824,0.03345120385802559,2226,523,1.7996164794721232,0.2003835205278767,0,0.0,9380,0.1117211972510392,7444,0.0886623232768375,67135,0.7996164794721233,83959,1.0076465894067343,0.9923534105932658,0,0.0,83317,0.9923534105932658,0,0.0,642,0.00764658940673424,83959,0.9912470751364937,0.9889330797164101,0.9929177477035273,27,2722,0.05225957394409553,0.7919698900653889,False
woe_scorecard_platform_platt,Platform-signal WOE scorecard,W6,w06_2012m06_m11,5,primary_oot,3,90040,87174,2866,78788,0.9038015922178632,0.8997778764993336,0.9068636161705909,76934,0.8825337830086952,0.8642492225677477,0.8862727676588184,71854,15320,0.008888458253867193,True,-0.0076163501990255955,0.02852565060035379,2228,638,1.7880719680142159,0.21192803198578408,0,0.0,10414,0.11565970679697912,8668,0.09626832518880497,70958,0.7880719680142159,90040,1.3081852509995557,0.6918147490004443,0,0.0,62291,0.6918147490004443,0,0.0,27749,0.30818525099955574,90040,0.6684073107049608,0.6319817317780657,0.7064092931861528,883,1983,0.02126780920916793,0.4798867170146601,False
woe_scorecard_platform_platt,Platform-signal WOE scorecard,W6,w06_2012m06_m11,5,primary_oot,4,103102,99960,3142,87436,0.8747098839535814,0.8704680801536343,0.8785280595914725,89096,0.8913165266106443,0.8784116699967023,0.894628620201354,77062,22898,-0.021690318768276873,True,-0.03545295610340318,-0.0037471428963636103,2311,831,1.7353591588911952,0.26464084110880487,0,0.0,12911,0.1252255048398673,14374,0.13941533626893757,75817,0.7353591588911951,103102,1.4776241004054238,0.5223758995945762,0,0.0,53858,0.5223758995945762,0,0.0,49244,0.47762410040542375,103102,0.4744519171980086,0.4458305975049245,0.5102157102157102,1470,1672,-0.01660664265706291,0.2577350584857714,False
woe_scorecard_platform_platt,Platform-signal WOE scorecard,W7,w07_2012m07_m12,5,primary_oot,0,35138,33946,1192,30698,0.9043186236964591,0.8998520120667084,0.9075644601286357,30388,0.8951864726330053,0.8648187147817178,0.8963799874779441,32520,1426,-0.021551652753554196,True,-0.05355294250580073,0.07197482480987057,921,161,1.760458762593204,0.23954123740679606,0,0.0,4959,0.14112926176788662,3458,0.09841197563890944,26721,0.7604587625932039,35138,0.9330070009676135,0.9330070009676135,2354,0.06699299903238659,32784,0.9330070009676135,0,0.0,0,0.0,35138,0.934440344403444,0.9320614667361898,0.936602337268429,1109,83,0.009132151063453775,0.8274517616255905,False
woe_scorecard_platform_platt,Platform-signal WOE scorecard,W7,w07_2012m07_m12,5,primary_oot,1,64651,62524,2127,57185,0.9146087902245538,0.9100555289167994,0.9174181373837992,55587,0.8890506045678459,0.8598010858300722,0.8920511670353127,56735,5789,-0.002156805931477379,True,-0.023262987717791617,0.04059921601947949,1651,287,1.7869638520672535,0.21303614793274658,0,0.0,8089,0.1251179409444556,5684,0.08791820698829098,50878,0.7869638520672534,64651,0.9791959907812717,0.9791959907812717,1345,0.02080400921872825,63306,0.9791959907812717,0,0.0,0,0.0,64651,0.9797655768044417,0.9790408087782025,0.9804828289697382,2085,42,0.025558185656707866,0.8077678612859818,False
woe_scorecard_platform_platt,Platform-signal WOE scorecard,W7,w07_2012m07_m12,5,primary_oot,2,83959,81210,2749,74083,0.9122398719369536,0.9090270250955824,0.91511332912493,69375,0.8542667159216846,0.8262961683678939,0.858835860360414,69671,11539,0.004983703450290533,True,-0.012624615417577312,0.027026583679499498,2238,511,1.8048690432234782,0.19513095677652187,0,0.0,8939,0.10646863349968437,7444,0.0886623232768375,67576,0.8048690432234781,83959,0.995581176526638,0.995581176526638,371,0.004418823473361998,83588,0.995581176526638,0,0.0,0,0.0,83959,0.9957514604354754,0.9955085524050052,0.9959117716116735,2732,17,0.05797315601526898,0.8092878666968402,False
woe_scorecard_platform_platt,Platform-signal WOE scorecard,W7,w07_2012m07_m12,5,primary_oot,3,90040,87174,2866,78946,0.9056140592378461,0.9016770324300311,0.9086183918258551,76182,0.8739073576983963,0.8542980897378942,0.8779209240337628,71854,15320,0.008315667446049058,True,-0.007886466585662028,0.02779125668400373,2241,625,1.7921368280764105,0.20786317192358952,0,0.0,10201,0.11329409151488228,8515,0.09456908040870723,71324,0.7921368280764105,90040,1.2619391381608174,0.7380608618391826,0,0.0,66455,0.7380608618391826,0,0.0,23585,0.26193913816081743,90040,0.7174934725848564,0.6844759947692882,0.7519344299879636,739,2127,0.031706701539449766,0.5301976899155931,False
woe_scorecard_platform_platt,Platform-signal WOE scorecard,W7,w07_2012m07_m12,5,primary_oot,4,103102,99960,3142,87768,0.878031212484994,0.8740179627941262,0.8817481717134488,88552,0.885874349739896,0.8724176058660356,0.8893522919051037,77062,22898,-0.028995042063823973,True,-0.04210855022758721,-0.011919658541528242,2345,797,1.7462124886035189,0.25378751139648115,0,0.0,11966,0.1160598242517119,14200,0.13772768714476927,76936,0.7462124886035189,103102,1.452677930593005,0.547322069406995,0,0.0,56430,0.547322069406995,0,0.0,46672,0.452677930593005,103102,0.4982094506070399,0.4695809664937845,0.5337607531244928,1396,1746,-0.007843137254901933,0.29353455801051376,False
woe_scorecard_platform_platt,Platform-signal WOE scorecard,W8,w08_2012m08_2013m01,5,primary_oot,0,35138,33946,1192,30699,0.9043480822482767,0.8998804712846491,0.9075929193465764,30458,0.8972485712602368,0.8668108600375661,0.8984005919517332,32520,1426,-0.021520902446051093,True,-0.053522446333070406,0.07200463018079846,921,161,1.7604872218111447,0.23951277818885536,0,0.0,4959,0.14112926176788662,3457,0.09838351642096875,26722,0.7604872218111446,35138,0.9351983607490466,0.9351983607490466,2277,0.06480163925095338,32861,0.9351983607490466,0,0.0,0,0.0,35138,0.9365928659286593,0.9342371633642108,0.9386856972940827,1110,82,0.007099510988039848,0.8252888610620981,False
woe_scorecard_platform_platt,Platform-signal WOE scorecard,W8,w08_2012m08_2013m01,5,primary_oot,1,64651,62524,2127,57081,0.9129454289552812,0.9085861007563688,0.9158095002397488,55239,0.8834847418591261,0.8544183384634422,0.8864364046959831,56735,5789,-0.007035764930595989,True,-0.027636030551847768,0.0343110510745275,1660,276,1.789284001794249,0.21071599820575088,0,0.0,7800,0.1206477858037772,5823,0.09006821240197367,51028,0.7892840017942491,64651,0.9729161188535367,0.9729161188535367,1751,0.027083881146463318,62900,0.9729161188535367,0,0.0,0,0.0,64651,0.9736317969507359,0.9726545992393294,0.9745599863957146,2070,57,0.029460687096155125,0.8163678829407124,False
woe_scorecard_platform_platt,Platform-signal WOE scorecard,W8,w08_2012m08_2013m01,5,primary_oot,2,83959,81210,2749,74284,0.9147149365841645,0.9118021891637585,0.9175073547803094,69177,0.8518285925378648,0.8239378744387141,0.8563822818280351,69671,11539,-0.0034450777555380396,True,-0.0196718565531058,0.016698946474252706,2270,479,1.8172679522147714,0.1827320477852285,0,0.0,8009,0.09539179837777963,7333,0.08734024940744887,68617,0.8172679522147714,83959,0.9926869067044629,0.9926869067044629,614,0.0073130932955371075,83345,0.9926869067044629,0,0.0,0,0.0,83959,0.9929095319429891,0.9925533746556474,0.9931763243317908,2724,25,0.06288634404629967,0.8245810455103085,False
woe_scorecard_platform_platt,Platform-signal WOE scorecard,W8,w08_2012m08_2013m01,5,primary_oot,3,90040,87174,2866,78895,0.9050290224149402,0.9010328742780986,0.908051976899156,75597,0.8671966412003579,0.8468014215904043,0.8714238116392714,71854,15320,0.010377588991195674,True,-0.006096432474264002,0.030022566890824692,2234,632,1.789537983118614,0.21046201688138605,0,0.0,10414,0.11565970679697912,8536,0.09480231008440693,71090,0.7895379831186139,90040,1.2240892936472678,0.7759107063527321,0,0.0,69863,0.7759107063527321,0,0.0,20177,0.22408929364726787,90040,0.7556788511749347,0.724967123802367,0.7865655471289275,649,2217,0.03783238121458232,0.5654486894713462,False
woe_scorecard_platform_platt,Platform-signal WOE scorecard,W8,w08_2012m08_2013m01,5,primary_oot,4,103102,99960,3142,88810,0.8884553821528611,0.8844154332602665,0.8918546681926636,87569,0.8760404161664666,0.8615254796221218,0.8798180442668425,77062,22898,-0.01921226308609214,True,-0.032003979138868585,-0.002400896946105603,2375,767,1.762138464821245,0.23786153517875502,0,0.0,11670,0.11318888091404629,12854,0.12467265426470873,78578,0.762138464821245,103102,1.4080522201315202,0.5919477798684798,0,0.0,61031,0.5919477798684798,0,0.0,42071,0.40805222013152026,103102,0.5411389641016683,0.5129999171979797,0.5760571336346029,1256,1886,0.012414965986394577,0.3540862446897248,False
woe_scorecard_borrower_platt,Pricing-excluded application WOE scorecard,W1,w01_2012m01_m06,5,primary_oot,0,39047,37814,1233,33904,0.8965991431744856,0.8899787435654468,0.8998642661408047,33595,0.8884275665097583,0.8603733961635978,0.8905677772940302,35488,2326,0.0180902345152264,True,-0.01626846928242076,0.11040729320340814,959,274,1.666863011242861,0.3331369887571388,0,0.0,8922,0.2284938663661741,4086,0.10464312239096474,26039,0.6668630112428612,39047,0.9457576766460931,0.9457576766460931,2118,0.05424232335390683,36929,0.9457576766460931,0,0.0,0,0.0,39047,0.9466580252479712,0.9452197400258849,0.9483731966073036,1179,54,0.008171576664727342,0.721105334596768,False
woe_scorecard_borrower_platt,Pricing-excluded application WOE scorecard,W1,w01_2012m01_m06,5,primary_oot,1,58224,56371,1853,50446,0.8948927640098632,0.8916769716955207,0.8982378400659522,49634,0.8804881942842951,0.8524663369057434,0.8839997251992305,50151,6220,-0.01911331316401954,True,-0.03919056816113731,0.00580566014379616,1471,382,1.787390079692223,0.21260992030777687,0,0.0,6041,0.10375446551250343,6338,0.10885545479527342,45845,0.7873900796922232,58224,0.9894545204726574,0.9894545204726574,614,0.010545479527342676,57610,0.9894545204726574,0,0.0,0,0.0,58224,0.9896911327790074,0.9893557646308403,0.9900552061092196,1836,17,0.014404569725568028,0.7979355592195657,False
woe_scorecard_borrower_platt,Pricing-excluded application WOE scorecard,W1,w01_2012m01_m06,5,primary_oot,2,72677,70244,2433,63238,0.9002619440806332,0.8964321587297219,0.9036008640973072,62362,0.8877911280678776,0.8639459526397623,0.8915475322316552,60603,9641,-0.0027140199539728016,True,-0.02200426304555103,0.02241596399859514,1912,521,1.7892042874637093,0.2107957125362907,0,0.0,7974,0.10971834280446359,7346,0.10107736973182713,57357,0.7892042874637093,72677,1.1704665850268998,0.8295334149731002,0,0.0,60288,0.8295334149731002,0,0.0,12389,0.17046658502689985,72677,0.817550046675656,0.7828764402065952,0.8489739847170945,427,2006,0.01247081601275557,0.6187377024368095,False
woe_scorecard_borrower_platt,Pricing-excluded application WOE scorecard,W1,w01_2012m01_m06,5,primary_oot,3,87156,84389,2767,74926,0.8878645321072651,0.8839781541144615,0.8914245720317592,75203,0.8911469504319284,0.8726306852081326,0.8946027812198816,70640,13749,0.008276115128974304,True,-0.01109717679326691,0.028984687571390194,2118,649,1.7616113635320574,0.23838863646794253,0,0.0,11027,0.1265202625177842,9750,0.11186837395015833,66379,0.7616113635320575,87156,1.3135756574418285,0.6864243425581715,0,0.0,59826,0.6864243425581715,0,0.0,27330,0.31357565744182847,87156,0.6681213179140302,0.629134990754058,0.7086950970377937,852,1915,-0.00328241832466325,0.4480357060902289,False
woe_scorecard_borrower_platt,Pricing-excluded application WOE scorecard,W1,w01_2012m01_m06,5,primary_oot,4,119786,115996,3790,101288,0.8732025242249732,0.868665787320722,0.8772143656186867,104996,0.905169143763578,0.892416476048954,0.9081695690648323,90960,25036,-0.01841356362405422,True,-0.03373499654622261,0.0005625679621411445,2766,1024,1.727739468719216,0.2722605312807841,0,0.0,15738,0.13138430200524268,16875,0.1408762292755414,87173,0.7277394687192159,119786,1.5104937137895915,0.48950628621040854,0,0.0,58636,0.48950628621040854,0,0.0,61150,0.5104937137895914,119786,0.4393673110720563,0.4083299305839118,0.4786613676039074,1903,1887,-0.0319666195386048,0.2172457549296245,False
woe_scorecard_borrower_platt,Pricing-excluded application WOE scorecard,W2,w02_2012m02_m07,5,primary_oot,0,39047,37814,1233,33846,0.895065319722854,0.8884677440008195,0.8983788767382898,33566,0.8876606547839424,0.8596307014623402,0.8898250825927728,35488,2326,0.016455879240203863,True,-0.017890302513224432,0.1087885042770218,959,274,1.6652239608676722,0.33477603913232773,0,0.0,8922,0.2284938663661741,4150,0.10628217276615361,25975,0.6652239608676723,39047,0.9449381514584987,0.9449381514584987,2150,0.05506184854150127,36897,0.9449381514584987,0,0.0,0,0.0,39047,0.9458408476104598,0.9444038039502561,0.9475822947064118,1179,54,0.007404664938911565,0.7202858094091735,False
woe_scorecard_borrower_platt,Pricing-excluded application WOE scorecard,W2,w02_2012m02_m07,5,primary_oot,1,58224,56371,1853,50326,0.8927640098632276,0.8896846661170651,0.8961768342951361,49830,0.8839651593904667,0.8558326463314098,0.8874862599615279,50151,6220,-0.03126450723317187,True,-0.04985578505339433,-0.007493028736410404,1475,378,1.7939509480626545,0.20604905193734543,0,0.0,5448,0.09356966199505358,6549,0.11247938994229184,46227,0.7939509480626545,58224,0.9935250068700192,0.9935250068700192,377,0.006474993129980764,57847,0.9935250068700192,0,0.0,0,0.0,58224,0.9935993300233296,0.9934012479814994,0.9938262107166211,1843,10,0.008798850472760855,0.8004259411926353,False
woe_scorecard_borrower_platt,Pricing-excluded application WOE scorecard,W2,w02_2012m02_m07,5,primary_oot,2,72677,70244,2433,63229,0.9001338192585844,0.8965009562860328,0.9034770284959478,62429,0.8887449461875747,0.8649779159844242,0.8924694194862198,60603,9641,-0.012841162066486445,True,-0.030823729478184597,0.011474111566037073,1926,507,1.797597589333627,0.20240241066637313,0,0.0,7255,0.09982525420697057,7455,0.10257715645940256,57967,0.7975975893336269,72677,1.1762593392682692,0.8237406607317308,0,0.0,59867,0.8237406607317308,0,0.0,12810,0.1762593392682692,72677,0.8106005601078726,0.7756053989678443,0.8431136695592406,435,1998,0.011388873071009664,0.6213382500653577,False
woe_scorecard_borrower_platt,Pricing-excluded application WOE scorecard,W2,w02_2012m02_m07,5,primary_oot,3,87156,84389,2767,75235,0.8915261467726836,0.8882693102023957,0.8949699389600257,75622,0.8961120525186932,0.8785052090504383,0.8994102528798935,70640,13749,-0.010635803884676664,True,-0.02779801774073562,0.007378688606953725,2183,584,1.7831245123686263,0.21687548763137363,0,0.0,9209,0.10566111340584698,9693,0.11121437422552664,68254,0.7831245123686263,87156,1.3466083803754187,0.6533916196245813,0,0.0,56947,0.6533916196245813,0,0.0,30209,0.3466083803754188,87156,0.637646374281766,0.5966380835715259,0.6800462398047653,945,1822,-0.004585905746009589,0.4365161319932076,False
woe_scorecard_borrower_platt,Pricing-excluded application WOE scorecard,W2,w02_2012m02_m07,5,primary_oot,4,119786,115996,3790,101164,0.8721335218455809,0.8675220810445294,0.8761791862154175,104885,0.9042122142142832,0.8913729484246907,0.9072429165344865,90960,25036,-0.017077174919127858,True,-0.032576613366927576,0.0021017099258920924,2753,1037,1.7243250463326265,0.2756749536673735,0,0.0,16052,0.13400564339739202,16970,0.14166931026998147,86764,0.7243250463326265,119786,1.5056100045080394,0.49438999549196067,0,0.0,59221,0.49438999549196067,0,0.0,60565,0.5056100045080394,119786,0.44380092666560156,0.4126648096564531,0.4830530497085794,1889,1901,-0.03207869236870231,0.21871504182458712,False
woe_scorecard_borrower_platt,Pricing-excluded application WOE scorecard,W3,w03_2012m03_m08,5,primary_oot,0,39047,37814,1233,33879,0.8959380123763685,0.8914385228058493,0.8992240120879965,33402,0.8833236367482943,0.8554306348759187,0.885522575357902,35488,2326,-0.030714850046558717,True,-0.05447303656490776,0.03902462307531648,929,190,1.7298640100391836,0.27013598996081645,0,0.0,6315,0.16172817373933976,4233,0.10840781622147669,28499,0.7298640100391836,39047,0.9402771019540553,0.9402771019540553,2332,0.059722898045944633,36715,0.9402771019540553,0,0.0,0,0.0,39047,0.9412195671776376,0.9396837900185675,0.9431034012492159,1175,58,0.012614375628074215,0.7895869080851282,False
woe_scorecard_borrower_platt,Pricing-excluded application WOE scorecard,W3,w03_2012m03_m08,5,primary_oot,1,58224,56371,1853,50687,0.8991680119210232,0.895798983237153,0.9023770266556747,49565,0.8792641606499796,0.851281258587524,0.8827974718329211,50151,6220,-0.012139287903585871,True,-0.03249338675430155,0.013611737089010973,1470,185,1.789777411376752,0.21022258862324814,0,0.0,6193,0.10636507282220391,6047,0.10385751580104424,45984,0.7897774113767518,58224,0.9881148667216268,0.9881148667216268,692,0.01188513327837318,57532,0.9881148667216268,0,0.0,0,0.0,58224,0.9883152878307512,0.9879606928581395,0.988727734390028,1835,18,0.01990385127104366,0.8016625446551251,False
woe_scorecard_borrower_platt,Pricing-excluded application WOE scorecard,W3,w03_2012m03_m08,5,primary_oot,2,72677,70244,2433,63457,0.9033796480838221,0.8996931628988538,0.9066141970637203,62298,0.8868800182221969,0.8626938371149057,0.8906669235108768,60603,9641,-0.004991338620011332,True,-0.023466512115168425,0.019656782102330704,1930,503,1.7979966151602296,0.20200338483977048,0,0.0,7555,0.10395310758561856,7126,0.09805027725415193,57996,0.7979966151602295,72677,1.1625961445849444,0.8374038554150557,0,0.0,60860,0.8374038554150557,0,0.0,11817,0.16259614458494434,72677,0.824188362203091,0.7913554426849915,0.8548055507966422,400,2033,0.01649962986162523,0.6354004705752851,False
woe_scorecard_borrower_platt,Pricing-excluded application WOE scorecard,W3,w03_2012m03_m08,5,primary_oot,3,87156,84389,2767,75322,0.8925570868241122,0.889141309835238,0.8959681490660425,75514,0.894832264868644,0.8770824728073798,0.8981710955069071,70640,13749,-0.00036776688876050123,True,-0.01840930243741773,0.018403391337435335,2172,595,1.7781105144797833,0.22188948552021662,0,0.0,9875,0.11330258387259626,9464,0.10858690164762036,67817,0.7781105144797834,87156,1.3391275414199826,0.6608724585800174,0,0.0,57599,0.6608724585800174,0,0.0,29557,0.3391275414199826,87156,0.6455014910175285,0.6046464095925876,0.6873035221659075,929,1838,-0.0022751780445318115,0.4389829730598007,False
woe_scorecard_borrower_platt,Pricing-excluded application WOE scorecard,W3,w03_2012m03_m08,5,primary_oot,4,119786,115996,3790,101020,0.8708920997275769,0.8664368123152956,0.8749770423922663,104996,0.905169143763578,0.892416476048954,0.9081695690648323,90960,25036,-0.026911973231721342,True,-0.04192219973510328,-0.008250313573840894,2767,1023,1.728056701116992,0.27194329888300806,0,0.0,15189,0.1268011286794784,17386,0.14514217020352962,87211,0.7280567011169919,119786,1.510527106673568,0.4894728933264321,0,0.0,58632,0.4894728933264321,0,0.0,61154,0.5105271066735678,119786,0.4393673110720563,0.4083299305839118,0.4786613676039074,1903,1887,-0.03427704403600118,0.21752959444342412,False
woe_scorecard_borrower_platt,Pricing-excluded application WOE scorecard,W4,w04_2012m04_m09,5,primary_oot,0,39047,37814,1233,33813,0.8941926270693394,0.8899019130791098,0.897533741388583,33142,0.8764478764478765,0.848771992726714,0.8786078315875739,35488,2326,-0.035323240554301694,True,-0.05860965434703652,0.03043170770239689,935,178,1.7332957717622353,0.26670422823776474,0,0.0,6097,0.15614515839885265,4317,0.11055906983891207,28633,0.7332957717622353,39047,0.9325428329961328,0.9325428329961328,2634,0.06745716700386714,36413,0.9325428329961328,0,0.0,0,0.0,39047,0.9338931469792606,0.9321070986612667,0.9359943251575588,1165,68,0.017744750621462968,0.8007529387661024,False
woe_scorecard_borrower_platt,Pricing-excluded application WOE scorecard,W4,w04_2012m04_m09,5,primary_oot,1,58224,56371,1853,50921,0.9033190825069628,0.8999381698268755,0.9063959879087662,49203,0.8728424189742953,0.8450638911788954,0.8763740038472108,50151,6220,-0.007473378948629761,True,-0.02780447750965953,0.018262540848249846,1477,185,1.794397499312998,0.20560250068700192,0,0.0,6193,0.10636507282220391,5778,0.09923742786479803,46253,0.7943974993129981,58224,0.9807639461390492,0.9807639461390492,1120,0.01923605386095081,57104,0.9807639461390492,0,0.0,0,0.0,58224,0.9810970867978704,0.980510551802475,0.9817601108246431,1823,30,0.030476663532667536,0.8136335531739489,False
woe_scorecard_borrower_platt,Pricing-excluded application WOE scorecard,W4,w04_2012m04_m09,5,primary_oot,2,72677,70244,2433,63132,0.8987529183987244,0.8949048529796222,0.9021423559035183,62040,0.8832071066567964,0.8582770339997523,0.8871169696052397,60603,9641,-0.0016979444745436334,True,-0.021343080320474578,0.02367731323310878,1907,526,1.7851727506638964,0.2148272493361036,0,0.0,8168,0.11238768798932262,7445,0.10243956134678096,57064,0.7851727506638965,72677,1.1359439712701405,0.8640560287298595,0,0.0,62797,0.8640560287298595,0,0.0,9880,0.1359439712701405,72677,0.850949071673063,0.82220885949088,0.8775666695066884,337,2096,0.01554581174192804,0.6492287793937559,False
woe_scorecard_borrower_platt,Pricing-excluded application WOE scorecard,W4,w04_2012m04_m09,5,primary_oot,3,87156,84389,2767,75282,0.892083091398168,0.8887512047363348,0.8955092018908624,75364,0.8930547820213535,0.8749254210840333,0.8964500435999816,70640,13749,-0.002411128716290123,True,-0.02033514527138272,0.01600668374042691,2178,589,1.7785465142962045,0.2214534857037955,0,0.0,9773,0.11213226857588691,9528,0.10932121712790857,67855,0.7785465142962045,87156,1.3272867043003351,0.672713295699665,0,0.0,58631,0.672713295699665,0,0.0,28525,0.327286704300335,87156,0.6564113753727544,0.6164617486338797,0.6976640000000002,891,1876,-0.0009716906231854727,0.45125980999586934,False
woe_scorecard_borrower_platt,Pricing-excluded application WOE scorecard,W4,w04_2012m04_m09,5,primary_oot,4,119786,115996,3790,100690,0.8680471740404841,0.863790426260164,0.8722221294642112,105060,0.9057208869271354,0.8930425926235119,0.9087038552084551,90960,25036,-0.03818039051031252,True,-0.05279471469873526,-0.020240712133254433,2780,1010,1.7305194263102532,0.2694805736897467,0,0.0,14251,0.11897049738700682,18029,0.15051007630273988,87506,0.7305194263102532,119786,1.513206885612676,0.4867931143873241,0,0.0,58311,0.4867931143873241,0,0.0,61475,0.5132068856126759,119786,0.4368109921712734,0.4057884972170686,0.47607015457788354,1914,1876,-0.03767371288665122,0.21731254069757733,False
woe_scorecard_borrower_platt,Pricing-excluded application WOE scorecard,W5,w05_2012m05_m10,5,primary_oot,0,39047,37814,1233,33601,0.8885862379013064,0.8837810843342638,0.8921043870207699,33046,0.8739091341831068,0.8463134171639306,0.876098035700566,35488,2326,-0.0385484839509771,True,-0.0624093792635943,0.030839793752275822,908,190,1.7212846057315543,0.2787153942684457,0,0.0,6315,0.16172817373933976,4568,0.11698722052910594,28164,0.7212846057315543,39047,0.9298537659743387,0.9298537659743387,2739,0.07014623402566138,36308,0.9298537659743387,0,0.0,0,0.0,39047,0.9311880072137061,0.9293548568535913,0.9333715314725383,1163,70,0.014677103718199636,0.7914308397572156,False
woe_scorecard_borrower_platt,Pricing-excluded application WOE scorecard,W5,w05_2012m05_m10,5,primary_oot,1,58224,56371,1853,51185,0.9080023416295613,0.9049361088211046,0.9109302006045616,49037,0.8698976424047826,0.842212833195933,0.8734370706237977,50151,6220,-0.01558192650478507,True,-0.03383170880526676,0.007809093963178575,1504,349,1.813015251442704,0.18698474855729597,0,0.0,5330,0.0915430063204177,5557,0.09544174223687826,47337,0.813015251442704,58224,0.9774835119538334,0.9774835119538334,1311,0.02251648804616653,56913,0.9774835119538334,0,0.0,0,0.0,58224,0.9777870830093118,0.9771051687721675,0.9785641440089284,1818,35,0.03810469922477866,0.8355317394888706,False
woe_scorecard_borrower_platt,Pricing-excluded application WOE scorecard,W5,w05_2012m05_m10,5,primary_oot,2,72677,70244,2433,63334,0.9016286088491544,0.8979457049685595,0.9049217771784747,61522,0.8758328113433176,0.8495947823933294,0.8799895427714408,60603,9641,-0.010387227490368356,True,-0.028472251842682567,0.013939078976066208,1926,507,1.798987299971105,0.20101270002889499,0,0.0,7286,0.10025179905609753,7323,0.10076090097279744,58068,0.7989872999711051,72677,1.0917346615848205,0.9082653384151795,0,0.0,66010,0.9082653384151795,0,0.0,6667,0.0917346615848205,72677,0.9046779379732393,0.884135833755702,0.9224472573839663,224,2209,0.025795797505836826,0.7072526383862845,False
woe_scorecard_borrower_platt,Pricing-excluded application WOE scorecard,W5,w05_2012m05_m10,5,primary_oot,3,87156,84389,2767,75545,0.8951996113237507,0.8919867823213549,0.8985267795676718,75336,0.8927229852231926,0.8745353159851301,0.8961287805773556,70640,13749,-0.006247355413555478,True,-0.023345894979462378,0.011767050830381445,2197,570,1.7875418789297353,0.21245812107026482,0,0.0,9209,0.10566111340584698,9308,0.10679700766441783,68639,0.7875418789297352,87156,1.3249919684244345,0.6750080315755657,0,0.0,58831,0.6750080315755657,0,0.0,28325,0.32499196842443434,87156,0.6584478871190632,0.6186278529451961,0.6995713645959951,885,1882,0.002476626100558099,0.4625499105053008,False
woe_scorecard_borrower_platt,Pricing-excluded application WOE scorecard,W5,w05_2012m05_m10,5,primary_oot,4,119786,115996,3790,100828,0.8692368702369048,0.8648089092214449,0.8733741839613979,104907,0.9044018759267561,0.8915816539495434,0.9074265773963568,90960,25036,-0.03080556259320799,True,-0.0457317660319595,-0.012263803381817553,2764,1026,1.7270716110396875,0.2729283889603126,0,0.0,14993,0.1251648773646336,17700,0.14776351159567896,87093,0.7270716110396874,119786,1.5065199605963968,0.4934800394036031,0,0.0,59112,0.4934800394036031,0,0.0,60674,0.5065199605963969,119786,0.4429221920434574,0.41180184194890085,0.4821786589440856,1892,1898,-0.03516500568985137,0.22055165044329073,False
woe_scorecard_borrower_platt,Pricing-excluded application WOE scorecard,W6,w06_2012m06_m11,5,primary_oot,0,39047,37814,1233,34288,0.9067541122335643,0.9029118754321714,0.909698568391938,33430,0.8840641032421854,0.8561477194150638,0.8862652700591594,35488,2326,-0.03659767132358005,True,-0.056191233208363056,0.02314427796145468,968,158,1.764514559377161,0.23548544062283913,0,0.0,5374,0.13762901119164084,3821,0.0978564294311983,29852,0.7645145593771608,39047,0.9410966271416498,0.9410966271416498,2300,0.05890337285835019,36747,0.9410966271416498,0,0.0,0,0.0,39047,0.9420085662759242,0.9404979603319735,0.9438686449923631,1176,57,0.02269000899137885,0.8234179322355112,False
woe_scorecard_borrower_platt,Pricing-excluded application WOE scorecard,W6,w06_2012m06_m11,5,primary_oot,1,58224,56371,1853,51303,0.9100956165404197,0.9065333882934872,0.9129568562791975,49329,0.8750776108282627,0.8472279472382522,0.8786411101951086,50151,6220,0.008817769051291502,True,-0.01260713154815088,0.03747927763108463,1479,207,1.7932124209947788,0.2067875790052212,0,0.0,6757,0.11605179994503985,5283,0.09073577906018136,46184,0.7932124209947787,58224,0.9832715031602088,0.9832715031602088,974,0.016728496839791152,57250,0.9832715031602088,0,0.0,0,0.0,58224,0.9836094993120775,0.9831390134529149,0.9841862254713352,1829,24,0.03501800571215696,0.80994091783457,False
woe_scorecard_borrower_platt,Pricing-excluded application WOE scorecard,W6,w06_2012m06_m11,5,primary_oot,2,72677,70244,2433,63343,0.9017567336712032,0.8981933761712784,0.9050456127798341,61574,0.8765730880929332,0.8504478720915833,0.8807050373570731,60603,9641,-0.012643210258904691,True,-0.03045310388058009,0.01101509353227522,1935,498,1.8012576193293615,0.19874238067063857,0,0.0,7108,0.09780260605143305,7336,0.10093977461920553,58233,0.8012576193293615,72677,1.0956836413170603,0.9043163586829396,0,0.0,65723,0.9043163586829396,0,0.0,6954,0.09568364131706042,72677,0.8992843066071984,0.8779746835443039,0.9179898648648649,234,2199,0.02518364557827002,0.7055739780123012,False
woe_scorecard_borrower_platt,Pricing-excluded application WOE scorecard,W6,w06_2012m06_m11,5,primary_oot,3,87156,84389,2767,75607,0.8959343042339641,0.892629308366607,0.899238147689201,74932,0.8879356314211568,0.8690279498829685,0.8914934141080362,70640,13749,0.0023634417312096145,True,-0.015530422300882807,0.020764778475536996,2191,576,1.783227775483042,0.2167722245169581,0,0.0,9777,0.11217816329340492,9116,0.10459406122355316,68263,0.7832277754830419,87156,1.2959635595942907,0.7040364404057093,0,0.0,61361,0.7040364404057093,0,0.0,25795,0.2959635595942907,87156,0.6878318423158047,0.6496084627009204,0.7267460367988795,809,1958,0.007998672812807306,0.48726421588875124,False
woe_scorecard_borrower_platt,Pricing-excluded application WOE scorecard,W6,w06_2012m06_m11,5,primary_oot,4,119786,115996,3790,101083,0.8714352219042036,0.867021187784883,0.8755029803148949,104356,0.8996517121280044,0.8863890604912094,0.9028267076286044,90960,25036,-0.029020859039500246,True,-0.04384799880724949,-0.010502079165837657,2774,1016,1.7309535338019468,0.26904646619805317,0,0.0,14855,0.12401282286744694,17373,0.14503364333060625,87558,0.7309535338019468,119786,1.4843303891940627,0.5156696108059372,0,0.0,61770,0.5156696108059372,0,0.0,58016,0.48433038919406274,119786,0.464930500079885,0.43340656067319505,0.5039437141270136,1821,1969,-0.028216490223800794,0.24662314460788415,False
woe_scorecard_borrower_platt,Pricing-excluded application WOE scorecard,W7,w07_2012m07_m12,5,primary_oot,0,39047,37814,1233,34296,0.9069656740889618,0.9026301636489359,0.9099034496888365,33503,0.8859946051726874,0.8580172612492637,0.8881348118933593,35488,2326,-0.021713006108855404,True,-0.04498086694954384,0.044032123650731836,949,178,1.747176479627116,0.25282352037288397,0,0.0,6097,0.15614515839885265,3775,0.09667836197403129,29175,0.7471764796271161,39047,0.943068609624299,0.943068609624299,2223,0.05693139037570108,36824,0.943068609624299,0,0.0,0,0.0,39047,0.9440655996393147,0.9425516950344633,0.9458596988871918,1176,57,0.020971068916274427,0.8041078700028171,False
woe_scorecard_borrower_platt,Pricing-excluded application WOE scorecard,W7,w07_2012m07_m12,5,primary_oot,1,58224,56371,1853,51422,0.9122066310691668,0.9080963176696895,0.9150006870019236,49246,0.8736052225435064,0.845802418246771,0.8771812311074471,50151,6220,0.023117561171051237,True,0.00011389093334798761,0.055920665742570715,1451,241,1.7804341852157186,0.2195658147842814,0,0.0,7720,0.13259137125583953,5064,0.08697444352844189,45440,0.7804341852157186,58224,0.9816570486397362,0.9816570486397362,1068,0.018342951360263808,57156,0.9816570486397362,0,0.0,0,0.0,58224,0.9819544974177983,0.9814456822847122,0.9825887875639694,1827,26,0.03860140852566041,0.7987771365759824,False
woe_scorecard_borrower_platt,Pricing-excluded application WOE scorecard,W7,w07_2012m07_m12,5,primary_oot,2,72677,70244,2433,63455,0.9033511759011446,0.8998307580114754,0.906586678041196,61061,0.8692699732361483,0.8419169751090442,0.873646408079585,60603,9641,-0.011396239497232896,True,-0.029074574447278845,0.012317765239820828,1942,491,1.8035279386876177,0.19647206131238218,0,0.0,7085,0.09748613729240338,7194,0.09898592401997881,58398,0.8035279386876178,72677,1.0485573152441625,0.9514426847558375,0,0.0,69148,0.9514426847558375,0,0.0,3529,0.04855731524416253,72677,0.9524945545067939,0.9401105651105652,0.9616640160709802,127,2306,0.03408120266499626,0.7549706234434552,False
woe_scorecard_borrower_platt,Pricing-excluded application WOE scorecard,W7,w07_2012m07_m12,5,primary_oot,3,87156,84389,2767,75693,0.8969533943997441,0.8935930974344853,0.9002248841158382,74449,0.8822121366528813,0.862384689522236,0.885951626967736,70640,13749,0.00488421499119418,True,-0.01308640479738743,0.02366745257724483,2189,578,1.783571985864427,0.216428014135573,0,0.0,9875,0.11330258387259626,8988,0.10312543026297673,68293,0.783571985864427,87156,1.2592822066180183,0.7407177933819817,0,0.0,64558,0.7407177933819817,0,0.0,22598,0.25928220661801826,87156,0.722961669939632,0.6873184898354309,0.7589698158577485,713,2054,0.014741257746862746,0.5242897792464087,False
woe_scorecard_borrower_platt,Pricing-excluded application WOE scorecard,W7,w07_2012m07_m12,5,primary_oot,4,119786,115996,3790,101430,0.8744267043691162,0.8701517706576728,0.8783998129998497,103350,0.8909789992758371,0.8766717312540697,0.8944283973085335,90960,25036,-0.02785468432932392,True,-0.04252614811447239,-0.009838668511891701,2802,988,1.7371228691165912,0.26287713088340875,0,0.0,14514,0.12116607950845674,16975,0.141711051374952,88297,0.7371228691165913,119786,1.4424807573506087,0.5575192426493915,0,0.0,66783,0.5575192426493915,0,0.0,53003,0.4424807573506086,119786,0.5051126378015658,0.4736506985280349,0.5438648161101498,1663,2127,-0.016552294906720944,0.29464211176598254,False
woe_scorecard_borrower_platt,Pricing-excluded application WOE scorecard,W8,w08_2012m08_2013m01,5,primary_oot,0,39047,37814,1233,34394,0.9095573068175807,0.9052424001843932,0.9124132455758445,33539,0.886946633521976,0.8589392270853075,0.8890823878915154,35488,2326,-0.018951509264851785,True,-0.04220290682204031,0.046823355897673724,953,178,1.7501472584321458,0.24985274156785411,0,0.0,6097,0.15614515839885265,3659,0.09370758316900146,29291,0.7501472584321459,39047,0.9440674059466796,0.9440674059466796,2184,0.05593259405332036,36863,0.9440674059466796,0,0.0,0,0.0,39047,0.9450800270513977,0.9435910420886788,0.9468430383199237,1177,56,0.022610673295604733,0.8060798524854662,False
woe_scorecard_borrower_platt,Pricing-excluded application WOE scorecard,W8,w08_2012m08_2013m01,5,primary_oot,1,58224,56371,1853,51521,0.9139628532401413,0.909693597142072,0.916701016762847,49039,0.8699331216405599,0.8422471832921132,0.873471420719978,50151,6220,0.028344406323770333,True,0.004855546690543777,0.06175105150458989,1445,247,1.780107859302006,0.21989214069799395,0,0.0,7873,0.13521915361363013,4930,0.08467298708436384,45421,0.780107859302006,58224,0.9775178620500138,0.9775178620500138,1309,0.02248213794998626,56915,0.9775178620500138,0,0.0,0,0.0,58224,0.9778269625730295,0.977145020523652,0.9786026284900614,1818,35,0.044029731599581345,0.8025899972519923,False
woe_scorecard_borrower_platt,Pricing-excluded application WOE scorecard,W8,w08_2012m08_2013m01,5,primary_oot,2,72677,70244,2433,63628,0.9058140197027504,0.9022524319936156,0.9089670734895496,60720,0.8644154660896304,0.835876549664956,0.8689544147391884,60603,9641,-0.008541595337702823,True,-0.02621731344045744,0.015120039108217468,1945,488,1.8063348789850984,0.19366512101490155,0,0.0,7085,0.09748613729240338,6990,0.09617898372249818,58602,0.8063348789850985,72677,1.0122184460007981,0.987781553999202,0,0.0,71789,0.987781553999202,0,0.0,888,0.012218446000798052,72677,0.987864329426408,0.9849017580144779,0.9902864259028644,29,2404,0.04139855361312006,0.7941164329843002,False
woe_scorecard_borrower_platt,Pricing-excluded application WOE scorecard,W8,w08_2012m08_2013m01,5,primary_oot,3,87156,84389,2767,75541,0.8951522117811563,0.8914245720317592,0.8984808848501538,73595,0.8720923343089739,0.850784799669558,0.8761531047776401,70640,13749,0.01593956447115641,True,-0.003257418451180688,0.036458501182068226,2152,615,1.771398412042774,0.22860158795722613,0,0.0,10936,0.12547615769424939,8988,0.10312543026297673,67232,0.7713984120427739,87156,1.2011335995226948,0.7988664004773051,0,0.0,69626,0.7988664004773051,0,0.0,17530,0.20113359952269494,87156,0.785075278202051,0.7545613421880462,0.8148496240601503,556,2211,0.02305987747218241,0.5702648125200791,False
woe_scorecard_borrower_platt,Pricing-excluded application WOE scorecard,W8,w08_2012m08_2013m01,5,primary_oot,4,119786,115996,3790,102786,0.8861167626469878,0.8819227622593625,0.8897200006678577,102150,0.8806338149591365,0.8651845791661796,0.8844105321156062,90960,25036,-0.014475122402456408,True,-0.028899255884804326,0.003266122572440411,2856,934,1.7537358288948626,0.24626417110513749,0,0.0,14354,0.11983036414939977,15145,0.12643380695573772,90287,0.7537358288948625,119786,1.393192860601406,0.6068071393985942,0,0.0,72687,0.6068071393985942,0,0.0,47099,0.39319286060140585,119786,0.5530436171912446,0.5220374769068354,0.5906946120926149,1487,2303,0.005482947687851292,0.36054296829345667,False
