learner,learner_label,window,window_id,taxonomy_groups,role,score_stratum,label,alpha,fit_rows,finite_sample_rank,threshold,threshold_is_infinite,score_stratum_present,candidate_stratum_rows,resolved_label_rows,resolved_label_covered_rows,coverage_resolved_label,baseline_resolved_label_covered_rows,baseline_coverage_resolved_label,unresolved_stratum_rows,unresolved_label_covered_if_assigned_rows,unresolved_label_missed_if_assigned_rows,baseline_unresolved_label_covered_if_assigned_rows,baseline_unresolved_label_missed_if_assigned_rows,conditional_coverage_defined,coverage_label_lower,coverage_label_upper,baseline_coverage_label_lower,baseline_coverage_label_upper,label_prevalence_lower,label_prevalence_upper,coverage_upper_below_nominal,identification_state_at_nominal,baseline_identification_state_at_nominal,resolved_coverage_delta_label_mondrian_minus_baseline,sharp_endpoint_delta_reported
catboost_platt,CatBoost,W1,w01_2012m01_m06,5,primary_oot,0,0,0.1,1733,1561,0.04769105856022111,False,True,60520,54571,48951,0.8970148980227594,52092,0.9545729416723168,2075,1848,227,1968,107,True,0.89329902551188,0.9003881671068257,0.9527049270273236,0.956154159076036,0.9017019167217448,0.9359881031064111,False,crosses_nominal,robust_at_or_above_nominal,-0.05755804364955746,False
catboost_platt,CatBoost,W1,w01_2012m01_m06,5,primary_oot,0,1,0.1,96,88,0.9759355646919441,False,True,60520,3874,3528,0.9106866288074342,0,0.0,2075,1757,318,0,2075,True,0.8416030534351145,0.9385544308293376,0.0,0.0,0.0640118968935889,0.09829808327825512,False,crosses_nominal,robust_shortfall,0.9106866288074342,False
catboost_platt,CatBoost,W1,w01_2012m01_m06,5,primary_oot,1,0,0.1,2247,2024,0.07739053834856295,False,True,79865,68959,62399,0.9048710103104743,67395,0.9773198567264606,2700,2436,264,2632,68,True,0.9014200482498591,0.9081168149030044,0.9763570776652615,0.9781536785350113,0.8634445626995555,0.897251612095411,False,robust_at_or_above_nominal,robust_at_or_above_nominal,-0.07244884641598631,False
catboost_platt,CatBoost,W1,w01_2012m01_m06,5,primary_oot,1,1,0.1,190,172,0.9464302357175745,False,True,79865,8206,7470,0.9103095296124787,0,0.0,2700,2377,323,0,2700,True,0.8758353851565248,0.9304545025040158,0.0,0.0,0.102748387904589,0.1365554373004445,False,crosses_nominal,robust_shortfall,0.9103095296124787,False
catboost_platt,CatBoost,W1,w01_2012m01_m06,5,primary_oot,2,0,0.1,2870,2584,0.1089584572738806,False,True,79047,65183,59595,0.9142721261678659,65183,1.0,2552,2325,227,2552,0,True,0.911099220302706,0.9172246252296025,1.0,1.0,0.82461067466191,0.8568952648424355,False,robust_at_or_above_nominal,robust_at_or_above_nominal,-0.08572787383213415,False
catboost_platt,CatBoost,W1,w01_2012m01_m06,5,primary_oot,2,1,0.1,379,342,0.9151031512469199,False,True,79047,11312,9852,0.870933521923621,1478,0.13065770862800566,2552,2173,379,299,2253,True,0.8426995124454709,0.8917315535780497,0.10895687430888315,0.1530445267418827,0.1431047351575645,0.17538932533808999,True,robust_shortfall,robust_shortfall,0.7402758132956153,False
catboost_platt,CatBoost,W1,w01_2012m01_m06,5,primary_oot,3,0,0.1,3047,2744,0.14814476585254135,False,True,80235,62988,56997,0.9048866450752524,62988,1.0,2416,2161,255,2416,0,True,0.9012380816849296,0.9080415662558136,1.0,1.0,0.7850439334455038,0.8151554807752228,False,robust_at_or_above_nominal,robust_at_or_above_nominal,-0.09511335492474757,False
catboost_platt,CatBoost,W1,w01_2012m01_m06,5,primary_oot,3,1,0.1,556,502,0.8843183958524242,False,True,80235,14831,13397,0.9033106331333018,4931,0.3324792664014564,2416,2131,285,778,1638,True,0.8862794390050278,0.9154580827732579,0.29941101463355396,0.3657505285412262,0.1848445192247772,0.21495606655449617,False,crosses_nominal,robust_shortfall,0.5708313667318454,False
catboost_platt,CatBoost,W1,w01_2012m01_m06,5,primary_oot,4,0,0.1,3007,2708,0.24732605601788607,False,True,77223,56141,48742,0.8682068363584546,56141,1.0,2333,1960,373,2333,0,True,0.8624765544820753,0.8726527942720436,1.0,1.0,0.7269984331093068,0.7572096396151405,True,robust_shortfall,robust_at_or_above_nominal,-0.1317931636415454,False
catboost_platt,CatBoost,W1,w01_2012m01_m06,5,primary_oot,4,1,0.1,823,742,0.8405314045853097,False,True,77223,18749,16905,0.9016480878980212,9751,0.5200810709904529,2333,2059,274,1097,1236,True,0.8886610944645955,0.9113802383698577,0.4879159369527145,0.5466088884409956,0.24279036038485943,0.2730015668906932,False,crosses_nominal,robust_shortfall,0.3815670169075684,False
catboost_platt,CatBoost,W2,w02_2012m02_m07,5,primary_oot,0,0,0.1,1846,1663,0.04772327664449453,False,True,60520,54571,49012,0.898132707848491,51828,0.9497352073445603,2075,1851,224,1959,116,True,0.8944611734647322,0.9014746021055616,0.9477206648746502,0.9514770918096586,0.9017019167217448,0.9359881031064111,False,crosses_nominal,robust_at_or_above_nominal,-0.05160249949606934,False
catboost_platt,CatBoost,W2,w02_2012m02_m07,5,primary_oot,0,1,0.1,97,89,0.9759355646919441,False,True,60520,3874,3528,0.9106866288074342,0,0.0,2075,1757,318,0,2075,True,0.8416030534351145,0.9385544308293376,0.0,0.0,0.0640118968935889,0.09829808327825512,False,crosses_nominal,robust_shortfall,0.9106866288074342,False
catboost_platt,CatBoost,W2,w02_2012m02_m07,5,primary_oot,1,0,0.1,2430,2188,0.07742888614611144,False,True,79865,68959,62484,0.9061036267927319,67693,0.981641265099552,2700,2439,261,2650,50,True,0.9026870846576134,0.9093111851872602,0.9809300236201075,0.982320658017847,0.8634445626995555,0.897251612095411,False,robust_at_or_above_nominal,robust_at_or_above_nominal,-0.07553763830681999,False
catboost_platt,CatBoost,W2,w02_2012m02_m07,5,primary_oot,1,1,0.1,217,197,0.9456641964725819,False,True,79865,8206,7293,0.8887399463806971,0,0.0,2700,2316,384,0,2700,True,0.8490104772991851,0.9132294240638662,0.0,0.0,0.102748387904589,0.1365554373004445,False,crosses_nominal,robust_shortfall,0.8887399463806971,False
catboost_platt,CatBoost,W2,w02_2012m02_m07,5,primary_oot,2,0,0.1,3199,2880,0.10908768352544024,False,True,79047,65183,59841,0.9180461163186721,65183,1.0,2552,2333,219,2552,0,True,0.9149720192043057,0.9208780141003614,1.0,1.0,0.82461067466191,0.8568952648424355,False,robust_at_or_above_nominal,robust_at_or_above_nominal,-0.08195388368132796,False
catboost_platt,CatBoost,W2,w02_2012m02_m07,5,primary_oot,2,1,0.1,422,381,0.9153032801606398,False,True,79047,11312,9936,0.8783592644978784,1495,0.13216053748231965,2552,2190,362,301,2251,True,0.8511221517903033,0.8980891719745223,0.11022635110226352,0.15465426676999913,0.1431047351575645,0.17538932533808999,True,robust_shortfall,robust_shortfall,0.7461987270155587,False
catboost_platt,CatBoost,W2,w02_2012m02_m07,5,primary_oot,3,0,0.1,3437,3095,0.14802725827700727,False,True,80235,62988,56858,0.9026798755318474,62988,1.0,2416,2155,261,2416,0,True,0.8989549241885247,0.9058993291681378,1.0,1.0,0.7850439334455038,0.8151554807752228,False,crosses_nominal,robust_at_or_above_nominal,-0.09732012446815266,False
catboost_platt,CatBoost,W2,w02_2012m02_m07,5,primary_oot,3,1,0.1,661,596,0.884272694608835,False,True,80235,14831,13378,0.9020295327354865,5344,0.3603263434697593,2416,2130,286,845,1571,True,0.8849639478732553,0.9143328813159601,0.3258139251310816,0.39480734881347285,0.1848445192247772,0.21495606655449617,False,crosses_nominal,robust_shortfall,0.5417031892657272,False
catboost_platt,CatBoost,W2,w02_2012m02_m07,5,primary_oot,4,0,0.1,3414,3074,0.24756237612741966,False,True,77223,56141,48782,0.8689193281202686,56141,1.0,2333,1960,373,2333,0,True,0.8631843437024455,0.873341250580885,1.0,1.0,0.7269984331093068,0.7572096396151405,True,robust_shortfall,robust_at_or_above_nominal,-0.13108067187973138,False
catboost_platt,CatBoost,W2,w02_2012m02_m07,5,primary_oot,4,1,0.1,951,857,0.8403817627842806,False,True,77223,18749,16857,0.8990879513574057,10060,0.5365619499706651,2333,2052,281,1126,1207,True,0.8858118759852864,0.9090428344791116,0.504109039887753,0.5628176100628931,0.24279036038485943,0.2730015668906932,False,crosses_nominal,robust_shortfall,0.3625260013867406,False
catboost_platt,CatBoost,W3,w03_2012m03_m08,5,primary_oot,0,0,0.1,2075,1869,0.04744585454603451,False,True,60520,54571,48436,0.8875776511333858,51423,0.942313683091752,2075,1829,246,1943,132,True,0.8835945053541785,0.8912234042553191,0.9400398515620716,0.9442969883568674,0.9017019167217448,0.9359881031064111,True,robust_shortfall,robust_at_or_above_nominal,-0.05473603195836617,False
catboost_platt,CatBoost,W3,w03_2012m03_m08,5,primary_oot,0,1,0.1,107,98,0.9767447351191402,False,True,60520,3874,3573,0.92230252968508,0,0.0,2075,1780,295,0,2075,True,0.857040057567762,0.9467633533781393,0.0,0.0,0.0640118968935889,0.09829808327825512,False,crosses_nominal,robust_shortfall,0.92230252968508,False
catboost_platt,CatBoost,W3,w03_2012m03_m08,5,primary_oot,1,0,0.1,2699,2430,0.07755446287369488,False,True,79865,68959,62757,0.9100625009063357,67525,0.9792050348757958,2700,2449,251,2640,60,True,0.9067620286085826,0.9131469863320636,0.9783537866384618,0.9799717873154653,0.8634445626995555,0.897251612095411,False,robust_at_or_above_nominal,robust_at_or_above_nominal,-0.06914253396946012,False
catboost_platt,CatBoost,W3,w03_2012m03_m08,5,primary_oot,1,1,0.1,232,210,0.9451512669057881,False,True,79865,8206,7181,0.8750913965391177,0,0.0,2700,2275,425,0,2700,True,0.8320009268914378,0.9022039881690679,0.0,0.0,0.102748387904589,0.1365554373004445,False,crosses_nominal,robust_shortfall,0.8750913965391177,False
catboost_platt,CatBoost,W3,w03_2012m03_m08,5,primary_oot,2,0,0.1,3560,3205,0.10906670282632212,False,True,79047,65183,59794,0.9173250694199407,65183,1.0,2552,2333,219,2552,0,True,0.9142533867465826,0.9201818828129629,1.0,1.0,0.82461067466191,0.8568952648424355,False,robust_at_or_above_nominal,robust_at_or_above_nominal,-0.08267493058005922,False
catboost_platt,CatBoost,W3,w03_2012m03_m08,5,primary_oot,2,1,0.1,458,414,0.9152964698801512,False,True,79047,11312,9933,0.8780940594059405,1343,0.11872347949080622,2552,2189,363,276,2276,True,0.8507922912205568,0.8978594178209022,0.09883720930232558,0.1397134967207456,0.1431047351575645,0.17538932533808999,True,robust_shortfall,robust_shortfall,0.7593705799151343,False
catboost_platt,CatBoost,W3,w03_2012m03_m08,5,primary_oot,3,0,0.1,4030,3628,0.14811455298520415,False,True,80235,62988,56961,0.9043151076395504,62988,1.0,2416,2159,257,2416,0,True,0.9006403668274172,0.9074861467143537,1.0,1.0,0.7850439334455038,0.8151554807752228,False,robust_at_or_above_nominal,robust_at_or_above_nominal,-0.09568489236044961,False
catboost_platt,CatBoost,W3,w03_2012m03_m08,5,primary_oot,3,1,0.1,776,700,0.8840460972513893,False,True,80235,14831,13288,0.8959611624300452,5488,0.3700357359584654,2416,2116,300,866,1550,True,0.8781970788447558,0.9089514368324777,0.3350222819119712,0.404790724342231,0.1848445192247772,0.21495606655449617,False,crosses_nominal,robust_shortfall,0.5259254264715798,False
catboost_platt,CatBoost,W3,w03_2012m03_m08,5,primary_oot,4,0,0.1,3996,3598,0.2456787257999158,False,True,77223,56141,48482,0.8635756399066635,56141,1.0,2333,1947,386,2333,0,True,0.8576786314504573,0.8681483266767663,1.0,1.0,0.7269984331093068,0.7572096396151405,True,robust_shortfall,robust_at_or_above_nominal,-0.13642436009333642,False
catboost_platt,CatBoost,W3,w03_2012m03_m08,5,primary_oot,4,1,0.1,1116,1006,0.8404822006645807,False,True,77223,18749,16886,0.9006347005173609,10119,0.539708784468505,2333,2057,276,1135,1198,True,0.887568988173456,0.9104585215803134,0.5072943299744322,0.5659826996580165,0.24279036038485943,0.2730015668906932,False,crosses_nominal,robust_shortfall,0.36092591604885593,False
catboost_platt,CatBoost,W4,w04_2012m04_m09,5,primary_oot,0,0,0.1,2216,1996,0.04742672525073887,False,True,60520,54571,48408,0.8870645580986238,50814,0.9311539095856773,2075,1827,248,1921,154,True,0.8830514967438297,0.8907230752863576,0.928533576975788,0.9334950081427459,0.9017019167217448,0.9359881031064111,True,robust_shortfall,robust_at_or_above_nominal,-0.04408935148705356,False
catboost_platt,CatBoost,W4,w04_2012m04_m09,5,primary_oot,0,1,0.1,104,95,0.9763920151741325,False,True,60520,3874,3552,0.9168817759421787,0,0.0,2075,1767,308,0,2075,True,0.8493543758967002,0.9429179223541925,0.0,0.0,0.0640118968935889,0.09829808327825512,False,crosses_nominal,robust_shortfall,0.9168817759421787,False
catboost_platt,CatBoost,W4,w04_2012m04_m09,5,primary_oot,1,0,0.1,2950,2656,0.07770444829584197,False,True,79865,68959,63061,0.914470917501704,67693,0.981641265099552,2700,2460,240,2650,50,True,0.9112992962326045,0.9174169338691385,0.9809300236201075,0.982320658017847,0.8634445626995555,0.897251612095411,False,robust_at_or_above_nominal,robust_at_or_above_nominal,-0.067170347597848,False
catboost_platt,CatBoost,W4,w04_2012m04_m09,5,primary_oot,1,1,0.1,249,225,0.9456641964725819,False,True,79865,8206,7293,0.8887399463806971,0,0.0,2700,2316,384,0,2700,True,0.8490104772991851,0.9132294240638662,0.0,0.0,0.102748387904589,0.1365554373004445,False,crosses_nominal,robust_shortfall,0.8887399463806971,False
catboost_platt,CatBoost,W4,w04_2012m04_m09,5,primary_oot,2,0,0.1,4015,3615,0.10892868879708673,False,True,79047,65183,59539,0.9134130064587392,65183,1.0,2552,2322,230,2552,0,True,0.9102013361258465,0.9163913784164136,1.0,1.0,0.82461067466191,0.8568952648424355,False,robust_at_or_above_nominal,robust_at_or_above_nominal,-0.08658699354126076,False
catboost_platt,CatBoost,W4,w04_2012m04_m09,5,primary_oot,2,1,0.1,496,448,0.9152964698801512,False,True,79047,11312,9933,0.8780940594059405,827,0.07310820367751061,2552,2189,363,170,2382,True,0.8507922912205568,0.8978594178209022,0.060391412297356506,0.08683156244556697,0.1431047351575645,0.17538932533808999,True,robust_shortfall,robust_shortfall,0.80498585572843,False
catboost_platt,CatBoost,W4,w04_2012m04_m09,5,primary_oot,3,0,0.1,4737,4265,0.14805372950944154,False,True,80235,62988,56889,0.9031720327681463,62988,1.0,2416,2157,259,2416,0,True,0.8994734928138884,0.906378079668432,1.0,1.0,0.7850439334455038,0.8151554807752228,False,crosses_nominal,robust_at_or_above_nominal,-0.09682796723185369,False
catboost_platt,CatBoost,W4,w04_2012m04_m09,5,primary_oot,3,1,0.1,906,817,0.8839228509014925,False,True,80235,14831,13240,0.8927246982671432,5183,0.34947070325669205,2416,2109,307,826,1590,True,0.874620161183776,0.9060802833530106,0.31563242189878815,0.3837899980839241,0.1848445192247772,0.21495606655449617,False,crosses_nominal,robust_shortfall,0.5432539950104511,False
catboost_platt,CatBoost,W4,w04_2012m04_m09,5,primary_oot,4,0,0.1,4774,4298,0.24227949392025153,False,True,77223,56141,47920,0.8535651306531769,56141,1.0,2333,1925,408,2333,0,True,0.84740667385807,0.8584197292735852,1.0,1.0,0.7269984331093068,0.7572096396151405,True,robust_shortfall,robust_at_or_above_nominal,-0.14643486934682318,False
catboost_platt,CatBoost,W4,w04_2012m04_m09,5,primary_oot,4,1,0.1,1320,1189,0.8405820347024068,False,True,77223,18749,16917,0.9022881220331751,10337,0.5513360712571337,2333,2061,272,1163,1170,True,0.8893854161190263,0.9119654012493993,0.518951754606155,0.5775411811972679,0.24279036038485943,0.2730015668906932,False,crosses_nominal,robust_shortfall,0.3509520507760414,False
catboost_platt,CatBoost,W5,w05_2012m05_m10,5,primary_oot,0,0,0.1,2341,2108,0.047129630157565154,False,True,60520,54571,47770,0.8753733668065456,50605,0.9273240365762034,2075,1806,269,1912,163,True,0.8710795040116703,0.8793656987778704,0.9245624292030548,0.9297841828514775,0.9017019167217448,0.9359881031064111,True,robust_shortfall,robust_at_or_above_nominal,-0.05195066976965788,False
catboost_platt,CatBoost,W5,w05_2012m05_m10,5,primary_oot,0,1,0.1,115,105,0.9768215666009396,False,True,60520,3874,3575,0.9228187919463087,0,0.0,2075,1784,291,0,2075,True,0.858343337334934,0.9471544715447154,0.0,0.0,0.0640118968935889,0.09829808327825512,False,crosses_nominal,robust_shortfall,0.9228187919463087,False
catboost_platt,CatBoost,W5,w05_2012m05_m10,5,primary_oot,1,0,0.1,3214,2894,0.07770444829584197,False,True,79865,68959,63061,0.914470917501704,67691,0.981612262358793,2700,2460,240,2650,50,True,0.9112992962326045,0.9174169338691385,0.9809010418930864,0.9822927285676382,0.8634445626995555,0.897251612095411,False,robust_at_or_above_nominal,robust_at_or_above_nominal,-0.06714134485708899,False
catboost_platt,CatBoost,W5,w05_2012m05_m10,5,primary_oot,1,1,0.1,269,243,0.9462931845251807,False,True,79865,8206,7436,0.9061662198391421,0,0.0,2700,2372,328,0,2700,True,0.871338176704945,0.9272074116089998,0.0,0.0,0.102748387904589,0.1365554373004445,False,crosses_nominal,robust_shortfall,0.9061662198391421,False
catboost_platt,CatBoost,W5,w05_2012m05_m10,5,primary_oot,2,0,0.1,4468,4023,0.10889754888583611,False,True,79047,65183,59489,0.9126459352898761,65183,1.0,2552,2320,232,2552,0,True,0.9094091569211954,0.915648193413626,1.0,1.0,0.82461067466191,0.8568952648424355,False,robust_at_or_above_nominal,robust_at_or_above_nominal,-0.0873540647101238,False
catboost_platt,CatBoost,W5,w05_2012m05_m10,5,primary_oot,2,1,0.1,533,481,0.9153032801606398,False,True,79047,11312,9936,0.8783592644978784,490,0.043316831683168314,2552,2190,362,101,2451,True,0.8511221517903033,0.8980891719745223,0.035602702899077236,0.05178305441163585,0.1431047351575645,0.17538932533808999,True,robust_shortfall,robust_shortfall,0.83504243281471,False
catboost_platt,CatBoost,W5,w05_2012m05_m10,5,primary_oot,3,0,0.1,5349,4815,0.1480401712423399,False,True,80235,62988,56872,0.9029021400901759,62988,1.0,2416,2156,260,2416,0,True,0.8991904882367822,0.9061156821810143,1.0,1.0,0.7850439334455038,0.8151554807752228,False,crosses_nominal,robust_at_or_above_nominal,-0.0970978599098241,False
catboost_platt,CatBoost,W5,w05_2012m05_m10,5,primary_oot,3,1,0.1,1011,911,0.8840282126252279,False,True,80235,14831,13280,0.8954217517362282,4914,0.33133301867709525,2416,2116,300,771,1645,True,0.8776683629634525,0.9084793768808639,0.2982520029133285,0.36437636200487117,0.1848445192247772,0.21495606655449617,False,crosses_nominal,robust_shortfall,0.5640887330591329,False
catboost_platt,CatBoost,W5,w05_2012m05_m10,5,primary_oot,4,0,0.1,5506,4957,0.24361888141891275,False,True,77223,56141,48166,0.857946954988333,56141,1.0,2333,1931,402,2333,0,True,0.8518472666819943,0.8626704780272765,1.0,1.0,0.7269984331093068,0.7572096396151405,True,robust_shortfall,robust_at_or_above_nominal,-0.14205304501166705,False
catboost_platt,CatBoost,W5,w05_2012m05_m10,5,primary_oot,4,1,0.1,1464,1319,0.8405820347024068,False,True,77223,18749,16917,0.9022881220331751,10293,0.5489892794282362,2333,2061,272,1154,1179,True,0.8893854161190263,0.9119654012493993,0.5165094339622641,0.5751394262171532,0.24279036038485943,0.2730015668906932,False,crosses_nominal,robust_shortfall,0.35329884260493893,False
catboost_platt,CatBoost,W6,w06_2012m06_m11,5,primary_oot,0,0,0.1,2435,2193,0.04717545035784339,False,True,60520,54571,47862,0.8770592439207637,50658,0.9282952483920031,2075,1811,264,1915,160,True,0.8728366918938634,0.8810081231598738,0.9255814803310738,0.9307261976418936,0.9017019167217448,0.9359881031064111,True,robust_shortfall,robust_at_or_above_nominal,-0.051236004471239306,False
catboost_platt,CatBoost,W6,w06_2012m06_m11,5,primary_oot,0,1,0.1,116,106,0.9769994039049974,False,True,60520,3874,3587,0.925916365513681,0,0.0,2075,1792,283,0,2075,True,0.8628818859754631,0.9493469819978821,0.0,0.0,0.0640118968935889,0.09829808327825512,False,crosses_nominal,robust_shortfall,0.925916365513681,False
catboost_platt,CatBoost,W6,w06_2012m06_m11,5,primary_oot,1,0,0.1,3483,3136,0.07766300993814092,False,True,79865,68959,62963,0.9130497832045128,67823,0.983526443248887,2700,2456,244,2656,44,True,0.909830498677803,0.9160400476090457,0.982899294233584,0.9841374013823919,0.8634445626995555,0.897251612095411,False,robust_at_or_above_nominal,robust_at_or_above_nominal,-0.0704766600443742,False
catboost_platt,CatBoost,W6,w06_2012m06_m11,5,primary_oot,1,1,0.1,300,271,0.9459254474958697,False,True,79865,8206,7356,0.8964172556665855,0,0.0,2700,2341,359,0,2700,True,0.8588441330998249,0.9194083625675548,0.0,0.0,0.102748387904589,0.1365554373004445,False,crosses_nominal,robust_shortfall,0.8964172556665855,False
catboost_platt,CatBoost,W6,w06_2012m06_m11,5,primary_oot,2,0,0.1,4923,4432,0.10891755522073623,False,True,79047,65183,59521,0.9131368608379485,65183,1.0,2552,2320,232,2552,0,True,0.9098983413590155,0.9161222464186777,1.0,1.0,0.82461067466191,0.8568952648424355,False,robust_at_or_above_nominal,robust_at_or_above_nominal,-0.08686313916205146,False
catboost_platt,CatBoost,W6,w06_2012m06_m11,5,primary_oot,2,1,0.1,579,522,0.9156133564422865,False,True,79047,11312,10031,0.8867574257425742,432,0.03818953323903819,2552,2215,337,88,2464,True,0.8611039574212379,0.9053005100909293,0.0313588850174216,0.0456140350877193,0.1431047351575645,0.17538932533808999,False,crosses_nominal,robust_shortfall,0.848567892503536,False
catboost_platt,CatBoost,W6,w06_2012m06_m11,5,primary_oot,3,0,0.1,6007,5408,0.14799001065875514,False,True,80235,62988,56813,0.9019654537372198,62988,1.0,2416,2154,262,2416,0,True,0.8982292490118577,0.9052070860581499,1.0,1.0,0.7850439334455038,0.8151554807752228,False,crosses_nominal,robust_at_or_above_nominal,-0.09803454626278021,False
catboost_platt,CatBoost,W6,w06_2012m06_m11,5,primary_oot,3,1,0.1,1119,1008,0.8836319077817236,False,True,80235,14831,13145,0.8863191962780662,4731,0.31899399905603126,2416,2094,322,747,1669,True,0.8674849864713258,0.900384047267356,0.2867272727272727,0.35164976248555657,0.1848445192247772,0.21495606655449617,False,crosses_nominal,robust_shortfall,0.5673251972220349,False
catboost_platt,CatBoost,W6,w06_2012m06_m11,5,primary_oot,4,0,0.1,6152,5538,0.2442418416988845,False,True,77223,56141,48261,0.8596391229226412,56141,1.0,2333,1939,394,2333,0,True,0.8536481825417883,0.8643250688705234,1.0,1.0,0.7269984331093068,0.7572096396151405,True,robust_shortfall,robust_at_or_above_nominal,-0.14036087707735878,False
catboost_platt,CatBoost,W6,w06_2012m06_m11,5,primary_oot,4,1,0.1,1571,1415,0.8406105211278425,False,True,77223,18749,16922,0.9025548029228225,10203,0.5441890234145821,2333,2063,270,1146,1187,True,0.8897418371102581,0.9122141072458197,0.51178772070626,0.5704448353857753,0.24279036038485943,0.2730015668906932,False,crosses_nominal,robust_shortfall,0.35836577950824045,False
catboost_platt,CatBoost,W7,w07_2012m07_m12,5,primary_oot,0,0,0.1,2612,2352,0.04723797702308798,False,True,60520,54571,48010,0.879771307104506,50695,0.9289732641879387,2075,1813,262,1917,158,True,0.8755676326299856,0.8836372020431328,0.9262913628971843,0.931383656705849,0.9017019167217448,0.9359881031064111,True,robust_shortfall,robust_at_or_above_nominal,-0.04920195708343259,False
catboost_platt,CatBoost,W7,w07_2012m07_m12,5,primary_oot,0,1,0.1,121,110,0.9767447351191402,False,True,60520,3874,3573,0.92230252968508,0,0.0,2075,1780,295,0,2075,True,0.857040057567762,0.9467633533781393,0.0,0.0,0.0640118968935889,0.09829808327825512,False,crosses_nominal,robust_shortfall,0.92230252968508,False
catboost_platt,CatBoost,W7,w07_2012m07_m12,5,primary_oot,1,0,0.1,3950,3556,0.07765106289918138,False,True,79865,68959,62946,0.9128032599080613,67596,0.9802346321727403,2700,2455,245,2643,57,True,0.9095717010577423,0.9158008233679671,0.9794250608554538,0.9809642188765677,0.8634445626995555,0.897251612095411,False,robust_at_or_above_nominal,robust_at_or_above_nominal,-0.06743137226467902,False
catboost_platt,CatBoost,W7,w07_2012m07_m12,5,primary_oot,1,1,0.1,318,288,0.9457495532012863,False,True,79865,8206,7318,0.891786497684621,0,0.0,2700,2325,375,0,2700,True,0.8528143573010138,0.9156775235020416,0.0,0.0,0.102748387904589,0.1365554373004445,False,crosses_nominal,robust_shortfall,0.891786497684621,False
catboost_platt,CatBoost,W7,w07_2012m07_m12,5,primary_oot,2,0,0.1,5326,4795,0.1088310680098853,False,True,79047,65183,59376,0.9109123544482457,65183,1.0,2552,2313,239,2552,0,True,0.907584604567271,0.9139652720161194,1.0,1.0,0.82461067466191,0.8568952648424355,False,robust_at_or_above_nominal,robust_at_or_above_nominal,-0.08908764555175429,False
catboost_platt,CatBoost,W7,w07_2012m07_m12,5,primary_oot,2,1,0.1,603,544,0.9157910369468302,False,True,79047,11312,10081,0.8911775106082037,117,0.010342998585572843,2552,2227,325,31,2521,True,0.8662885623442468,0.9090774798729596,0.008458035133376708,0.013047694613417968,0.1431047351575645,0.17538932533808999,False,crosses_nominal,robust_shortfall,0.8808345120226309,False
catboost_platt,CatBoost,W7,w07_2012m07_m12,5,primary_oot,3,0,0.1,6312,5682,0.14806727349523463,False,True,80235,62988,56911,0.9035213056455198,62988,1.0,2416,2157,259,2416,0,True,0.8998213353993075,0.9067157878578556,1.0,1.0,0.7850439334455038,0.8151554807752228,False,crosses_nominal,robust_at_or_above_nominal,-0.09647869435448021,False
catboost_platt,CatBoost,W7,w07_2012m07_m12,5,primary_oot,3,1,0.1,1118,1008,0.8835684066224421,False,True,80235,14831,13126,0.8850380958802508,4474,0.30166543051716,2416,2091,325,690,1726,True,0.866059646344682,0.8992435882283418,0.2702180346681162,0.3327105212293022,0.1848445192247772,0.21495606655449617,True,robust_shortfall,robust_shortfall,0.5833726653630908,False
catboost_platt,CatBoost,W7,w07_2012m07_m12,5,primary_oot,4,0,0.1,6447,5804,0.24436606364505273,False,True,77223,56141,48277,0.8599241196273668,56141,1.0,2333,1939,394,2333,0,True,0.8539311930662421,0.8646005509641873,1.0,1.0,0.7269984331093068,0.7572096396151405,True,robust_shortfall,robust_at_or_above_nominal,-0.1400758803726332,False
catboost_platt,CatBoost,W7,w07_2012m07_m12,5,primary_oot,4,1,0.1,1604,1445,0.8405675699844068,False,True,77223,18749,16913,0.9020747773214571,10005,0.5336284601845431,2333,2061,272,1124,1209,True,0.8891751222333211,0.9117731859682845,0.5013027357450647,0.5600060383434811,0.24279036038485943,0.2730015668906932,False,crosses_nominal,robust_shortfall,0.36844631713691395,False
catboost_platt,CatBoost,W8,w08_2012m08_2013m01,5,primary_oot,0,0,0.1,2715,2445,0.0474533318465522,False,True,60520,54571,48447,0.8877792233970424,51084,0.9361015924208829,2075,1832,243,1930,145,True,0.883843543620243,0.8914242150240236,0.9336208787192046,0.938284278154369,0.9017019167217448,0.9359881031064111,True,robust_shortfall,robust_at_or_above_nominal,-0.0483223690238405,False
catboost_platt,CatBoost,W8,w08_2012m08_2013m01,5,primary_oot,0,1,0.1,132,120,0.9762415191619945,False,True,60520,3874,3545,0.9150748580278781,0,0.0,2075,1762,313,0,2075,True,0.8466682588965847,0.941625266146203,0.0,0.0,0.0640118968935889,0.09829808327825512,False,crosses_nominal,robust_shortfall,0.9150748580278781,False
catboost_platt,CatBoost,W8,w08_2012m08_2013m01,5,primary_oot,1,0,0.1,4248,3825,0.07769356575527235,False,True,79865,68959,63033,0.9140648791310779,67394,0.9773053553560811,2700,2459,241,2632,68,True,0.9108815028901734,0.9170237195104876,0.9763425905804974,0.9781397102987806,0.8634445626995555,0.897251612095411,False,robust_at_or_above_nominal,robust_at_or_above_nominal,-0.06324047622500326,False
catboost_platt,CatBoost,W8,w08_2012m08_2013m01,5,primary_oot,1,1,0.1,324,293,0.9457495532012863,False,True,79865,8206,7318,0.891786497684621,0,0.0,2700,2325,375,0,2700,True,0.8528143573010138,0.9156775235020416,0.0,0.0,0.102748387904589,0.1365554373004445,False,crosses_nominal,robust_shortfall,0.891786497684621,False
catboost_platt,CatBoost,W8,w08_2012m08_2013m01,5,primary_oot,2,0,0.1,5632,5070,0.10875382131921911,False,True,79047,65183,59227,0.9086264823650338,65019,0.9974840065661292,2552,2307,245,2543,9,True,0.9052240630922541,0.9117498888724256,0.9973463001595287,0.9975784779848212,0.82461067466191,0.8568952648424355,False,robust_at_or_above_nominal,robust_at_or_above_nominal,-0.08885752420109538,False
catboost_platt,CatBoost,W8,w08_2012m08_2013m01,5,primary_oot,2,1,0.1,606,547,0.9153940035772994,False,True,79047,11312,9963,0.8807461103253182,0,0.0,2552,2196,356,0,2552,True,0.8538738429893726,0.900133254367782,0.0,0.0,0.1431047351575645,0.17538932533808999,False,crosses_nominal,robust_shortfall,0.8807461103253182,False
catboost_platt,CatBoost,W8,w08_2012m08_2013m01,5,primary_oot,3,0,0.1,6691,6023,0.14840523146960216,False,True,80235,62988,57267,0.9091731758430177,62988,1.0,2416,2175,241,2416,0,True,0.9057078239415458,0.9122047787855071,1.0,1.0,0.7850439334455038,0.8151554807752228,False,robust_at_or_above_nominal,robust_at_or_above_nominal,-0.09082682415698229,False
catboost_platt,CatBoost,W8,w08_2012m08_2013m01,5,primary_oot,3,1,0.1,1129,1017,0.8832121341163766,False,True,80235,14831,12998,0.8764075247791787,4090,0.2757737172139438,2416,2069,347,623,1793,True,0.8563710633812096,0.8915384615384615,0.2460298363811357,0.3049695871618998,0.1848445192247772,0.21495606655449617,True,robust_shortfall,robust_shortfall,0.600633807565235,False
catboost_platt,CatBoost,W8,w08_2012m08_2013m01,5,primary_oot,4,0,0.1,6998,6300,0.24841081085295222,False,True,77223,56141,48912,0.8712349263461642,56141,1.0,2333,1970,363,2333,0,True,0.8656378309500212,0.8756001445509456,1.0,1.0,0.7269984331093068,0.7572096396151405,True,robust_shortfall,robust_at_or_above_nominal,-0.12876507365383588,False
catboost_platt,CatBoost,W8,w08_2012m08_2013m01,5,primary_oot,4,1,0.1,1654,1490,0.8406563160287988,False,True,77223,18749,16937,0.9033548455917649,9160,0.4885593898341245,2333,2066,267,1025,1308,True,0.8906710138830458,0.9129473937064617,0.4566984095328314,0.5150702943258825,0.24279036038485943,0.2730015668906932,False,crosses_nominal,robust_shortfall,0.41479545575764043,False
numeric_logistic_platt,Numeric logistic,W1,w01_2012m01_m06,5,primary_oot,0,0,0.1,1556,1402,0.05530457830055699,False,True,48646,43343,40720,0.9394827307754424,41618,0.9602011858893016,1641,1537,104,1568,73,True,0.9372338711533592,0.9415552584670231,0.9585866961488853,0.9615907016098506,0.8909879537885952,0.9247214570571064,False,robust_at_or_above_nominal,robust_at_or_above_nominal,-0.020718455113859217,False
numeric_logistic_platt,Numeric logistic,W1,w01_2012m01_m06,5,primary_oot,0,1,0.1,70,64,0.9627640093213082,False,True,48646,3662,1921,0.5245767340251228,0,0.0,1641,1024,617,0,1641,True,0.44893666744566485,0.6284677763551003,0.0,0.0,0.07527854294289356,0.10901204621140484,True,robust_shortfall,robust_shortfall,0.5245767340251228,False
numeric_logistic_platt,Numeric logistic,W1,w01_2012m01_m06,5,primary_oot,1,0,0.1,2252,2028,0.07921560300417589,False,True,55311,48764,43999,0.9022844721515872,47938,0.9830612747108523,1878,1704,174,1852,26,True,0.8990763823613552,0.9055837362288975,0.9825374052059849,0.9836810494705232,0.8816329482381443,0.9155864113829075,False,crosses_nominal,robust_at_or_above_nominal,-0.08077680255926503,False
numeric_logistic_platt,Numeric logistic,W1,w01_2012m01_m06,5,primary_oot,1,1,0.1,200,181,0.9399277610946792,False,True,55311,4669,4238,0.9076890126365389,0,0.0,1878,1657,221,0,1878,True,0.8666666666666667,0.9318684792918116,0.0,0.0,0.08441358861709244,0.11836705176185569,False,crosses_nominal,robust_shortfall,0.9076890126365389,False
numeric_logistic_platt,Numeric logistic,W1,w01_2012m01_m06,5,primary_oot,2,0,0.1,2415,2175,0.10523063670615464,False,True,70157,59673,53706,0.9000050273993263,59673,1.0,2273,2052,221,2273,0,True,0.896684141984172,0.903329283110571,1.0,1.0,0.8505637356215345,0.8829624983964537,False,crosses_nominal,robust_at_or_above_nominal,-0.09999497260067366,False
numeric_logistic_platt,Numeric logistic,W1,w01_2012m01_m06,5,primary_oot,2,1,0.1,309,279,0.9156403703087904,False,True,70157,8211,7435,0.9054926318353428,1227,0.1494336865180855,2273,2026,247,297,1976,True,0.8790494206668243,0.924196541955651,0.12044762933150094,0.17912552891396333,0.11703750160354633,0.14943626437846544,False,crosses_nominal,robust_shortfall,0.7560589453172574,False
numeric_logistic_platt,Numeric logistic,W1,w01_2012m01_m06,5,primary_oot,3,0,0.1,2996,2698,0.1428527424972953,False,True,87008,70837,64369,0.9086917853664046,70837,1.0,2692,2445,247,2692,0,True,0.9055342974509032,0.9117382167517262,1.0,1.0,0.8141435270319971,0.8450832107392424,False,robust_at_or_above_nominal,robust_at_or_above_nominal,-0.09130821463359544,False
numeric_logistic_platt,Numeric logistic,W1,w01_2012m01_m06,5,primary_oot,3,1,0.1,501,452,0.8883607144512162,False,True,87008,13479,12178,0.9034794866087988,3996,0.29646116180725574,2692,2399,293,706,1986,True,0.8842579146093523,0.9180627283033128,0.25838991270611056,0.33147691223123016,0.15491678926075764,0.18585647296800295,False,crosses_nominal,robust_shortfall,0.6070183248015432,False
numeric_logistic_platt,Numeric logistic,W1,w01_2012m01_m06,5,primary_oot,4,0,0.1,3685,3318,0.25237753896872483,False,True,115768,85225,70696,0.8295218539161044,85006,0.997430331475506,3592,2842,750,3575,17,True,0.8222855481244548,0.8350233345066824,0.9972314117453838,0.9975337837837838,0.7361706170962615,0.7671981894824131,True,robust_shortfall,robust_at_or_above_nominal,-0.16790847755940158,False
numeric_logistic_platt,Numeric logistic,W1,w01_2012m01_m06,5,primary_oot,4,1,0.1,964,869,0.8449152096741082,False,True,115768,26951,24674,0.9155133390226707,15505,0.5753033282624022,3592,3155,437,1794,1798,True,0.9009055060610487,0.9243672357669568,0.5393231068906744,0.6018090102626543,0.2328018105175869,0.26382938290373853,False,robust_at_or_above_nominal,robust_shortfall,0.34021001076026863,False
numeric_logistic_platt,Numeric logistic,W2,w02_2012m02_m07,5,primary_oot,0,0,0.1,1639,1476,0.05522068088004491,False,True,48646,43343,40593,0.9365526151858432,41559,0.9588399510878343,1641,1531,110,1565,76,True,0.934181759602329,0.9387172973213888,0.9571616112761694,0.9602743386479023,0.8909879537885952,0.9247214570571064,False,robust_at_or_above_nominal,robust_at_or_above_nominal,-0.022287335901991095,False
numeric_logistic_platt,Numeric logistic,W2,w02_2012m02_m07,5,primary_oot,0,1,0.1,73,67,0.9643028716527625,False,True,48646,3662,2014,0.5499726925177498,0,0.0,1641,1077,564,0,1641,True,0.4765735920492191,0.6522473095589787,0.0,0.0,0.07527854294289356,0.10901204621140484,True,robust_shortfall,robust_shortfall,0.5499726925177498,False
numeric_logistic_platt,Numeric logistic,W2,w02_2012m02_m07,5,primary_oot,1,0,0.1,2379,2142,0.07912512824207499,False,True,55311,48764,43823,0.8986752522352555,47858,0.9814207202034287,1878,1694,184,1848,30,True,0.8952970499305385,0.902076974909826,0.9808173136041316,0.9820991069311625,0.8816329482381443,0.9155864113829075,False,crosses_nominal,robust_at_or_above_nominal,-0.08274546796817324,False
numeric_logistic_platt,Numeric logistic,W2,w02_2012m02_m07,5,primary_oot,1,1,0.1,206,187,0.9392783992412451,False,True,55311,4669,4140,0.8866995073891626,0,0.0,1878,1626,252,0,1878,True,0.8412924202397887,0.9159650516282765,0.0,0.0,0.08441358861709244,0.11836705176185569,False,crosses_nominal,robust_shortfall,0.8866995073891626,False
numeric_logistic_platt,Numeric logistic,W2,w02_2012m02_m07,5,primary_oot,2,0,0.1,2615,2355,0.10523194946193369,False,True,70157,59673,53712,0.9001055753858529,59673,1.0,2273,2052,221,2273,0,True,0.8967843189635022,0.9034264884568651,1.0,1.0,0.8505637356215345,0.8829624983964537,False,crosses_nominal,robust_at_or_above_nominal,-0.0998944246141471,False
numeric_logistic_platt,Numeric logistic,W2,w02_2012m02_m07,5,primary_oot,2,1,0.1,345,312,0.9152430357439701,False,True,70157,8211,7332,0.8929484837413226,1420,0.17293874071367676,2273,1990,283,342,1931,True,0.8631975512126207,0.9138319772571316,0.1400118319858016,0.2060095872793172,0.11703750160354633,0.14943626437846544,False,crosses_nominal,robust_shortfall,0.7200097430276459,False
numeric_logistic_platt,Numeric logistic,W2,w02_2012m02_m07,5,primary_oot,3,0,0.1,3354,3020,0.1429344542725103,False,True,87008,70837,64477,0.9102164123268913,70837,1.0,2692,2450,242,2692,0,True,0.9071174327157107,0.9132178967620451,1.0,1.0,0.8141435270319971,0.8450832107392424,False,robust_at_or_above_nominal,robust_at_or_above_nominal,-0.08978358767310869,False
numeric_logistic_platt,Numeric logistic,W2,w02_2012m02_m07,5,primary_oot,3,1,0.1,571,515,0.8879511741977272,False,True,87008,13479,12046,0.8936864752578084,3923,0.2910453297722383,2692,2361,331,694,1998,True,0.8722664735698769,0.9095328282828283,0.25347289526394,0.3257602483595569,0.15491678926075764,0.18585647296800295,False,crosses_nominal,robust_shortfall,0.6026411454855701,False
numeric_logistic_platt,Numeric logistic,W2,w02_2012m02_m07,5,primary_oot,4,0,0.1,4339,3906,0.25358551824942815,False,True,115768,85225,70958,0.8325960692285128,85005,0.9974185978292754,3592,2856,736,3574,18,True,0.825467363106525,0.8380240914612685,0.9972079818870758,0.9975224946226872,0.7361706170962615,0.7671981894824131,True,robust_shortfall,robust_at_or_above_nominal,-0.16482252860076269,False
numeric_logistic_platt,Numeric logistic,W2,w02_2012m02_m07,5,primary_oot,4,1,0.1,1153,1039,0.8439783955277265,False,True,115768,26951,24378,0.904530444139364,15176,0.5630959890171051,3592,3106,486,1746,1846,True,0.8885082188285891,0.9143959809694913,0.5269993402090496,0.5896783635920131,0.2328018105175869,0.26382938290373853,False,crosses_nominal,robust_shortfall,0.3414344551222589,False
numeric_logistic_platt,Numeric logistic,W3,w03_2012m03_m08,5,primary_oot,0,0,0.1,1865,1680,0.055023245764878013,False,True,48646,43343,40263,0.9289389290081443,41501,0.957501788062663,1641,1515,126,1561,80,True,0.926246290459868,0.931338891613536,0.9557377426709348,0.9589791555318011,0.8909879537885952,0.9247214570571064,False,robust_at_or_above_nominal,robust_at_or_above_nominal,-0.028562859054518608,False
numeric_logistic_platt,Numeric logistic,W3,w03_2012m03_m08,5,primary_oot,0,1,0.1,80,73,0.9649568537144773,False,True,48646,3662,2056,0.5614418350628072,0,0.0,1641,1102,539,0,1641,True,0.48940728398000477,0.6628883291351805,0.0,0.0,0.07527854294289356,0.10901204621140484,True,robust_shortfall,robust_shortfall,0.5614418350628072,False
numeric_logistic_platt,Numeric logistic,W3,w03_2012m03_m08,5,primary_oot,1,0,0.1,2553,2299,0.07916556793384219,False,True,55311,48764,43896,0.9001722582232795,47716,0.978508735952752,1878,1698,180,1839,39,True,0.8968617195161818,0.9035313701399073,0.9777267790914493,0.9792897654289271,0.8816329482381443,0.9155864113829075,False,crosses_nominal,robust_at_or_above_nominal,-0.07833647772947257,False
numeric_logistic_platt,Numeric logistic,W3,w03_2012m03_m08,5,primary_oot,1,1,0.1,205,186,0.9390812246000457,False,True,55311,4669,4112,0.8807025058899122,0,0.0,1878,1616,262,0,1878,True,0.8339079294260799,0.911376292760541,0.0,0.0,0.08441358861709244,0.11836705176185569,False,crosses_nominal,robust_shortfall,0.8807025058899122,False
numeric_logistic_platt,Numeric logistic,W3,w03_2012m03_m08,5,primary_oot,2,0,0.1,2886,2599,0.10531915524582416,False,True,70157,59673,53890,0.9030884989861412,59673,1.0,2273,2060,213,2273,0,True,0.8998764318872524,0.9063223883498291,1.0,1.0,0.8505637356215345,0.8829624983964537,False,crosses_nominal,robust_at_or_above_nominal,-0.09691150101385887,False
numeric_logistic_platt,Numeric logistic,W3,w03_2012m03_m08,5,primary_oot,2,1,0.1,366,331,0.9149585561950633,False,True,70157,8211,7250,0.8829618804043357,1347,0.1640482279868469,2273,1964,309,322,1951,True,0.8509389671361502,0.9055528255528256,0.1325526471167093,0.1955935778741357,0.11703750160354633,0.14943626437846544,False,crosses_nominal,robust_shortfall,0.7189136524174887,False
numeric_logistic_platt,Numeric logistic,W3,w03_2012m03_m08,5,primary_oot,3,0,0.1,3852,3468,0.1428008362684702,False,True,87008,70837,64283,0.9074777305645355,70837,1.0,2692,2443,249,2692,0,True,0.9042990180907633,0.9105622270742358,1.0,1.0,0.8141435270319971,0.8450832107392424,False,robust_at_or_above_nominal,robust_at_or_above_nominal,-0.09252226943546452,False
numeric_logistic_platt,Numeric logistic,W3,w03_2012m03_m08,5,primary_oot,3,1,0.1,663,598,0.888220938855626,False,True,87008,13479,12148,0.9012538022108465,4202,0.31174419467319536,2692,2381,311,744,1948,True,0.8809282088469905,0.916078184110971,0.2723795942179296,0.34774660760739645,0.15491678926075764,0.18585647296800295,False,crosses_nominal,robust_shortfall,0.5895096075376511,False
numeric_logistic_platt,Numeric logistic,W3,w03_2012m03_m08,5,primary_oot,4,0,0.1,5204,4685,0.25237753896872483,False,True,115768,85225,70696,0.8295218539161044,85005,0.9974185978292754,3592,2842,750,3574,18,True,0.8222855481244548,0.8350233345066824,0.9972079818870758,0.9975224946226872,0.7361706170962615,0.7671981894824131,True,robust_shortfall,robust_at_or_above_nominal,-0.16789674391317103,False
numeric_logistic_platt,Numeric logistic,W3,w03_2012m03_m08,5,primary_oot,4,1,0.1,1375,1239,0.8449711927894904,False,True,115768,26951,24691,0.9161441133909688,15067,0.5590516121850766,3592,3156,436,1740,1852,True,0.9015591338956439,0.9249344006377255,0.5231052320938792,0.5857934543933637,0.2328018105175869,0.26382938290373853,False,robust_at_or_above_nominal,robust_shortfall,0.3570925012058922,False
numeric_logistic_platt,Numeric logistic,W4,w04_2012m04_m09,5,primary_oot,0,0,0.1,1979,1782,0.054956850617110434,False,True,48646,43343,40167,0.9267240384837229,41354,0.9541102369471426,1641,1513,128,1555,86,True,0.9239953072163051,0.9291956482967719,0.9522208662414515,0.9556995857276493,0.8909879537885952,0.9247214570571064,False,robust_at_or_above_nominal,robust_at_or_above_nominal,-0.0273861984634197,False
numeric_logistic_platt,Numeric logistic,W4,w04_2012m04_m09,5,primary_oot,0,1,0.1,83,76,0.9658216551046883,False,True,48646,3662,2107,0.5753686510103768,0,0.0,1641,1132,509,0,1641,True,0.5051546391752577,0.6756362119315812,0.0,0.0,0.07527854294289356,0.10901204621140484,True,robust_shortfall,robust_shortfall,0.5753686510103768,False
numeric_logistic_platt,Numeric logistic,W4,w04_2012m04_m09,5,primary_oot,1,0,0.1,2740,2467,0.0792935618247389,False,True,55311,48764,44178,0.9059552128619474,47261,0.9691780821917808,1878,1712,166,1826,52,True,0.9028816676885346,0.9091449401695856,0.9681456899377253,0.9702905712591421,0.8816329482381443,0.9155864113829075,False,robust_at_or_above_nominal,robust_at_or_above_nominal,-0.06322286932983348,False
numeric_logistic_platt,Numeric logistic,W4,w04_2012m04_m09,5,primary_oot,1,1,0.1,200,181,0.9381368618864542,False,True,55311,4669,3950,0.8460055686442493,0,0.0,1878,1548,330,0,1878,True,0.7901580316063213,0.8843493646453273,0.0,0.0,0.08441358861709244,0.11836705176185569,True,robust_shortfall,robust_shortfall,0.8460055686442493,False
numeric_logistic_platt,Numeric logistic,W4,w04_2012m04_m09,5,primary_oot,2,0,0.1,3203,2884,0.1053809601909387,False,True,70157,59673,54037,0.9055519246560421,59673,1.0,2273,2066,207,2273,0,True,0.9024215096860387,0.908712483195387,1.0,1.0,0.8505637356215345,0.8829624983964537,False,robust_at_or_above_nominal,robust_at_or_above_nominal,-0.09444807534395791,False
numeric_logistic_platt,Numeric logistic,W4,w04_2012m04_m09,5,primary_oot,2,1,0.1,391,353,0.9146779779225911,False,True,70157,8211,7189,0.875532821824382,995,0.12117890634514676,2273,1943,330,222,2051,True,0.8417047184170472,0.8993500098483357,0.09695965698694212,0.14431400450610696,0.11703750160354633,0.14943626437846544,True,robust_shortfall,robust_shortfall,0.7543539154792351,False
numeric_logistic_platt,Numeric logistic,W4,w04_2012m04_m09,5,primary_oot,3,0,0.1,4487,4040,0.14283563597161703,False,True,87008,70837,64340,0.9082823947936812,70837,1.0,2692,2445,247,2692,0,True,0.9051263294130888,0.9113424851941814,1.0,1.0,0.8141435270319971,0.8450832107392424,False,robust_at_or_above_nominal,robust_at_or_above_nominal,-0.09171760520631873,False
numeric_logistic_platt,Numeric logistic,W4,w04_2012m04_m09,5,primary_oot,3,1,0.1,748,675,0.8879583198658426,False,True,87008,13479,12049,0.8939090436976037,3870,0.2871132873358558,2692,2362,330,690,2002,True,0.8725468897096097,0.9097279212170949,0.24998385117240488,0.32182934575481686,0.15491678926075764,0.18585647296800295,False,crosses_nominal,robust_shortfall,0.6067957563617479,False
numeric_logistic_platt,Numeric logistic,W4,w04_2012m04_m09,5,primary_oot,4,0,0.1,6283,5656,0.2521813800269015,False,True,115768,85225,70647,0.8289469052508067,85005,0.9974185978292754,3592,2840,752,3574,18,True,0.8216965002268048,0.8344631806052347,0.9972079818870758,0.9975224946226872,0.7361706170962615,0.7671981894824131,True,robust_shortfall,robust_at_or_above_nominal,-0.16847169257846875,False
numeric_logistic_platt,Numeric logistic,W4,w04_2012m04_m09,5,primary_oot,4,1,0.1,1653,1489,0.8447434101358715,False,True,115768,26951,24619,0.9134725984193537,15017,0.5571963934547883,3592,3150,442,1731,1861,True,0.8987332530208447,0.9225274907810371,0.5212064417603777,0.5839202287148735,0.2328018105175869,0.26382938290373853,False,crosses_nominal,robust_shortfall,0.3562762049645653,False
numeric_logistic_platt,Numeric logistic,W5,w05_2012m05_m10,5,primary_oot,0,0,0.1,2050,1846,0.05494592203515746,False,True,48646,43343,40153,0.926401033615578,41540,0.9584015873382091,1641,1513,128,1564,77,True,0.9236732534333234,0.9288835384341002,0.9567019806540764,0.9598503574053043,0.8909879537885952,0.9247214570571064,False,robust_at_or_above_nominal,robust_at_or_above_nominal,-0.03200055372263111,False
numeric_logistic_platt,Numeric logistic,W5,w05_2012m05_m10,5,primary_oot,0,1,0.1,101,92,0.9658216551046883,False,True,48646,3662,2107,0.5753686510103768,0,0.0,1641,1132,509,0,1641,True,0.5051546391752577,0.6756362119315812,0.0,0.0,0.07527854294289356,0.10901204621140484,True,robust_shortfall,robust_shortfall,0.5753686510103768,False
numeric_logistic_platt,Numeric logistic,W5,w05_2012m05_m10,5,primary_oot,1,0,0.1,2858,2574,0.07932745454144441,False,True,55311,48764,44259,0.9076162743007137,47267,0.9693011237798376,1878,1714,164,1826,52,True,0.9045740680183126,0.9107531994136059,0.968268600458866,0.9704091717730777,0.8816329482381443,0.9155864113829075,False,robust_at_or_above_nominal,robust_at_or_above_nominal,-0.06168484947912394,False
numeric_logistic_platt,Numeric logistic,W5,w05_2012m05_m10,5,primary_oot,1,1,0.1,212,192,0.9390812246000457,False,True,55311,4669,4112,0.8807025058899122,0,0.0,1878,1616,262,0,1878,True,0.8339079294260799,0.911376292760541,0.0,0.0,0.08441358861709244,0.11836705176185569,False,crosses_nominal,robust_shortfall,0.8807025058899122,False
numeric_logistic_platt,Numeric logistic,W5,w05_2012m05_m10,5,primary_oot,2,0,0.1,3575,3219,0.10542804937175582,False,True,70157,59673,54136,0.9072109664337304,59673,1.0,2273,2070,203,2273,0,True,0.9041352127730643,0.9103218178578948,1.0,1.0,0.8505637356215345,0.8829624983964537,False,robust_at_or_above_nominal,robust_at_or_above_nominal,-0.0927890335662695,False
numeric_logistic_platt,Numeric logistic,W5,w05_2012m05_m10,5,primary_oot,2,1,0.1,412,372,0.9149585561950633,False,True,70157,8211,7250,0.8829618804043357,483,0.058823529411764705,2273,1964,309,101,2172,True,0.8509389671361502,0.9055528255528256,0.046518347298468654,0.07025986525505294,0.11703750160354633,0.14943626437846544,False,crosses_nominal,robust_shortfall,0.8241383509925709,False
numeric_logistic_platt,Numeric logistic,W5,w05_2012m05_m10,5,primary_oot,3,0,0.1,5106,4597,0.14270253989287304,False,True,87008,70837,64123,0.905219023956407,70837,1.0,2692,2440,252,2692,0,True,0.9020101562829692,0.9083750699400903,1.0,1.0,0.8141435270319971,0.8450832107392424,False,robust_at_or_above_nominal,robust_at_or_above_nominal,-0.09478097604359303,False
numeric_logistic_platt,Numeric logistic,W5,w05_2012m05_m10,5,primary_oot,3,1,0.1,801,722,0.8875492117444816,False,True,87008,13479,11896,0.8825580532680466,3455,0.2563246531641813,2692,2334,358,598,2094,True,0.8597239285972393,0.8998924935179915,0.2218583445707314,0.28791645947289907,0.15491678926075764,0.18585647296800295,True,robust_shortfall,robust_shortfall,0.6262334001038653,False
numeric_logistic_platt,Numeric logistic,W5,w05_2012m05_m10,5,primary_oot,4,0,0.1,7289,6561,0.2529554038326428,False,True,115768,85225,70830,0.8310941625110003,85005,0.9974185978292754,3592,2851,741,3574,18,True,0.8239303910848474,0.8365616058858258,0.9972079818870758,0.9975224946226872,0.7361706170962615,0.7671981894824131,True,robust_shortfall,robust_at_or_above_nominal,-0.16632443531827515,False
numeric_logistic_platt,Numeric logistic,W5,w05_2012m05_m10,5,primary_oot,4,1,0.1,1866,1681,0.8448238995006351,False,True,115768,26951,24647,0.9145115209083151,14853,0.5511112760194427,3592,3152,440,1712,1880,True,0.8998211091234347,0.923462777796233,0.5151746384100447,0.5779227575620137,0.2328018105175869,0.26382938290373853,False,crosses_nominal,robust_shortfall,0.3634002448888724,False
numeric_logistic_platt,Numeric logistic,W6,w06_2012m06_m11,5,primary_oot,0,0,0.1,2057,1853,0.05495679596284545,False,True,48646,43343,40167,0.9267240384837229,41563,0.9589322381930184,1641,1513,128,1565,76,True,0.9239953072163051,0.9291956482967719,0.9572537368433175,0.9603634096374811,0.8909879537885952,0.9247214570571064,False,robust_at_or_above_nominal,robust_at_or_above_nominal,-0.03220819970929562,False
numeric_logistic_platt,Numeric logistic,W6,w06_2012m06_m11,5,primary_oot,0,1,0.1,103,94,0.9658216551046883,False,True,48646,3662,2107,0.5753686510103768,0,0.0,1641,1132,509,0,1641,True,0.5051546391752577,0.6756362119315812,0.0,0.0,0.07527854294289356,0.10901204621140484,True,robust_shortfall,robust_shortfall,0.5753686510103768,False
numeric_logistic_platt,Numeric logistic,W6,w06_2012m06_m11,5,primary_oot,1,0,0.1,2953,2659,0.07932105770972316,False,True,55311,48764,44244,0.9073086703305717,47494,0.9739561971946518,1878,1713,165,1832,46,True,0.9042490138772508,0.9104542662995028,0.973038311821348,0.9748992015179065,0.8816329482381443,0.9155864113829075,False,robust_at_or_above_nominal,robust_at_or_above_nominal,-0.06664752686408006,False
numeric_logistic_platt,Numeric logistic,W6,w06_2012m06_m11,5,primary_oot,1,1,0.1,231,209,0.9390781705880987,False,True,55311,4669,4112,0.8807025058899122,0,0.0,1878,1616,262,0,1878,True,0.8339079294260799,0.911376292760541,0.0,0.0,0.08441358861709244,0.11836705176185569,False,crosses_nominal,robust_shortfall,0.8807025058899122,False
numeric_logistic_platt,Numeric logistic,W6,w06_2012m06_m11,5,primary_oot,2,0,0.1,3892,3504,0.1054292271035039,False,True,70157,59673,54138,0.9072444824292394,59673,1.0,2273,2070,203,2273,0,True,0.9041686151379518,0.9103542101938681,1.0,1.0,0.8505637356215345,0.8829624983964537,False,robust_at_or_above_nominal,robust_at_or_above_nominal,-0.09275551757076064,False
numeric_logistic_platt,Numeric logistic,W6,w06_2012m06_m11,5,primary_oot,2,1,0.1,443,400,0.9150318277077187,False,True,70157,8211,7268,0.8851540616246498,316,0.038484959201071735,2273,1969,304,61,2212,True,0.8535525543159131,0.9073673870333988,0.030317566919313057,0.045575435203094775,0.11703750160354633,0.14943626437846544,False,crosses_nominal,robust_shortfall,0.8466691024235782,False
numeric_logistic_platt,Numeric logistic,W6,w06_2012m06_m11,5,primary_oot,3,0,0.1,5750,5176,0.1426706350986934,False,True,87008,70837,64076,0.9045555288902692,70837,1.0,2692,2440,252,2692,0,True,0.9013490132087946,0.9077336681359772,1.0,1.0,0.8141435270319971,0.8450832107392424,False,robust_at_or_above_nominal,robust_at_or_above_nominal,-0.0954444711097308,False
numeric_logistic_platt,Numeric logistic,W6,w06_2012m06_m11,5,primary_oot,3,1,0.1,860,775,0.8875518580330741,False,True,87008,13479,11898,0.8827064322279101,2894,0.214704354922472,2692,2334,358,496,2196,True,0.8598684685986847,0.9000189717321191,0.18462519936204147,0.24257602862254024,0.15491678926075764,0.18585647296800295,False,crosses_nominal,robust_shortfall,0.668002077305438,False
numeric_logistic_platt,Numeric logistic,W6,w06_2012m06_m11,5,primary_oot,4,0,0.1,8348,7515,0.25433203144075156,False,True,115768,85225,71155,0.8349075975359342,85004,0.9974068641830449,3592,2867,725,3572,20,True,0.8278650378126818,0.8402806157199292,0.9971728547128864,0.9975111771794092,0.7361706170962615,0.7671981894824131,True,robust_shortfall,robust_at_or_above_nominal,-0.1624992666471106,False
numeric_logistic_platt,Numeric logistic,W6,w06_2012m06_m11,5,primary_oot,4,1,0.1,2048,1845,0.8448304844932198,False,True,115768,26951,24648,0.9145486252829208,14366,0.5330414455864346,3592,3152,440,1653,1939,True,0.8998576174655909,0.9234959970767033,0.49726548978885426,0.56002656971053,0.2328018105175869,0.26382938290373853,False,crosses_nominal,robust_shortfall,0.38150717969648623,False
numeric_logistic_platt,Numeric logistic,W7,w07_2012m07_m12,5,primary_oot,0,0,0.1,2018,1818,0.054824666468250405,False,True,48646,43343,39953,0.9217866783563666,41410,0.9554022564197218,1641,1504,137,1560,81,True,0.9188822447102116,0.9244096595089972,0.9536201179071481,0.9569516513373272,0.8909879537885952,0.9247214570571064,False,robust_at_or_above_nominal,robust_at_or_above_nominal,-0.0336155780633551,False
numeric_logistic_platt,Numeric logistic,W7,w07_2012m07_m12,5,primary_oot,0,1,0.1,104,95,0.9658216551046883,False,True,48646,3662,2107,0.5753686510103768,0,0.0,1641,1132,509,0,1641,True,0.5051546391752577,0.6756362119315812,0.0,0.0,0.07527854294289356,0.10901204621140484,True,robust_shortfall,robust_shortfall,0.5753686510103768,False
numeric_logistic_platt,Numeric logistic,W7,w07_2012m07_m12,5,primary_oot,1,0,0.1,3106,2797,0.07932145130568331,False,True,55311,48764,44245,0.9073291772619145,47280,0.9695677138872939,1878,1713,165,1826,52,True,0.9042694516544381,0.9104740773025338,0.9685349065880039,0.9706661395532714,0.8816329482381443,0.9155864113829075,False,robust_at_or_above_nominal,robust_at_or_above_nominal,-0.06223853662537938,False
numeric_logistic_platt,Numeric logistic,W7,w07_2012m07_m12,5,primary_oot,1,1,0.1,226,205,0.9390812246000457,False,True,55311,4669,4112,0.8807025058899122,0,0.0,1878,1616,262,0,1878,True,0.8339079294260799,0.911376292760541,0.0,0.0,0.08441358861709244,0.11836705176185569,False,crosses_nominal,robust_shortfall,0.8807025058899122,False
numeric_logistic_platt,Numeric logistic,W7,w07_2012m07_m12,5,primary_oot,2,0,0.1,4201,3782,0.10540959586007563,False,True,70157,59673,54099,0.9065909205168167,59459,0.9964137884805524,2273,2070,203,2263,10,True,0.9035172690226468,0.9097225596423886,0.9962468374579025,0.9965448204598295,0.8505637356215345,0.8829624983964537,False,robust_at_or_above_nominal,robust_at_or_above_nominal,-0.08982286796373569,False
numeric_logistic_platt,Numeric logistic,W7,w07_2012m07_m12,5,primary_oot,2,1,0.1,444,401,0.9150318277077187,False,True,70157,8211,7268,0.8851540616246498,0,0.0,2273,1969,304,0,2273,True,0.8535525543159131,0.9073673870333988,0.0,0.0,0.11703750160354633,0.14943626437846544,False,crosses_nominal,robust_shortfall,0.8851540616246498,False
numeric_logistic_platt,Numeric logistic,W7,w07_2012m07_m12,5,primary_oot,3,0,0.1,6203,5584,0.14282500708617854,False,True,87008,70837,64326,0.9080847579654701,70837,1.0,2692,2445,247,2692,0,True,0.904929379325868,0.9111514423732977,1.0,1.0,0.8141435270319971,0.8450832107392424,False,robust_at_or_above_nominal,robust_at_or_above_nominal,-0.09191524203452998,False
numeric_logistic_platt,Numeric logistic,W7,w07_2012m07_m12,5,primary_oot,3,1,0.1,867,782,0.8873802532585728,False,True,87008,13479,11844,0.8787002003115958,2372,0.17597744639810076,2692,2320,372,408,2284,True,0.8551007147498375,0.896512437496044,0.15047896973926284,0.20018722546266293,0.15491678926075764,0.18585647296800295,True,robust_shortfall,robust_shortfall,0.702722753913495,False
numeric_logistic_platt,Numeric logistic,W7,w07_2012m07_m12,5,primary_oot,4,0,0.1,9119,8208,0.25636832154412525,False,True,115768,85225,71651,0.8407274860662951,85002,0.9973833968905838,3592,2891,701,3572,20,True,0.8338686776994158,0.8459530618729856,0.9971493929262714,0.997488653895965,0.7361706170962615,0.7671981894824131,True,robust_shortfall,robust_at_or_above_nominal,-0.15665591082428865,False
numeric_logistic_platt,Numeric logistic,W7,w07_2012m07_m12,5,primary_oot,4,1,0.1,2123,1912,0.8446245483319351,False,True,115768,26951,24582,0.9120997365589403,13738,0.5097398983340136,3592,3143,449,1573,2019,True,0.8971532846715329,0.9212799893666511,0.4742147048671039,0.5367760482400785,0.2328018105175869,0.26382938290373853,False,crosses_nominal,robust_shortfall,0.4023598382249267,False
numeric_logistic_platt,Numeric logistic,W8,w08_2012m08_2013m01,5,primary_oot,0,0,0.1,2009,1809,0.05478702468810445,False,True,48646,43343,39882,0.9201485822393466,41454,0.9564174145767482,1641,1502,139,1560,81,True,0.9172071201876638,0.922823057197012,0.9546333824613117,0.9579315413224061,0.8909879537885952,0.9247214570571064,False,robust_at_or_above_nominal,robust_at_or_above_nominal,-0.036268832337401656,False
numeric_logistic_platt,Numeric logistic,W8,w08_2012m08_2013m01,5,primary_oot,0,1,0.1,107,98,0.9768195172255035,False,True,48646,3662,2605,0.7113599126160568,0,0.0,1641,1387,254,0,1641,True,0.6652196118488254,0.7906516141810259,0.0,0.0,0.07527854294289356,0.10901204621140484,True,robust_shortfall,robust_shortfall,0.7113599126160568,False
numeric_logistic_platt,Numeric logistic,W8,w08_2012m08_2013m01,5,primary_oot,1,0,0.1,3150,2836,0.07943570350193485,False,True,55311,48764,44495,0.912455910097613,47201,0.9679476663112132,1878,1719,159,1825,53,True,0.9094904237270813,0.9154368797416952,0.9668967777618452,0.9691039554053252,0.8816329482381443,0.9155864113829075,False,robust_at_or_above_nominal,robust_at_or_above_nominal,-0.055491756213600196,False
numeric_logistic_platt,Numeric logistic,W8,w08_2012m08_2013m01,5,primary_oot,1,1,0.1,213,193,0.9392492070843976,False,True,55311,4669,4139,0.8864853287641893,0,0.0,1878,1625,253,0,1878,True,0.8409183258837871,0.9157928185573562,0.0,0.0,0.08441358861709244,0.11836705176185569,False,crosses_nominal,robust_shortfall,0.8864853287641893,False
numeric_logistic_platt,Numeric logistic,W8,w08_2012m08_2013m01,5,primary_oot,2,0,0.1,4353,3919,0.10549642707629107,False,True,70157,59673,54285,0.9097079080991403,58965,0.9881353375898647,2273,2075,198,2244,29,True,0.9066994037179937,0.9127421131048779,0.9876553549294831,0.9885653374679005,0.8505637356215345,0.8829624983964537,False,robust_at_or_above_nominal,robust_at_or_above_nominal,-0.07842742949072445,False
numeric_logistic_platt,Numeric logistic,W8,w08_2012m08_2013m01,5,primary_oot,2,1,0.1,412,372,0.9151067314694942,False,True,70157,8211,7289,0.8877116063816831,0,0.0,2273,1974,299,0,2273,True,0.8565217391304348,0.9094747177221404,0.0,0.0,0.11703750160354633,0.14943626437846544,False,crosses_nominal,robust_shortfall,0.8877116063816831,False
numeric_logistic_platt,Numeric logistic,W8,w08_2012m08_2013m01,5,primary_oot,3,0,0.1,6597,5939,0.14280855214234459,False,True,87008,70837,64295,0.9076471335601451,70837,1.0,2692,2444,248,2692,0,True,0.9044805514524865,0.9107272007750986,1.0,1.0,0.8141435270319971,0.8450832107392424,False,robust_at_or_above_nominal,robust_at_or_above_nominal,-0.09235286643985488,False
numeric_logistic_platt,Numeric logistic,W8,w08_2012m08_2013m01,5,primary_oot,3,1,0.1,880,793,0.8875518580330741,False,True,87008,13479,11898,0.8827064322279101,1942,0.1440759700274501,2692,2334,358,326,2366,True,0.8598684685986847,0.9000189717321191,0.1225623224992111,0.16428830134009417,0.15491678926075764,0.18585647296800295,False,crosses_nominal,robust_shortfall,0.73863046220046,False
numeric_logistic_platt,Numeric logistic,W8,w08_2012m08_2013m01,5,primary_oot,4,0,0.1,10175,9159,0.25996371741963964,False,True,115768,85225,72466,0.8502904077442065,84999,0.9973481959518921,3592,2925,667,3572,20,True,0.8436874214129372,0.8552580828133862,0.9971142002463488,0.9974548689707986,0.7361706170962615,0.7671981894824131,True,robust_shortfall,robust_at_or_above_nominal,-0.14705778820768553,False
numeric_logistic_platt,Numeric logistic,W8,w08_2012m08_2013m01,5,primary_oot,4,1,0.1,2233,2011,0.8445487256629486,False,True,115768,26951,24557,0.9111721271937961,13170,0.4886646135579385,3592,3139,453,1494,2098,True,0.8961100569259962,0.9204386839481555,0.45337188887741403,0.5155211812269291,0.2328018105175869,0.26382938290373853,False,crosses_nominal,robust_shortfall,0.42250751363585765,False
catboost_monotonic_platt,Monotonic CatBoost,W1,w01_2012m01_m06,5,primary_oot,0,0,0.1,1794,1616,0.047571463616562726,False,True,54840,49959,44607,0.8928721551672372,46634,0.9334454252487039,1819,1617,202,1711,108,True,0.8892765295747692,0.8962308050255933,0.931431881279086,0.9356493129475518,0.9109956236323851,0.9441648431801605,True,robust_shortfall,robust_at_or_above_nominal,-0.0405732700814668,False
catboost_monotonic_platt,Monotonic CatBoost,W1,w01_2012m01_m06,5,primary_oot,0,1,0.1,79,72,0.9762193822028224,False,True,54840,3062,2812,0.9183540169823645,0,0.0,1819,1560,259,0,1819,True,0.8467329117735621,0.9459108610990913,0.0,0.0,0.05583515681983953,0.08900437636761488,False,crosses_nominal,robust_shortfall,0.9183540169823645,False
catboost_monotonic_platt,Monotonic CatBoost,W1,w01_2012m01_m06,5,primary_oot,1,0,0.1,2154,1940,0.07645973899263547,False,True,73852,64224,58630,0.9128986048829099,63769,0.9929154210264076,2519,2272,247,2497,22,True,0.9094011260876983,0.9158746390760346,0.9925754132553,0.9931805578453561,0.8696311542002925,0.9037399122569463,False,robust_at_or_above_nominal,robust_at_or_above_nominal,-0.08001681614349776,False
catboost_monotonic_platt,Monotonic CatBoost,W1,w01_2012m01_m06,5,primary_oot,1,1,0.1,210,190,0.946695265576342,False,True,73852,7109,6514,0.9163032775355183,0,0.0,2519,2233,286,0,2519,True,0.8808654496281271,0.9363091415114536,0.0,0.0,0.09626008774305367,0.13036884579970753,False,crosses_nominal,robust_shortfall,0.9163032775355183,False
catboost_monotonic_platt,Monotonic CatBoost,W1,w01_2012m01_m06,5,primary_oot,2,0,0.1,2719,2448,0.10793680671730059,False,True,81100,67512,61009,0.9036763834577557,67512,1.0,2637,2384,253,2637,0,True,0.9003025160481074,0.9069617717752089,1.0,1.0,0.8324537607891492,0.8649691738594328,False,robust_at_or_above_nominal,robust_at_or_above_nominal,-0.09632361654224435,False
catboost_monotonic_platt,Monotonic CatBoost,W1,w01_2012m01_m06,5,primary_oot,2,1,0.1,351,317,0.9175031140271321,False,True,81100,10951,9847,0.8991872888320701,1270,0.11597114418774541,2637,2320,317,263,2374,True,0.8738906638267661,0.9168110918544194,0.09530956848030019,0.13670411985018727,0.1350308261405672,0.1675462392108508,False,crosses_nominal,robust_shortfall,0.7832161446443248,False
catboost_monotonic_platt,Monotonic CatBoost,W1,w01_2012m01_m06,5,primary_oot,3,0,0.1,3059,2754,0.14776106247820406,False,True,78800,62377,56580,0.9070651041249178,62377,1.0,2396,2148,248,2396,0,True,0.9034730538922155,0.9101588531576909,1.0,1.0,0.7915862944162436,0.821992385786802,False,robust_at_or_above_nominal,robust_at_or_above_nominal,-0.09293489587508216,False
catboost_monotonic_platt,Monotonic CatBoost,W1,w01_2012m01_m06,5,primary_oot,3,1,0.1,520,469,0.8844033361554665,False,True,78800,14027,12474,0.8892849504526984,3985,0.28409495972053894,2396,2149,247,630,1766,True,0.8738965952080706,0.9039935707220573,0.25232698030773126,0.31486661663369037,0.17800761421319797,0.20841370558375635,False,crosses_nominal,robust_shortfall,0.6051899907321594,False
catboost_monotonic_platt,Monotonic CatBoost,W1,w01_2012m01_m06,5,primary_oot,4,0,0.1,3178,2862,0.2576617788272139,False,True,88298,63770,54326,0.8519052846165909,63770,1.0,2705,2254,451,2705,0,True,0.8459226732688684,0.8569611050527081,1.0,1.0,0.7222134136673537,0.7528483091349747,True,robust_shortfall,robust_at_or_above_nominal,-0.14809471538340913,False
catboost_monotonic_platt,Monotonic CatBoost,W1,w01_2012m01_m06,5,primary_oot,4,1,0.1,884,797,0.8403456839841555,False,True,88298,21823,19830,0.9086743344178161,12716,0.5826879897356001,2705,2416,289,1392,1313,True,0.8967981186685963,0.9177771360204628,0.5496196403872753,0.6077105319836312,0.24715169086502525,0.27778658633264625,False,crosses_nominal,robust_shortfall,0.325986344682216,False
catboost_monotonic_platt,Monotonic CatBoost,W2,w02_2012m02_m07,5,primary_oot,0,0,0.1,1862,1677,0.04756867693374899,False,True,54840,49959,44603,0.8927920895134009,46661,0.933985868412098,1819,1617,202,1712,107,True,0.8891967863479596,0.896153249573445,0.9319897734989814,0.9361730951597608,0.9109956236323851,0.9441648431801605,True,robust_shortfall,robust_at_or_above_nominal,-0.04119377889869693,False
catboost_monotonic_platt,Monotonic CatBoost,W2,w02_2012m02_m07,5,primary_oot,0,1,0.1,85,78,0.9771061419486842,False,True,54840,3062,2846,0.9294578706727629,0,0.0,1819,1595,224,0,1819,True,0.8660986001217286,0.9536182091475198,0.0,0.0,0.05583515681983953,0.08900437636761488,False,crosses_nominal,robust_shortfall,0.9294578706727629,False
catboost_monotonic_platt,Monotonic CatBoost,W2,w02_2012m02_m07,5,primary_oot,1,0,0.1,2293,2065,0.07635888934167169,False,True,73852,64224,58415,0.9095509466865969,63570,0.9898168908819133,2519,2263,256,2491,28,True,0.9059398263027295,0.9126295366011401,0.9893855444188507,0.9901971070973544,0.8696311542002925,0.9037399122569463,False,robust_at_or_above_nominal,robust_at_or_above_nominal,-0.0802659441953164,False
catboost_monotonic_platt,Monotonic CatBoost,W2,w02_2012m02_m07,5,primary_oot,1,1,0.1,223,202,0.946695265576342,False,True,73852,7109,6514,0.9163032775355183,0,0.0,2519,2233,286,0,2519,True,0.8808654496281271,0.9363091415114536,0.0,0.0,0.09626008774305367,0.13036884579970753,False,crosses_nominal,robust_shortfall,0.9163032775355183,False
catboost_monotonic_platt,Monotonic CatBoost,W2,w02_2012m02_m07,5,primary_oot,2,0,0.1,3039,2736,0.10808625355095461,False,True,81100,67512,61293,0.9078830430145752,67512,1.0,2637,2396,241,2637,0,True,0.9046536684722448,0.9110402242947875,1.0,1.0,0.8324537607891492,0.8649691738594328,False,robust_at_or_above_nominal,robust_at_or_above_nominal,-0.09211695698542481,False
catboost_monotonic_platt,Monotonic CatBoost,W2,w02_2012m02_m07,5,primary_oot,2,1,0.1,391,353,0.9174578449903282,False,True,81100,10951,9833,0.897908866770158,1276,0.11651903935713634,2637,2313,324,264,2373,True,0.8721064301552106,0.9157117008443908,0.09576703692584809,0.13731609451627286,0.1350308261405672,0.1675462392108508,False,crosses_nominal,robust_shortfall,0.7813898274130217,False
catboost_monotonic_platt,Monotonic CatBoost,W2,w02_2012m02_m07,5,primary_oot,3,0,0.1,3484,3137,0.14767648952806234,False,True,78800,62377,56464,0.9052054443144107,62377,1.0,2396,2144,252,2396,0,True,0.9015631736096696,0.9083554191658529,1.0,1.0,0.7915862944162436,0.821992385786802,False,robust_at_or_above_nominal,robust_at_or_above_nominal,-0.09479455568558924,False
catboost_monotonic_platt,Monotonic CatBoost,W2,w02_2012m02_m07,5,primary_oot,3,1,0.1,633,571,0.8840055106299309,False,True,78800,14027,12319,0.8782348328224139,4391,0.31303913880373563,2396,2111,285,700,1696,True,0.860746226942426,0.8941628454579253,0.27927240348533994,0.3456915868812385,0.17800761421319797,0.20841370558375635,True,robust_shortfall,robust_shortfall,0.5651956940186783,False
catboost_monotonic_platt,Monotonic CatBoost,W2,w02_2012m02_m07,5,primary_oot,4,0,0.1,3648,3285,0.25599320386599045,False,True,88298,63770,54064,0.847796769640897,63770,1.0,2705,2239,466,2705,0,True,0.8416464287938228,0.852959444924177,1.0,1.0,0.7222134136673537,0.7528483091349747,True,robust_shortfall,robust_at_or_above_nominal,-0.15220323035910302,False
catboost_monotonic_platt,Monotonic CatBoost,W2,w02_2012m02_m07,5,primary_oot,4,1,0.1,1016,916,0.8405403305908392,False,True,88298,21823,19880,0.9109654951198277,12611,0.5778765522613756,2705,2420,285,1379,1326,True,0.8992220010855799,0.9198531534876047,0.5447751522743963,0.602965261615378,0.24715169086502525,0.27778658633264625,False,crosses_nominal,robust_shortfall,0.3330889428584521,False
catboost_monotonic_platt,Monotonic CatBoost,W3,w03_2012m03_m08,5,primary_oot,0,0,0.1,2074,1868,0.047559395726331215,False,True,54840,49959,44590,0.8925318761384335,46849,0.9377489541423968,1819,1617,202,1720,99,True,0.8889376208608282,0.8959011943539631,0.9358943625394542,0.9398208169662726,0.9109956236323851,0.9441648431801605,True,robust_shortfall,robust_at_or_above_nominal,-0.04521707800396325,False
catboost_monotonic_platt,Monotonic CatBoost,W3,w03_2012m03_m08,5,primary_oot,0,1,0.1,97,89,0.9774233002121131,False,True,54840,3062,2855,0.9323971260613978,0,0.0,1819,1602,217,0,1819,True,0.8706922842329978,0.9556174957118353,0.0,0.0,0.05583515681983953,0.08900437636761488,False,crosses_nominal,robust_shortfall,0.9323971260613978,False
catboost_monotonic_platt,Monotonic CatBoost,W3,w03_2012m03_m08,5,primary_oot,1,0,0.1,2482,2235,0.07637397248812108,False,True,73852,64224,58446,0.9100336322869955,63168,0.9835575485799701,2519,2264,255,2466,53,True,0.9064346531428837,0.9130971002286127,0.9827465500879008,0.984165542060279,0.8696311542002925,0.9037399122569463,False,robust_at_or_above_nominal,robust_at_or_above_nominal,-0.07352391629297458,False
catboost_monotonic_platt,Monotonic CatBoost,W3,w03_2012m03_m08,5,primary_oot,1,1,0.1,223,202,0.9465124554153471,False,True,73852,7109,6463,0.9091292727528485,0,0.0,2519,2223,296,0,2519,True,0.8727886563133018,0.9307758251178739,0.0,0.0,0.09626008774305367,0.13036884579970753,False,crosses_nominal,robust_shortfall,0.9091292727528485,False
catboost_monotonic_platt,Monotonic CatBoost,W3,w03_2012m03_m08,5,primary_oot,2,0,0.1,3446,3103,0.10823009242716722,False,True,81100,67512,61550,0.9116897736698661,67512,1.0,2637,2411,226,2637,0,True,0.908648026218666,0.9147347796862263,1.0,1.0,0.8324537607891492,0.8649691738594328,False,robust_at_or_above_nominal,robust_at_or_above_nominal,-0.0883102263301339,False
catboost_monotonic_platt,Monotonic CatBoost,W3,w03_2012m03_m08,5,primary_oot,2,1,0.1,435,393,0.9174578449903282,False,True,81100,10951,9833,0.897908866770158,1162,0.10610903113870879,2637,2313,324,247,2390,True,0.8721064301552106,0.9157117008443908,0.08709991754741024,0.12582604036435077,0.1350308261405672,0.1675462392108508,False,crosses_nominal,robust_shortfall,0.7917998356314492,False
catboost_monotonic_platt,Monotonic CatBoost,W3,w03_2012m03_m08,5,primary_oot,3,0,0.1,4050,3646,0.147906447641343,False,True,78800,62377,56775,0.9101912563925806,62377,1.0,2396,2161,235,2396,0,True,0.9067750590941034,0.9131984257336763,1.0,1.0,0.7915862944162436,0.821992385786802,False,robust_at_or_above_nominal,robust_at_or_above_nominal,-0.0898087436074194,False
catboost_monotonic_platt,Monotonic CatBoost,W3,w03_2012m03_m08,5,primary_oot,3,1,0.1,737,665,0.8838904315730395,False,True,78800,14027,12283,0.8756683538889285,4303,0.30676552363299353,2396,2099,297,673,1723,True,0.8575118681932421,0.8918516681136054,0.27320634920634923,0.33850340136054424,0.17800761421319797,0.20841370558375635,True,robust_shortfall,robust_shortfall,0.568902830255935,False
catboost_monotonic_platt,Monotonic CatBoost,W3,w03_2012m03_m08,5,primary_oot,4,0,0.1,4308,3879,0.25261843993162975,False,True,88298,63770,53435,0.8379331974282578,63770,1.0,2705,2213,492,2705,0,True,0.8315178488064486,0.8433687464953094,1.0,1.0,0.7222134136673537,0.7528483091349747,True,robust_shortfall,robust_at_or_above_nominal,-0.1620668025717422,False
catboost_monotonic_platt,Monotonic CatBoost,W3,w03_2012m03_m08,5,primary_oot,4,1,0.1,1197,1079,0.8405815752580302,False,True,88298,21823,19893,0.9115611969023507,12800,0.5865371397149796,2705,2421,284,1405,1300,True,0.8998507260143845,0.920392674476159,0.5535613890931107,0.6115464095057689,0.24715169086502525,0.27778658633264625,False,crosses_nominal,robust_shortfall,0.3250240571873711,False
catboost_monotonic_platt,Monotonic CatBoost,W4,w04_2012m04_m09,5,primary_oot,0,0,0.1,2182,1965,0.04748839653047694,False,True,54840,49959,44443,0.8895894633599551,46484,0.9304429632298484,1819,1607,212,1700,119,True,0.8858304598273903,0.8930302912771981,0.9282319581452934,0.9327319537737858,0.9109956236323851,0.9441648431801605,True,robust_shortfall,robust_at_or_above_nominal,-0.04085349986989331,False
catboost_monotonic_platt,Monotonic CatBoost,W4,w04_2012m04_m09,5,primary_oot,0,1,0.1,93,85,0.9782124834914538,False,True,54840,3062,2883,0.941541476159373,0,0.0,1819,1628,191,0,1819,True,0.8862588379956963,0.9618336886993604,0.0,0.0,0.05583515681983953,0.08900437636761488,False,crosses_nominal,robust_shortfall,0.941541476159373,False
catboost_monotonic_platt,Monotonic CatBoost,W4,w04_2012m04_m09,5,primary_oot,1,0,0.1,2668,2403,0.07645007432361357,False,True,73852,64224,58608,0.9125560538116592,63147,0.9832305680119582,2519,2270,249,2465,54,True,0.9090316876832162,0.9155412518422715,0.9824045552132923,0.9838504101126123,0.8696311542002925,0.9037399122569463,False,robust_at_or_above_nominal,robust_at_or_above_nominal,-0.07067451420029895,False
catboost_monotonic_platt,Monotonic CatBoost,W4,w04_2012m04_m09,5,primary_oot,1,1,0.1,240,217,0.946219812498179,False,True,73852,7109,6392,0.8991419327612885,0,0.0,2519,2197,322,0,2519,True,0.8601803256627641,0.9229529335912314,0.0,0.0,0.09626008774305367,0.13036884579970753,False,crosses_nominal,robust_shortfall,0.8991419327612885,False
catboost_monotonic_platt,Monotonic CatBoost,W4,w04_2012m04_m09,5,primary_oot,2,0,0.1,3908,3519,0.10834205178033368,False,True,81100,67512,61770,0.9149484536082474,67512,1.0,2637,2418,219,2637,0,True,0.91199007839837,0.9178893178893179,1.0,1.0,0.8324537607891492,0.8649691738594328,False,robust_at_or_above_nominal,robust_at_or_above_nominal,-0.08505154639175258,False
catboost_monotonic_platt,Monotonic CatBoost,W4,w04_2012m04_m09,5,primary_oot,2,1,0.1,459,414,0.9172125188328875,False,True,81100,10951,9743,0.8896904392292941,472,0.043101086658752626,2637,2283,354,101,2536,True,0.8618310482087572,0.9087199637297869,0.034996663453696154,0.05184581976112921,0.1350308261405672,0.1675462392108508,False,crosses_nominal,robust_shortfall,0.8465893525705415,False
catboost_monotonic_platt,Monotonic CatBoost,W4,w04_2012m04_m09,5,primary_oot,3,0,0.1,4760,4285,0.14818535200653637,False,True,78800,62377,57120,0.9157221411738301,62377,1.0,2396,2176,220,2396,0,True,0.9125037941115389,0.9185630412219417,1.0,1.0,0.7915862944162436,0.821992385786802,False,robust_at_or_above_nominal,robust_at_or_above_nominal,-0.08427785882616991,False
catboost_monotonic_platt,Monotonic CatBoost,W4,w04_2012m04_m09,5,primary_oot,3,1,0.1,862,777,0.8838784384390891,False,True,78800,14027,12279,0.8753831895629857,4181,0.29806801169173736,2396,2098,298,656,1740,True,0.8571727748691099,0.8915968992248062,0.26517409779920087,0.3294285908874208,0.17800761421319797,0.20841370558375635,True,robust_shortfall,robust_shortfall,0.5773151778712483,False
catboost_monotonic_platt,Monotonic CatBoost,W4,w04_2012m04_m09,5,primary_oot,4,0,0.1,5174,4658,0.24986744935137775,False,True,88298,63770,52892,0.8294182217343579,63770,1.0,2705,2190,515,2705,0,True,0.8227735863731819,0.8350818677986659,1.0,1.0,0.7222134136673537,0.7528483091349747,True,robust_shortfall,robust_at_or_above_nominal,-0.17058177826564216,False
catboost_monotonic_platt,Monotonic CatBoost,W4,w04_2012m04_m09,5,primary_oot,4,1,0.1,1421,1280,0.841120727217868,False,True,88298,21823,20030,0.9178389772258626,13010,0.5961600146634285,2705,2437,268,1439,1266,True,0.9067040876374994,0.9260923330585326,0.5634717831001775,0.6211417762875076,0.24715169086502525,0.27778658633264625,False,robust_at_or_above_nominal,robust_shortfall,0.3216789625624341,False
catboost_monotonic_platt,Monotonic CatBoost,W5,w05_2012m05_m10,5,primary_oot,0,0,0.1,2257,2033,0.04737117094468519,False,True,54840,49959,44249,0.8857062791489021,46605,0.9328649492583919,1819,1600,219,1707,112,True,0.8818406472956276,0.8892530886945054,0.9307782948213537,0.9350830333294623,0.9109956236323851,0.9441648431801605,True,robust_shortfall,robust_at_or_above_nominal,-0.047158670109489785,False
catboost_monotonic_platt,Monotonic CatBoost,W5,w05_2012m05_m10,5,primary_oot,0,1,0.1,108,99,0.9785539258242566,False,True,54840,3062,2899,0.9467668190725016,0,0.0,1819,1637,182,0,1819,True,0.8936498150431565,0.9653117684613748,0.0,0.0,0.05583515681983953,0.08900437636761488,False,crosses_nominal,robust_shortfall,0.9467668190725016,False
catboost_monotonic_platt,Monotonic CatBoost,W5,w05_2012m05_m10,5,primary_oot,1,0,0.1,2883,2596,0.07642757228011345,False,True,73852,64224,58556,0.9117463876432487,63062,0.9819070752366716,2519,2269,250,2462,57,True,0.9082110618233706,0.9147579444452799,0.9810363871128327,0.982575053234562,0.8696311542002925,0.9037399122569463,False,robust_at_or_above_nominal,robust_at_or_above_nominal,-0.07016068759342302,False
catboost_monotonic_platt,Monotonic CatBoost,W5,w05_2012m05_m10,5,primary_oot,1,1,0.1,251,227,0.9460467618401586,False,True,73852,7109,6361,0.8947812631875088,0,0.0,2519,2185,334,0,2519,True,0.8546285100094048,0.9195179685818807,0.0,0.0,0.09626008774305367,0.13036884579970753,False,crosses_nominal,robust_shortfall,0.8947812631875088,False
catboost_monotonic_platt,Monotonic CatBoost,W5,w05_2012m05_m10,5,primary_oot,2,0,0.1,4390,3952,0.10843736772460193,False,True,81100,67512,61963,0.9178072046451001,67512,1.0,2637,2425,212,2637,0,True,0.914934144468726,0.9206571628751591,1.0,1.0,0.8324537607891492,0.8649691738594328,False,robust_at_or_above_nominal,robust_at_or_above_nominal,-0.08219279535489987,False
catboost_monotonic_platt,Monotonic CatBoost,W5,w05_2012m05_m10,5,primary_oot,2,1,0.1,498,450,0.916634998054479,False,True,81100,10951,9559,0.8728883207013058,216,0.019724226098073235,2637,2227,410,46,2591,True,0.8413872018308247,0.8943694035513735,0.01595037660611431,0.023824679458034008,0.1350308261405672,0.1675462392108508,True,robust_shortfall,robust_shortfall,0.8531640946032326,False
catboost_monotonic_platt,Monotonic CatBoost,W5,w05_2012m05_m10,5,primary_oot,3,0,0.1,5431,4889,0.14813497828266456,False,True,78800,62377,57065,0.9148404059188483,62377,1.0,2396,2173,223,2396,0,True,0.9115814696485623,0.917707203718048,1.0,1.0,0.7915862944162436,0.821992385786802,False,robust_at_or_above_nominal,robust_at_or_above_nominal,-0.0851595940811517,False
catboost_monotonic_platt,Monotonic CatBoost,W5,w05_2012m05_m10,5,primary_oot,3,1,0.1,959,864,0.883888787621552,False,True,78800,14027,12282,0.8755970628074428,4149,0.29578669708419475,2396,2099,297,651,1745,True,0.8574420552918179,0.8917896564554136,0.26306112097387774,0.3270200299768361,0.17800761421319797,0.20841370558375635,True,robust_shortfall,robust_shortfall,0.5798103657232481,False
catboost_monotonic_platt,Monotonic CatBoost,W5,w05_2012m05_m10,5,primary_oot,4,0,0.1,5917,5327,0.25111137795862515,False,True,88298,63770,53144,0.8333699231613612,63770,1.0,2705,2203,502,2705,0,True,0.8268608414239482,0.8389341094083943,1.0,1.0,0.7222134136673537,0.7528483091349747,True,robust_shortfall,robust_at_or_above_nominal,-0.16663007683863887,False
catboost_monotonic_platt,Monotonic CatBoost,W5,w05_2012m05_m10,5,primary_oot,4,1,0.1,1576,1420,0.8411728787172559,False,True,88298,21823,20046,0.9185721486505063,13016,0.5964349539476699,2705,2439,266,1442,1263,True,0.9075105256009779,0.9267578930014013,0.5638049034046608,0.6214485278315065,0.24715169086502525,0.27778658633264625,False,robust_at_or_above_nominal,robust_shortfall,0.32213719470283647,False
catboost_monotonic_platt,Monotonic CatBoost,W6,w06_2012m06_m11,5,primary_oot,0,0,0.1,2264,2039,0.047364276383857346,False,True,54840,49959,44237,0.8854660821873936,46734,0.9354470665946075,1819,1600,219,1713,106,True,0.8816014986647535,0.8890203456234606,0.9334664935583741,0.9375870877844867,0.9109956236323851,0.9441648431801605,True,robust_shortfall,robust_at_or_above_nominal,-0.049980984407213914,False
catboost_monotonic_platt,Monotonic CatBoost,W6,w06_2012m06_m11,5,primary_oot,0,1,0.1,112,102,0.9788378622903315,False,True,54840,3062,2910,0.9503592423252776,0,0.0,1819,1644,175,0,1819,True,0.8989805375347544,0.967700807479813,0.0,0.0,0.05583515681983953,0.08900437636761488,False,crosses_nominal,robust_shortfall,0.9503592423252776,False
catboost_monotonic_platt,Monotonic CatBoost,W6,w06_2012m06_m11,5,primary_oot,1,0,0.1,3058,2754,0.07638483188254827,False,True,73852,64224,58471,0.9104228948679621,63036,0.9815022421524664,2519,2264,255,2460,59,True,0.9068223762775477,0.9134731079292504,0.980601403170356,0.9821846319956811,0.8696311542002925,0.9037399122569463,False,robust_at_or_above_nominal,robust_at_or_above_nominal,-0.07107934728450424,False
catboost_monotonic_platt,Monotonic CatBoost,W6,w06_2012m06_m11,5,primary_oot,1,1,0.1,258,234,0.9450987861246594,False,True,73852,7109,6175,0.8686172457448305,0,0.0,2519,2105,414,0,2519,True,0.8208161637644557,0.898632515736922,0.0,0.0,0.09626008774305367,0.13036884579970753,True,robust_shortfall,robust_shortfall,0.8686172457448305,False
catboost_monotonic_platt,Monotonic CatBoost,W6,w06_2012m06_m11,5,primary_oot,2,0,0.1,4811,4331,0.10845045892295006,False,True,81100,67512,62002,0.9183848797250859,67512,1.0,2637,2426,211,2637,0,True,0.9155235296723417,0.9212159341130716,1.0,1.0,0.8324537607891492,0.8649691738594328,False,robust_at_or_above_nominal,robust_at_or_above_nominal,-0.08161512027491409,False
catboost_monotonic_platt,Monotonic CatBoost,W6,w06_2012m06_m11,5,primary_oot,2,1,0.1,545,492,0.9163416029418369,False,True,81100,10951,9479,0.8655830517760935,192,0.017532645420509543,2637,2202,435,36,2601,True,0.8325136132092043,0.8880863681289439,0.014167650531286895,0.02075179757895695,0.1350308261405672,0.1675462392108508,True,robust_shortfall,robust_shortfall,0.8480504063555839,False
catboost_monotonic_platt,Monotonic CatBoost,W6,w06_2012m06_m11,5,primary_oot,3,0,0.1,6178,5562,0.14817928909963873,False,True,78800,62377,57112,0.9155938887731054,62377,1.0,2396,2176,220,2396,0,True,0.9123759924597026,0.9184391120474649,1.0,1.0,0.7915862944162436,0.821992385786802,False,robust_at_or_above_nominal,robust_at_or_above_nominal,-0.08440611122689452,False
catboost_monotonic_platt,Monotonic CatBoost,W6,w06_2012m06_m11,5,primary_oot,3,1,0.1,1063,958,0.8840782642951726,False,True,78800,14027,12350,0.8804448563484708,3985,0.28409495972053894,2396,2119,277,630,1766,True,0.8633948545861297,0.8961352657004831,0.25232698030773126,0.31486661663369037,0.17800761421319797,0.20841370558375635,True,robust_shortfall,robust_shortfall,0.5963498966279318,False
catboost_monotonic_platt,Monotonic CatBoost,W6,w06_2012m06_m11,5,primary_oot,4,0,0.1,6689,6021,0.25207645517597455,False,True,88298,63770,53326,0.8362239297475302,63770,1.0,2705,2209,496,2705,0,True,0.8297700183611864,0.8417072098698071,1.0,1.0,0.7222134136673537,0.7528483091349747,True,robust_shortfall,robust_at_or_above_nominal,-0.16377607025246982,False
catboost_monotonic_platt,Monotonic CatBoost,W6,w06_2012m06_m11,5,primary_oot,4,1,0.1,1707,1538,0.8411834748710618,False,True,88298,21823,20049,0.9187096182926271,12805,0.5867662557851808,2705,2439,266,1405,1300,True,0.9076463398071438,0.9268815431539033,0.5537776240107253,0.6117616669536766,0.24715169086502525,0.27778658633264625,False,robust_at_or_above_nominal,robust_shortfall,0.33194336250744627,False
catboost_monotonic_platt,Monotonic CatBoost,W7,w07_2012m07_m12,5,primary_oot,0,0,0.1,2345,2112,0.047520289450020715,False,True,54840,49959,44513,0.8909906123020878,46734,0.9354470665946075,1819,1609,210,1713,106,True,0.8872610576252268,0.8943918709277071,0.9334664935583741,0.9375870877844867,0.9109956236323851,0.9441648431801605,True,robust_shortfall,robust_at_or_above_nominal,-0.04445645429251987,False
catboost_monotonic_platt,Monotonic CatBoost,W7,w07_2012m07_m12,5,primary_oot,0,1,0.1,112,102,0.9788378622903315,False,True,54840,3062,2910,0.9503592423252776,0,0.0,1819,1644,175,0,1819,True,0.8989805375347544,0.967700807479813,0.0,0.0,0.05583515681983953,0.08900437636761488,False,crosses_nominal,robust_shortfall,0.9503592423252776,False
catboost_monotonic_platt,Monotonic CatBoost,W7,w07_2012m07_m12,5,primary_oot,1,0,0.1,3377,3041,0.07645007432361357,False,True,73852,64224,58608,0.9125560538116592,62836,0.9783881415047334,2519,2270,249,2454,65,True,0.9090316876832162,0.9155412518422715,0.9773989329434274,0.9791835387984043,0.8696311542002925,0.9037399122569463,False,robust_at_or_above_nominal,robust_at_or_above_nominal,-0.06583208769307423,False
catboost_monotonic_platt,Monotonic CatBoost,W7,w07_2012m07_m12,5,primary_oot,1,1,0.1,265,240,0.9446825288255292,False,True,73852,7109,6085,0.8559572373048249,0,0.0,2519,2075,444,0,2519,True,0.8056401429895406,0.8885017421602788,0.0,0.0,0.09626008774305367,0.13036884579970753,True,robust_shortfall,robust_shortfall,0.8559572373048249,False
catboost_monotonic_platt,Monotonic CatBoost,W7,w07_2012m07_m12,5,primary_oot,2,0,0.1,5229,4707,0.1084752490399655,False,True,81100,67512,62062,0.9192736106173717,67181,0.9950971679108899,2637,2428,209,2627,10,True,0.9164365558689328,0.9220760651987417,0.9949497941411688,0.995280799555169,0.8324537607891492,0.8649691738594328,False,robust_at_or_above_nominal,robust_at_or_above_nominal,-0.0758235572935182,False
catboost_monotonic_platt,Monotonic CatBoost,W7,w07_2012m07_m12,5,primary_oot,2,1,0.1,547,494,0.9157291653935254,False,True,81100,10951,9265,0.8460414574011506,0,0.0,2637,2145,492,0,2637,True,0.8096652975618281,0.8712583995113011,0.0,0.0,0.1350308261405672,0.1675462392108508,True,robust_shortfall,robust_shortfall,0.8460414574011506,False
catboost_monotonic_platt,Monotonic CatBoost,W7,w07_2012m07_m12,5,primary_oot,3,0,0.1,6542,5889,0.1481940946834079,False,True,78800,62377,57133,0.9159305513250077,62377,1.0,2396,2177,219,2396,0,True,0.9127260527829254,0.9187656845431732,1.0,1.0,0.7915862944162436,0.821992385786802,False,robust_at_or_above_nominal,robust_at_or_above_nominal,-0.08406944867499239,False
catboost_monotonic_platt,Monotonic CatBoost,W7,w07_2012m07_m12,5,primary_oot,3,1,0.1,1083,976,0.8842375431995267,False,True,78800,14027,12411,0.8847936123190989,3844,0.2740429172310544,2396,2138,258,608,1788,True,0.8688134406720336,0.9000309310238169,0.2430603857097692,0.304202254868466,0.17800761421319797,0.20841370558375635,False,crosses_nominal,robust_shortfall,0.6107506950880445,False
catboost_monotonic_platt,Monotonic CatBoost,W7,w07_2012m07_m12,5,primary_oot,4,0,0.1,7154,6440,0.25261843993162975,False,True,88298,63770,53435,0.8379331974282578,63770,1.0,2705,2213,492,2705,0,True,0.8315178488064486,0.8433687464953094,1.0,1.0,0.7222134136673537,0.7528483091349747,True,robust_shortfall,robust_at_or_above_nominal,-0.1620668025717422,False
catboost_monotonic_platt,Monotonic CatBoost,W7,w07_2012m07_m12,5,primary_oot,4,1,0.1,1757,1583,0.8414047482515052,False,True,88298,21823,20113,0.921642303991202,12505,0.5730192915731109,2705,2446,259,1364,1341,True,0.9108323521420161,0.9295397420577691,0.53984631324469,0.5981368870487773,0.24715169086502525,0.27778658633264625,False,robust_at_or_above_nominal,robust_shortfall,0.348623012418091,False
catboost_monotonic_platt,Monotonic CatBoost,W8,w08_2012m08_2013m01,5,primary_oot,0,0,0.1,2389,2151,0.04767229350327123,False,True,54840,49959,44807,0.8968754378590444,46892,0.9386096599211353,1819,1624,195,1722,97,True,0.8933883638393747,0.900122133260958,0.9367907943103724,0.9406551730810162,0.9109956236323851,0.9441648431801605,False,crosses_nominal,robust_at_or_above_nominal,-0.04173422206209092,False
catboost_monotonic_platt,Monotonic CatBoost,W8,w08_2012m08_2013m01,5,primary_oot,0,1,0.1,109,99,0.9786903046168384,False,True,54840,3062,2902,0.9477465708687133,0,0.0,1819,1641,178,0,1819,True,0.895679012345679,0.9659791622368701,0.0,0.0,0.05583515681983953,0.08900437636761488,False,crosses_nominal,robust_shortfall,0.9477465708687133,False
catboost_monotonic_platt,Monotonic CatBoost,W8,w08_2012m08_2013m01,5,primary_oot,1,0,0.1,3572,3216,0.07652189242908444,False,True,73852,64224,58771,0.9150940458395616,62833,0.9783414299950174,2519,2278,241,2454,65,True,0.9116730008531762,0.9180024660912454,0.9773522686618239,0.979138546447104,0.8696311542002925,0.9037399122569463,False,robust_at_or_above_nominal,robust_at_or_above_nominal,-0.0632473841554559,False
catboost_monotonic_platt,Monotonic CatBoost,W8,w08_2012m08_2013m01,5,primary_oot,1,1,0.1,272,246,0.9446825288255292,False,True,73852,7109,6085,0.8559572373048249,0,0.0,2519,2075,444,0,2519,True,0.8056401429895406,0.8885017421602788,0.0,0.0,0.09626008774305367,0.13036884579970753,True,robust_shortfall,robust_shortfall,0.8559572373048249,False
catboost_monotonic_platt,Monotonic CatBoost,W8,w08_2012m08_2013m01,5,primary_oot,2,0,0.1,5502,4953,0.10844094490102453,False,True,81100,67512,61974,0.9179701386420192,66842,0.9900758383694751,2637,2425,212,2617,20,True,0.9150965684247829,0.9208144472882738,0.9897826215719955,0.9904461777581315,0.8324537607891492,0.8649691738594328,False,robust_at_or_above_nominal,robust_at_or_above_nominal,-0.07210569972745585,False
catboost_monotonic_platt,Monotonic CatBoost,W8,w08_2012m08_2013m01,5,primary_oot,2,1,0.1,540,487,0.9153713944244805,False,True,81100,10951,9142,0.8348096064286367,0,0.0,2637,2114,523,0,2637,True,0.7967578873975946,0.8615384615384616,0.0,0.0,0.1350308261405672,0.1675462392108508,True,robust_shortfall,robust_shortfall,0.8348096064286367,False
catboost_monotonic_platt,Monotonic CatBoost,W8,w08_2012m08_2013m01,5,primary_oot,3,0,0.1,6999,6300,0.14818049534286107,False,True,78800,62377,57113,0.9156099203231961,62377,1.0,2396,2176,220,2396,0,True,0.9123919676661821,0.9184546031942745,1.0,1.0,0.7915862944162436,0.821992385786802,False,robust_at_or_above_nominal,robust_at_or_above_nominal,-0.08439007967680395,False
catboost_monotonic_platt,Monotonic CatBoost,W8,w08_2012m08_2013m01,5,primary_oot,3,1,0.1,1095,987,0.8842375431995267,False,True,78800,14027,12411,0.8847936123190989,3343,0.23832608540671563,2396,2138,258,537,1859,True,0.8688134406720336,0.9000309310238169,0.21043686264635528,0.2664103268332876,0.17800761421319797,0.20841370558375635,False,crosses_nominal,robust_shortfall,0.6464675269123833,False
catboost_monotonic_platt,Monotonic CatBoost,W8,w08_2012m08_2013m01,5,primary_oot,4,0,0.1,7822,7041,0.2563375465938713,False,True,88298,63770,54111,0.8485337933197429,63770,1.0,2705,2241,464,2705,0,True,0.8424043341532522,0.8536759025010983,1.0,1.0,0.7222134136673537,0.7528483091349747,True,robust_shortfall,robust_at_or_above_nominal,-0.15146620668025718,False
catboost_monotonic_platt,Monotonic CatBoost,W8,w08_2012m08_2013m01,5,primary_oot,4,1,0.1,1829,1647,0.8407873937234652,False,True,88298,21823,19942,0.9138065343903221,11876,0.5441964899418045,2705,2427,278,1282,1423,True,0.9023121125740917,0.9224329896907216,0.5108835928761938,0.5694871239991344,0.24715169086502525,0.27778658633264625,False,robust_at_or_above_nominal,robust_shortfall,0.36961004444851764,False
woe_scorecard_platform_platt,Platform-signal WOE scorecard,W1,w01_2012m01_m06,5,primary_oot,0,0,0.1,1735,1563,0.05058397577303705,False,True,35138,32520,28619,0.8800430504305043,30334,0.932779827798278,1192,1055,137,1109,83,True,0.8763511651407049,0.8838123603871928,0.9304051774376592,0.9349965803324511,0.925493767431271,0.9594171552165747,True,robust_shortfall,robust_at_or_above_nominal,-0.05273677736777368,False
woe_scorecard_platform_platt,Platform-signal WOE scorecard,W1,w01_2012m01_m06,5,primary_oot,0,1,0.1,86,79,0.9648231766313946,False,True,35138,1426,1224,0.8583450210378681,0,0.0,1192,937,255,0,1192,True,0.728138013087448,0.9145154464663563,0.0,0.0,0.04058284478342535,0.07450623256872901,False,crosses_nominal,robust_shortfall,0.8583450210378681,False
woe_scorecard_platform_platt,Platform-signal WOE scorecard,W1,w01_2012m01_m06,5,primary_oot,1,0,0.1,2301,2072,0.08035268770014403,False,True,64651,56735,50828,0.8958843747245968,55929,0.9857936018330836,2127,1889,238,2096,31,True,0.8921418917732962,0.8992392194323144,0.9852552584293415,0.9862997399330286,0.8775579650740127,0.910457688202812,True,robust_shortfall,robust_at_or_above_nominal,-0.08990922710848682,False
woe_scorecard_platform_platt,Platform-signal WOE scorecard,W1,w01_2012m01_m06,5,primary_oot,1,1,0.1,209,189,0.9430421107713192,False,True,64651,5789,5368,0.9272758680255657,0,0.0,2127,1870,257,0,2127,True,0.8878597419781674,0.9450319885102494,0.0,0.0,0.08954231179718798,0.12244203492598722,False,crosses_nominal,robust_shortfall,0.9272758680255657,False
woe_scorecard_platform_platt,Platform-signal WOE scorecard,W1,w01_2012m01_m06,5,primary_oot,2,0,0.1,2700,2431,0.10924986108150982,False,True,83959,69671,63986,0.9184022046475578,69671,1.0,2749,2525,224,2749,0,True,0.9154589026396738,0.9212560252645576,1.0,1.0,0.8298216986862635,0.8625638704605819,False,robust_at_or_above_nominal,robust_at_or_above_nominal,-0.08159779535244219,False
woe_scorecard_platform_platt,Platform-signal WOE scorecard,W1,w01_2012m01_m06,5,primary_oot,2,1,0.1,365,330,0.9131314346850999,False,True,83959,11539,10259,0.8890718433139787,2046,0.1773117254528122,2749,2412,337,422,2327,True,0.8638430447962276,0.9082503046376604,0.1475551709216789,0.20633726277067135,0.13743612953941806,0.17017830131373646,False,crosses_nominal,robust_shortfall,0.7117601178611664,False
woe_scorecard_platform_platt,Platform-signal WOE scorecard,W1,w01_2012m01_m06,5,primary_oot,3,0,0.1,3032,2730,0.14263252082765498,False,True,90040,71854,64628,0.8994349653463969,71854,1.0,2866,2545,321,2866,0,True,0.8954347073086248,0.9028750386429926,1.0,1.0,0.7980231008440694,0.8298533984895602,False,crosses_nominal,robust_at_or_above_nominal,-0.10056503465360314,False
woe_scorecard_platform_platt,Platform-signal WOE scorecard,W1,w01_2012m01_m06,5,primary_oot,3,1,0.1,533,481,0.8846154903722169,False,True,90040,15320,13610,0.8883812010443864,5314,0.3468668407310705,2866,2504,362,931,1935,True,0.8678739956638184,0.9040619389587073,0.3079687047232686,0.38428404405882716,0.1701466015104398,0.2019768991559307,False,crosses_nominal,robust_shortfall,0.5415143603133159,False
woe_scorecard_platform_platt,Platform-signal WOE scorecard,W1,w01_2012m01_m06,5,primary_oot,4,0,0.1,3136,2824,0.24090383941504606,False,True,103102,77062,68491,0.8887778671718876,77062,1.0,3142,2779,363,3142,0,True,0.8846109137875363,0.8926491401660801,1.0,1.0,0.7474345793486062,0.7779092549126108,True,robust_shortfall,robust_at_or_above_nominal,-0.11122213282811243,False
woe_scorecard_platform_platt,Platform-signal WOE scorecard,W1,w01_2012m01_m06,5,primary_oot,4,1,0.1,851,767,0.8463759327073905,False,True,103102,22898,20467,0.8938335225783911,12693,0.5543278888985937,3142,2728,414,1563,1579,True,0.8779598490048044,0.905135409349879,0.5185684520161784,0.582805281877274,0.22209074508738919,0.25256542065139376,False,crosses_nominal,robust_shortfall,0.33950563367979736,False
woe_scorecard_platform_platt,Platform-signal WOE scorecard,W2,w02_2012m02_m07,5,primary_oot,0,0,0.1,1806,1627,0.05064796196624218,False,True,35138,32520,28703,0.8826260762607626,30334,0.932779827798278,1192,1061,131,1109,83,True,0.879084867232244,0.8863345344093386,0.9304051774376592,0.9349965803324511,0.925493767431271,0.9594171552165747,True,robust_shortfall,robust_at_or_above_nominal,-0.050153751537515376,False
woe_scorecard_platform_platt,Platform-signal WOE scorecard,W2,w02_2012m02_m07,5,primary_oot,0,1,0.1,88,81,0.9650639007836787,False,True,35138,1426,1237,0.8674614305750351,0,0.0,1192,944,248,0,1192,True,0.7389486260454002,0.920253164556962,0.0,0.0,0.04058284478342535,0.07450623256872901,False,crosses_nominal,robust_shortfall,0.8674614305750351,False
woe_scorecard_platform_platt,Platform-signal WOE scorecard,W2,w02_2012m02_m07,5,primary_oot,1,0,0.1,2369,2133,0.08041834684073815,False,True,64651,56735,50980,0.8985634969595487,55910,0.9854587115537147,2127,1891,236,2095,32,True,0.8948412350143056,0.9018353631494559,0.9849032008032836,0.9859765425803162,0.8775579650740127,0.910457688202812,False,crosses_nominal,robust_at_or_above_nominal,-0.08689521459416585,False
woe_scorecard_platform_platt,Platform-signal WOE scorecard,W2,w02_2012m02_m07,5,primary_oot,1,1,0.1,213,193,0.9426104924037605,False,True,64651,5789,5318,0.9186387977198135,0,0.0,2127,1846,281,0,2127,True,0.8761120263591433,0.9383104125736739,0.0,0.0,0.08954231179718798,0.12244203492598722,False,crosses_nominal,robust_shortfall,0.9186387977198135,False
woe_scorecard_platform_platt,Platform-signal WOE scorecard,W2,w02_2012m02_m07,5,primary_oot,2,0,0.1,2971,2675,0.10910162899289957,False,True,83959,69671,63606,0.9129479984498572,69671,1.0,2749,2518,231,2749,0,True,0.9099310463219936,0.9159844297607669,1.0,1.0,0.8298216986862635,0.8625638704605819,False,robust_at_or_above_nominal,robust_at_or_above_nominal,-0.08705200155014281,False
woe_scorecard_platform_platt,Platform-signal WOE scorecard,W2,w02_2012m02_m07,5,primary_oot,2,1,0.1,407,368,0.9135371450909343,False,True,83959,11539,10407,0.9018979114307999,2212,0.1916977207730306,2749,2455,294,459,2290,True,0.8794895630862841,0.9191081892239531,0.15995372044254827,0.22262043673945658,0.13743612953941806,0.17017830131373646,False,crosses_nominal,robust_shortfall,0.7102001906577693,False
woe_scorecard_platform_platt,Platform-signal WOE scorecard,W2,w02_2012m02_m07,5,primary_oot,3,0,0.1,3515,3165,0.14275870473955296,False,True,90040,71854,64875,0.9028724914409776,71854,1.0,2866,2552,314,2866,0,True,0.8989441303624875,0.9062038007687552,1.0,1.0,0.7980231008440694,0.8298533984895602,False,crosses_nominal,robust_at_or_above_nominal,-0.09712750855902247,False
woe_scorecard_platform_platt,Platform-signal WOE scorecard,W2,w02_2012m02_m07,5,primary_oot,3,1,0.1,641,578,0.8843345304447167,False,True,90040,15320,13489,0.8804830287206267,5569,0.3635117493472585,2866,2473,393,973,1893,True,0.8584611468211035,0.8970943629517226,0.3235345378493,0.4015221260664089,0.1701466015104398,0.2019768991559307,True,robust_shortfall,robust_shortfall,0.5169712793733682,False
woe_scorecard_platform_platt,Platform-signal WOE scorecard,W2,w02_2012m02_m07,5,primary_oot,4,0,0.1,3665,3300,0.23871228959570437,False,True,103102,77062,68002,0.882432327217046,77062,1.0,3142,2760,382,3142,0,True,0.8780796446464542,0.8864974568414723,1.0,1.0,0.7474345793486062,0.7779092549126108,True,robust_shortfall,robust_at_or_above_nominal,-0.11756767278295399,False
woe_scorecard_platform_platt,Platform-signal WOE scorecard,W2,w02_2012m02_m07,5,primary_oot,4,1,0.1,999,900,0.8462019149824582,False,True,103102,22898,20408,0.8912568783299851,12709,0.5550266398812124,3142,2715,427,1565,1577,True,0.8749410503751339,0.9027837426306954,0.51926455566905,0.5834934390712505,0.22209074508738919,0.25256542065139376,False,crosses_nominal,robust_shortfall,0.3362302384487728,False
woe_scorecard_platform_platt,Platform-signal WOE scorecard,W3,w03_2012m03_m08,5,primary_oot,0,0,0.1,2012,1812,0.050799397264237864,False,True,35138,32520,28937,0.8898216482164821,30436,0.9359163591635916,1192,1068,124,1110,82,True,0.8864416125474819,0.8933249970227463,0.9335623581375376,0.9380315194766577,0.925493767431271,0.9594171552165747,True,robust_shortfall,robust_at_or_above_nominal,-0.04609471094710947,False
woe_scorecard_platform_platt,Platform-signal WOE scorecard,W3,w03_2012m03_m08,5,primary_oot,0,1,0.1,92,84,0.9662357822617568,False,True,35138,1426,1266,0.8877980364656382,0,0.0,1192,983,209,0,1192,True,0.7743119266055046,0.933582399335824,0.0,0.0,0.04058284478342535,0.07450623256872901,False,crosses_nominal,robust_shortfall,0.8877980364656382,False
woe_scorecard_platform_platt,Platform-signal WOE scorecard,W3,w03_2012m03_m08,5,primary_oot,1,0,0.1,2490,2242,0.08063616377305272,False,True,64651,56735,51495,0.9076407861108663,55809,0.9836785053318058,2127,1920,207,2093,34,True,0.9043412595272382,0.9106640525104425,0.9830893621518787,0.9842591963010812,0.8775579650740127,0.910457688202812,False,robust_at_or_above_nominal,robust_at_or_above_nominal,-0.07603771922093945,False
woe_scorecard_platform_platt,Platform-signal WOE scorecard,W3,w03_2012m03_m08,5,primary_oot,1,1,0.1,220,199,0.9426104924037605,False,True,64651,5789,5318,0.9186387977198135,0,0.0,2127,1846,281,0,2127,True,0.8761120263591433,0.9383104125736739,0.0,0.0,0.08954231179718798,0.12244203492598722,False,crosses_nominal,robust_shortfall,0.9186387977198135,False
woe_scorecard_platform_platt,Platform-signal WOE scorecard,W3,w03_2012m03_m08,5,primary_oot,2,0,0.1,3333,3001,0.10906414428158288,False,True,83959,69671,63506,0.9115126810294096,69671,1.0,2749,2515,234,2749,0,True,0.9084614834418139,0.9145956279611005,1.0,1.0,0.8298216986862635,0.8625638704605819,False,robust_at_or_above_nominal,robust_at_or_above_nominal,-0.08848731897059034,False
woe_scorecard_platform_platt,Platform-signal WOE scorecard,W3,w03_2012m03_m08,5,primary_oot,2,1,0.1,428,387,0.9135371450909343,False,True,83959,11539,10407,0.9018979114307999,1570,0.13606031718519804,2749,2455,294,314,2435,True,0.8794895630862841,0.9191081892239531,0.11235150994704451,0.1589471019994938,0.13743612953941806,0.17017830131373646,False,crosses_nominal,robust_shortfall,0.7658375942456018,False
woe_scorecard_platform_platt,Platform-signal WOE scorecard,W3,w03_2012m03_m08,5,primary_oot,3,0,0.1,4181,3764,0.1428251506889843,False,True,90040,71854,64982,0.904361622178306,71854,1.0,2866,2558,308,2866,0,True,0.9005016490673762,0.907649303875719,1.0,1.0,0.7980231008440694,0.8298533984895602,False,robust_at_or_above_nominal,robust_at_or_above_nominal,-0.09563837782169399,False
woe_scorecard_platform_platt,Platform-signal WOE scorecard,W3,w03_2012m03_m08,5,primary_oot,3,1,0.1,760,685,0.8843345304447167,False,True,90040,15320,13489,0.8804830287206267,5460,0.3563968668407311,2866,2473,393,958,1908,True,0.8584611468211035,0.8970943629517226,0.3169259345251915,0.39427448089445877,0.1701466015104398,0.2019768991559307,True,robust_shortfall,robust_shortfall,0.5240861618798955,False
woe_scorecard_platform_platt,Platform-signal WOE scorecard,W3,w03_2012m03_m08,5,primary_oot,4,0,0.1,4344,3911,0.23822199298683033,False,True,103102,77062,67871,0.8807323972904934,77062,1.0,3142,2758,384,3142,0,True,0.8763654675515843,0.8848534201954398,1.0,1.0,0.7474345793486062,0.7779092549126108,True,robust_shortfall,robust_at_or_above_nominal,-0.11926760270950663,False
woe_scorecard_platform_platt,Platform-signal WOE scorecard,W3,w03_2012m03_m08,5,primary_oot,4,1,0.1,1189,1071,0.8463759327073905,False,True,103102,22898,20467,0.8938335225783911,12709,0.5550266398812124,3142,2728,414,1565,1577,True,0.8779598490048044,0.905135409349879,0.51926455566905,0.5834934390712505,0.22209074508738919,0.25256542065139376,False,crosses_nominal,robust_shortfall,0.3388068826971788,False
woe_scorecard_platform_platt,Platform-signal WOE scorecard,W4,w04_2012m04_m09,5,primary_oot,0,0,0.1,2115,1905,0.05083051392932602,False,True,35138,32520,28998,0.8916974169741697,30205,0.9288130381303813,1192,1069,123,1104,88,True,0.8883374689826302,0.8951442436511954,0.9263064278704612,0.9311503687842018,0.925493767431271,0.9594171552165747,True,robust_shortfall,robust_at_or_above_nominal,-0.03711562115621156,False
woe_scorecard_platform_platt,Platform-signal WOE scorecard,W4,w04_2012m04_m09,5,primary_oot,0,1,0.1,84,77,0.9662952463955408,False,True,35138,1426,1269,0.8899018232819075,0,0.0,1192,986,206,0,1192,True,0.7775735294117647,0.9349087893864013,0.0,0.0,0.04058284478342535,0.07450623256872901,False,crosses_nominal,robust_shortfall,0.8899018232819075,False
woe_scorecard_platform_platt,Platform-signal WOE scorecard,W4,w04_2012m04_m09,5,primary_oot,1,0,0.1,2645,2382,0.08069464310384732,False,True,64651,56735,51626,0.9099497664580947,55690,0.9815810346347053,2127,1929,198,2087,40,True,0.9067851685314317,0.9129108141279149,0.9808894760017614,0.9822345380979906,0.8775579650740127,0.910457688202812,False,robust_at_or_above_nominal,robust_at_or_above_nominal,-0.07163126817661056,False
woe_scorecard_platform_platt,Platform-signal WOE scorecard,W4,w04_2012m04_m09,5,primary_oot,1,1,0.1,219,198,0.9426586130972096,False,True,64651,5789,5322,0.9193297633442736,0,0.0,2127,1851,276,0,2127,True,0.8774938169826876,0.9388743455497383,0.0,0.0,0.08954231179718798,0.12244203492598722,False,crosses_nominal,robust_shortfall,0.9193297633442736,False
woe_scorecard_platform_platt,Platform-signal WOE scorecard,W4,w04_2012m04_m09,5,primary_oot,2,0,0.1,3756,3382,0.10923420834227028,False,True,83959,69671,63951,0.9178998435504012,69671,1.0,2749,2525,224,2749,0,True,0.9149581515129838,0.9207712338633719,1.0,1.0,0.8298216986862635,0.8625638704605819,False,robust_at_or_above_nominal,robust_at_or_above_nominal,-0.08210015644959882,False
woe_scorecard_platform_platt,Platform-signal WOE scorecard,W4,w04_2012m04_m09,5,primary_oot,2,1,0.1,462,417,0.9133547665676931,False,True,83959,11539,10336,0.8957448652396222,1118,0.09688881185544675,2749,2429,320,230,2519,True,0.8715743317311746,0.9138745704467354,0.07952767107696686,0.11453819355935084,0.13743612953941806,0.17017830131373646,False,crosses_nominal,robust_shortfall,0.7988560533841754,False
woe_scorecard_platform_platt,Platform-signal WOE scorecard,W4,w04_2012m04_m09,5,primary_oot,3,0,0.1,4881,4394,0.1428286426080256,False,True,90040,71854,64987,0.9044312077267793,71854,1.0,2866,2558,308,2866,0,True,0.9005709376125939,0.9077164973391388,1.0,1.0,0.7980231008440694,0.8298533984895602,False,robust_at_or_above_nominal,robust_at_or_above_nominal,-0.0955687922732207,False
woe_scorecard_platform_platt,Platform-signal WOE scorecard,W4,w04_2012m04_m09,5,primary_oot,3,1,0.1,877,791,0.884466570632719,False,True,90040,15320,13553,0.8846605744125327,5409,0.3530678851174935,2866,2484,382,948,1918,True,0.8631384537001656,0.9007526398562121,0.313783501566307,0.39076715023358743,0.1701466015104398,0.2019768991559307,False,crosses_nominal,robust_shortfall,0.5315926892950391,False
woe_scorecard_platform_platt,Platform-signal WOE scorecard,W4,w04_2012m04_m09,5,primary_oot,4,0,0.1,5295,4767,0.2362110477584576,False,True,103102,77062,67397,0.8745815058005243,77062,1.0,3142,2743,399,3142,0,True,0.8700765546533094,0.8788922999812042,1.0,1.0,0.7474345793486062,0.7779092549126108,True,robust_shortfall,robust_at_or_above_nominal,-0.12541849419947573,False
woe_scorecard_platform_platt,Platform-signal WOE scorecard,W4,w04_2012m04_m09,5,primary_oot,4,1,0.1,1433,1291,0.8459296284694711,False,True,103102,22898,20309,0.8869333566250328,12709,0.5550266398812124,3142,2701,441,1565,1577,True,0.8701743862204893,0.8988632368451893,0.51926455566905,0.5834934390712505,0.22209074508738919,0.25256542065139376,True,robust_shortfall,robust_shortfall,0.33190671674382044,False
woe_scorecard_platform_platt,Platform-signal WOE scorecard,W5,w05_2012m05_m10,5,primary_oot,0,0,0.1,2183,1966,0.05082249882360724,False,True,35138,32520,28986,0.8913284132841328,30269,0.9307810578105781,1192,1069,123,1106,86,True,0.8879698557117912,0.8947869838339932,0.9283260749555297,0.933057752929281,0.925493767431271,0.9594171552165747,True,robust_shortfall,robust_at_or_above_nominal,-0.039452644526445264,False
woe_scorecard_platform_platt,Platform-signal WOE scorecard,W5,w05_2012m05_m10,5,primary_oot,0,1,0.1,98,90,0.9662357822617568,False,True,35138,1426,1266,0.8877980364656382,0,0.0,1192,983,209,0,1192,True,0.7743119266055046,0.933582399335824,0.0,0.0,0.04058284478342535,0.07450623256872901,False,crosses_nominal,robust_shortfall,0.8877980364656382,False
woe_scorecard_platform_platt,Platform-signal WOE scorecard,W5,w05_2012m05_m10,5,primary_oot,1,0,0.1,2776,2500,0.08088499488571033,False,True,64651,56735,52083,0.9180047589671279,55865,0.9846655503657354,2127,1948,179,2094,33,True,0.9151175457708121,0.9207266158853501,0.9840931510710259,0.9852113753420931,0.8775579650740127,0.910457688202812,False,robust_at_or_above_nominal,robust_at_or_above_nominal,-0.06666079139860756,False
woe_scorecard_platform_platt,Platform-signal WOE scorecard,W5,w05_2012m05_m10,5,primary_oot,1,1,0.1,234,212,0.9426586130972096,False,True,64651,5789,5322,0.9193297633442736,0,0.0,2127,1851,276,0,2127,True,0.8774938169826876,0.9388743455497383,0.0,0.0,0.08954231179718798,0.12244203492598722,False,crosses_nominal,robust_shortfall,0.9193297633442736,False
woe_scorecard_platform_platt,Platform-signal WOE scorecard,W5,w05_2012m05_m10,5,primary_oot,2,0,0.1,4153,3739,0.10918236065112318,False,True,83959,69671,63813,0.9159191055101836,69671,1.0,2749,2521,228,2749,0,True,0.9129315154723243,0.918855274822695,1.0,1.0,0.8298216986862635,0.8625638704605819,False,robust_at_or_above_nominal,robust_at_or_above_nominal,-0.08408089448981643,False
woe_scorecard_platform_platt,Platform-signal WOE scorecard,W5,w05_2012m05_m10,5,primary_oot,2,1,0.1,467,422,0.9135371450909343,False,True,83959,11539,10407,0.9018979114307999,122,0.010572839934136408,2749,2455,294,33,2716,True,0.8794895630862841,0.9191081892239531,0.008558400561206594,0.013394400276529553,0.13743612953941806,0.17017830131373646,False,crosses_nominal,robust_shortfall,0.8913250714966635,False
woe_scorecard_platform_platt,Platform-signal WOE scorecard,W5,w05_2012m05_m10,5,primary_oot,3,0,0.1,5608,5049,0.14290895801548836,False,True,90040,71854,65129,0.9064074373034208,71854,1.0,2866,2567,299,2866,0,True,0.9026513104098236,0.9096357211002271,1.0,1.0,0.7980231008440694,0.8298533984895602,False,robust_at_or_above_nominal,robust_at_or_above_nominal,-0.09359256269657917,False
woe_scorecard_platform_platt,Platform-signal WOE scorecard,W5,w05_2012m05_m10,5,primary_oot,3,1,0.1,989,891,0.884466570632719,False,True,90040,15320,13553,0.8846605744125327,5179,0.3380548302872063,2866,2484,382,902,1964,True,0.8631384537001656,0.9007526398562121,0.2996412867391807,0.37486129946985575,0.1701466015104398,0.2019768991559307,False,crosses_nominal,robust_shortfall,0.5466057441253264,False
woe_scorecard_platform_platt,Platform-signal WOE scorecard,W5,w05_2012m05_m10,5,primary_oot,4,0,0.1,6158,5544,0.23562110202361947,False,True,103102,77062,67252,0.872699903973424,77062,1.0,3142,2741,401,3142,0,True,0.8681822289351045,0.8770722905153941,1.0,1.0,0.7474345793486062,0.7779092549126108,True,robust_shortfall,robust_at_or_above_nominal,-0.127300096026576,False
woe_scorecard_platform_platt,Platform-signal WOE scorecard,W5,w05_2012m05_m10,5,primary_oot,4,1,0.1,1604,1445,0.8462207853766273,False,True,103102,22898,20412,0.8914315660756398,12477,0.5448947506332431,3142,2717,425,1532,1610,True,0.8751875830725035,0.9029474917040796,0.5090990696915293,0.5734343020875973,0.22209074508738919,0.25256542065139376,False,crosses_nominal,robust_shortfall,0.34653681544239673,False
woe_scorecard_platform_platt,Platform-signal WOE scorecard,W6,w06_2012m06_m11,5,primary_oot,0,0,0.1,2182,1965,0.050893142340573946,False,True,35138,32520,29103,0.8949261992619926,30269,0.9307810578105781,1192,1070,122,1106,86,True,0.8915813981986398,0.8982732956236975,0.9283260749555297,0.933057752929281,0.925493767431271,0.9594171552165747,True,robust_shortfall,robust_at_or_above_nominal,-0.035854858548585486,False
woe_scorecard_platform_platt,Platform-signal WOE scorecard,W6,w06_2012m06_m11,5,primary_oot,0,1,0.1,88,81,0.9691496510370103,False,True,35138,1426,1346,0.9438990182328191,0,0.0,1192,1068,124,0,1192,True,0.8683870967741936,0.9679230152365678,0.0,0.0,0.04058284478342535,0.07450623256872901,False,crosses_nominal,robust_shortfall,0.9438990182328191,False
woe_scorecard_platform_platt,Platform-signal WOE scorecard,W6,w06_2012m06_m11,5,primary_oot,1,0,0.1,2873,2587,0.08084966591382836,False,True,64651,56735,51993,0.9164184365911695,55937,0.9859346082665021,2127,1946,181,2097,30,True,0.9135041113219481,0.919190197849389,0.9854135470800669,0.9864359532227359,0.8775579650740127,0.910457688202812,False,robust_at_or_above_nominal,robust_at_or_above_nominal,-0.06951617167533268,False
woe_scorecard_platform_platt,Platform-signal WOE scorecard,W6,w06_2012m06_m11,5,primary_oot,1,1,0.1,258,234,0.9426104924037605,False,True,64651,5789,5318,0.9186387977198135,0,0.0,2127,1846,281,0,2127,True,0.8761120263591433,0.9383104125736739,0.0,0.0,0.08954231179718798,0.12244203492598722,False,crosses_nominal,robust_shortfall,0.9186387977198135,False
woe_scorecard_platform_platt,Platform-signal WOE scorecard,W6,w06_2012m06_m11,5,primary_oot,2,0,0.1,4549,4095,0.10910162899289957,False,True,83959,69671,63606,0.9129479984498572,69671,1.0,2749,2518,231,2749,0,True,0.9099310463219936,0.9159844297607669,1.0,1.0,0.8298216986862635,0.8625638704605819,False,robust_at_or_above_nominal,robust_at_or_above_nominal,-0.08705200155014281,False
woe_scorecard_platform_platt,Platform-signal WOE scorecard,W6,w06_2012m06_m11,5,primary_oot,2,1,0.1,509,459,0.9135484695322299,False,True,83959,11539,10410,0.9021578992980328,101,0.00875292486350637,2749,2457,292,27,2722,True,0.8798918096526076,0.9193340954558445,0.007082252296472898,0.011066920283589833,0.13743612953941806,0.17017830131373646,False,crosses_nominal,robust_shortfall,0.8934049744345264,False
woe_scorecard_platform_platt,Platform-signal WOE scorecard,W6,w06_2012m06_m11,5,primary_oot,3,0,0.1,6293,5665,0.14286443645070684,False,True,90040,71854,65054,0.9053636540763215,71854,1.0,2866,2562,304,2866,0,True,0.9015493777543724,0.9086218017630617,1.0,1.0,0.7980231008440694,0.8298533984895602,False,robust_at_or_above_nominal,robust_at_or_above_nominal,-0.09463634592367857,False
woe_scorecard_platform_platt,Platform-signal WOE scorecard,W6,w06_2012m06_m11,5,primary_oot,3,1,0.1,1077,971,0.8848780088811888,False,True,90040,15320,13734,0.8964751958224543,5080,0.33159268929503916,2866,2532,334,883,1983,True,0.8773476427750095,0.9111584136231234,0.2935907068138473,0.36801826822193423,0.1701466015104398,0.2019768991559307,False,crosses_nominal,robust_shortfall,0.5648825065274151,False
woe_scorecard_platform_platt,Platform-signal WOE scorecard,W6,w06_2012m06_m11,5,primary_oot,4,0,0.1,7103,6394,0.23469284361037734,False,True,103102,77062,67024,0.8697412473073629,77062,1.0,3142,2737,405,3142,0,True,0.8651942117288652,0.874208949986842,1.0,1.0,0.7474345793486062,0.7779092549126108,True,robust_shortfall,robust_at_or_above_nominal,-0.1302587526926371,False
woe_scorecard_platform_platt,Platform-signal WOE scorecard,W6,w06_2012m06_m11,5,primary_oot,4,1,0.1,1753,1579,0.84621746783324,False,True,103102,22898,20412,0.8914315660756398,12034,0.5255480828019914,3142,2716,426,1470,1672,True,0.8751500600240096,0.9029437026626064,0.4897842897842898,0.5541694024950755,0.22209074508738919,0.25256542065139376,False,crosses_nominal,robust_shortfall,0.36588348327364834,False
woe_scorecard_platform_platt,Platform-signal WOE scorecard,W7,w07_2012m07_m12,5,primary_oot,0,0,0.1,2143,1930,0.05107582818535217,False,True,35138,32520,29379,0.9034132841328413,30388,0.934440344403444,1192,1082,110,1109,83,True,0.9003677597303096,0.9065234212249271,0.93206146673619,0.936602337268429,0.925493767431271,0.9594171552165747,False,robust_at_or_above_nominal,robust_at_or_above_nominal,-0.031027060270602706,False
woe_scorecard_platform_platt,Platform-signal WOE scorecard,W7,w07_2012m07_m12,5,primary_oot,0,1,0.1,85,78,0.9678863648166306,False,True,35138,1426,1319,0.9249649368863955,0,0.0,1192,1031,161,0,1192,True,0.8311279143037177,0.9564509564509565,0.0,0.0,0.04058284478342535,0.07450623256872901,False,crosses_nominal,robust_shortfall,0.9249649368863955,False
woe_scorecard_platform_platt,Platform-signal WOE scorecard,W7,w07_2012m07_m12,5,primary_oot,1,0,0.1,3078,2772,0.08079713972206448,False,True,64651,56735,51879,0.9144090949149555,55587,0.9797655768044417,2127,1938,189,2085,42,True,0.9113730588152624,0.917236207454877,0.9790408087782024,0.9804828289697382,0.8775579650740127,0.910457688202812,False,robust_at_or_above_nominal,robust_at_or_above_nominal,-0.0653564818894862,False
woe_scorecard_platform_platt,Platform-signal WOE scorecard,W7,w07_2012m07_m12,5,primary_oot,1,1,0.1,251,227,0.9424904581687222,False,True,64651,5789,5306,0.9165659008464329,0,0.0,2127,1840,287,0,2127,True,0.8732718894009217,0.9366889500589854,0.0,0.0,0.08954231179718798,0.12244203492598722,False,crosses_nominal,robust_shortfall,0.9165659008464329,False
woe_scorecard_platform_platt,Platform-signal WOE scorecard,W7,w07_2012m07_m12,5,primary_oot,2,0,0.1,4903,4414,0.10910162899289957,False,True,83959,69671,63606,0.9129479984498572,69375,0.9957514604354754,2749,2518,231,2732,17,True,0.9099310463219936,0.9159844297607669,0.9955085524050051,0.9959117716116735,0.8298216986862635,0.8625638704605819,False,robust_at_or_above_nominal,robust_at_or_above_nominal,-0.08280346198561812,False
woe_scorecard_platform_platt,Platform-signal WOE scorecard,W7,w07_2012m07_m12,5,primary_oot,2,1,0.1,516,466,0.9137174625344577,False,True,83959,11539,10477,0.9079642949995667,0,0.0,2749,2469,280,0,2749,True,0.8864540147220576,0.9241861793260994,0.0,0.0,0.13743612953941806,0.17017830131373646,False,crosses_nominal,robust_shortfall,0.9079642949995667,False
woe_scorecard_platform_platt,Platform-signal WOE scorecard,W7,w07_2012m07_m12,5,primary_oot,3,0,0.1,6748,6075,0.1429334518526085,False,True,90040,71854,65177,0.9070754585687645,71854,1.0,2866,2570,296,2866,0,True,0.9033541233541234,0.9102843168870257,1.0,1.0,0.7980231008440694,0.8298533984895602,False,robust_at_or_above_nominal,robust_at_or_above_nominal,-0.09292454143123556,False
woe_scorecard_platform_platt,Platform-signal WOE scorecard,W7,w07_2012m07_m12,5,primary_oot,3,1,0.1,1100,991,0.8849575176099445,False,True,90040,15320,13769,0.8987597911227154,4328,0.2825065274151436,2866,2537,329,739,2127,True,0.8798645280848617,0.9131433051464412,0.24806557001203644,0.3155240052307117,0.1701466015104398,0.2019768991559307,False,crosses_nominal,robust_shortfall,0.6162532637075718,False
woe_scorecard_platform_platt,Platform-signal WOE scorecard,W7,w07_2012m07_m12,5,primary_oot,4,0,0.1,7775,6999,0.23519457547627462,False,True,103102,77062,67151,0.8713892709766162,77062,1.0,3142,2739,403,3142,0,True,0.8668559994836378,0.8758035613588803,1.0,1.0,0.7474345793486062,0.7779092549126108,True,robust_shortfall,robust_at_or_above_nominal,-0.12861072902338377,False
woe_scorecard_platform_platt,Platform-signal WOE scorecard,W7,w07_2012m07_m12,5,primary_oot,4,1,0.1,1812,1632,0.8467405863744866,False,True,103102,22898,20617,0.9003843130404402,11490,0.5017905493929601,3142,2748,394,1396,1746,True,0.8851537008414906,0.9110582546985885,0.4662392468755072,0.5304190335062156,0.22209074508738919,0.25256542065139376,False,crosses_nominal,robust_shortfall,0.3985937636474801,False
woe_scorecard_platform_platt,Platform-signal WOE scorecard,W8,w08_2012m08_2013m01,5,primary_oot,0,0,0.1,2039,1836,0.05107604966707031,False,True,35138,32520,29380,0.9034440344403444,30458,0.9365928659286593,1192,1082,110,1110,82,True,0.900398406374502,0.9065531813582525,0.9342371633642108,0.9386856972940827,0.925493767431271,0.9594171552165747,False,robust_at_or_above_nominal,robust_at_or_above_nominal,-0.033148831488314885,False
woe_scorecard_platform_platt,Platform-signal WOE scorecard,W8,w08_2012m08_2013m01,5,primary_oot,0,1,0.1,79,72,0.9678863648166306,False,True,35138,1426,1319,0.9249649368863955,0,0.0,1192,1031,161,0,1192,True,0.8311279143037177,0.9564509564509565,0.0,0.0,0.04058284478342535,0.07450623256872901,False,crosses_nominal,robust_shortfall,0.9249649368863955,False
woe_scorecard_platform_platt,Platform-signal WOE scorecard,W8,w08_2012m08_2013m01,5,primary_oot,1,0,0.1,3161,2846,0.08074647460151382,False,True,64651,56735,51759,0.9122939984136776,55239,0.9736317969507359,2127,1936,191,2070,57,True,0.9092330393844641,0.9151880826984371,0.9726545992393295,0.9745599863957146,0.8775579650740127,0.910457688202812,False,robust_at_or_above_nominal,robust_at_or_above_nominal,-0.06133779853705825,False
woe_scorecard_platform_platt,Platform-signal WOE scorecard,W8,w08_2012m08_2013m01,5,primary_oot,1,1,0.1,232,210,0.9426586130972096,False,True,64651,5789,5322,0.9193297633442736,0,0.0,2127,1851,276,0,2127,True,0.8774938169826876,0.9388743455497383,0.0,0.0,0.08954231179718798,0.12244203492598722,False,crosses_nominal,robust_shortfall,0.9193297633442736,False
woe_scorecard_platform_platt,Platform-signal WOE scorecard,W8,w08_2012m08_2013m01,5,primary_oot,2,0,0.1,5122,4611,0.10913482840872078,False,True,83959,69671,63695,0.9142254309540555,69177,0.9929095319429891,2749,2519,230,2724,25,True,0.911217293028712,0.9172184513090456,0.9925533746556474,0.9931763243317908,0.8298216986862635,0.8625638704605819,False,robust_at_or_above_nominal,robust_at_or_above_nominal,-0.0786841009889337,False
woe_scorecard_platform_platt,Platform-signal WOE scorecard,W8,w08_2012m08_2013m01,5,primary_oot,2,1,0.1,514,464,0.9140602270473409,False,True,83959,11539,10589,0.9176705087095935,0,0.0,2749,2500,249,0,2749,True,0.8982863929419749,0.9323313626326661,0.0,0.0,0.13743612953941806,0.17017830131373646,False,crosses_nominal,robust_shortfall,0.9176705087095935,False
woe_scorecard_platform_platt,Platform-signal WOE scorecard,W8,w08_2012m08_2013m01,5,primary_oot,3,0,0.1,7200,6481,0.14292511734465374,False,True,90040,71854,65161,0.90685278481365,71854,1.0,2866,2568,298,2866,0,True,0.9031073289721698,0.9100669156969713,1.0,1.0,0.7980231008440694,0.8298533984895602,False,robust_at_or_above_nominal,robust_at_or_above_nominal,-0.0931472151863501,False
woe_scorecard_platform_platt,Platform-signal WOE scorecard,W8,w08_2012m08_2013m01,5,primary_oot,3,1,0.1,1106,997,0.8848780088811888,False,True,90040,15320,13734,0.8964751958224543,3743,0.24432114882506528,2866,2532,334,649,2217,True,0.8773476427750095,0.9111584136231234,0.2134344528710726,0.2750328761976329,0.1701466015104398,0.2019768991559307,False,crosses_nominal,robust_shortfall,0.652154046997389,False
woe_scorecard_platform_platt,Platform-signal WOE scorecard,W8,w08_2012m08_2013m01,5,primary_oot,4,0,0.1,8762,7887,0.23922575286231818,False,True,103102,77062,68127,0.8840543977576497,77062,1.0,3142,2765,377,3142,0,True,0.8797505133072483,0.8880704523532138,1.0,1.0,0.7474345793486062,0.7779092549126108,True,robust_shortfall,robust_at_or_above_nominal,-0.11594560224235032,False
woe_scorecard_platform_platt,Platform-signal WOE scorecard,W8,w08_2012m08_2013m01,5,primary_oot,4,1,0.1,1914,1724,0.8469083707853585,False,True,103102,22898,20683,0.9032666608437419,10507,0.4588610358983317,3142,2752,390,1256,1886,True,0.8881398144967365,0.9136452241715399,0.423942866365397,0.4870000828020204,0.22209074508738919,0.25256542065139376,False,crosses_nominal,robust_shortfall,0.4444056249454101,False
woe_scorecard_borrower_platt,Pricing-excluded application WOE scorecard,W1,w01_2012m01_m06,5,primary_oot,0,0,0.1,1713,1543,0.05513115421444976,False,True,39047,35488,31858,0.8977119026149685,33595,0.9466580252479712,1233,1121,112,1179,54,True,0.8948876404494382,0.9008440547406376,0.9452197400258848,0.9483731966073036,0.9088534330422312,0.9404307629267293,False,crosses_nominal,robust_at_or_above_nominal,-0.04894612263300271,False
woe_scorecard_borrower_platt,Pricing-excluded application WOE scorecard,W1,w01_2012m01_m06,5,primary_oot,0,1,0.1,87,80,0.965149432288487,False,True,39047,2326,2046,0.8796216680997421,0,0.0,1233,959,274,0,1233,True,0.786923076923077,0.9147640791476408,0.0,0.0,0.05956923707327067,0.09114656695776885,False,crosses_nominal,robust_shortfall,0.8796216680997421,False
woe_scorecard_borrower_platt,Pricing-excluded application WOE scorecard,W1,w01_2012m01_m06,5,primary_oot,1,0,0.1,2451,2207,0.07981954413856937,False,True,58224,50151,44774,0.8927837929453052,49634,0.9896911327790074,1853,1649,204,1836,17,True,0.8891669149041803,0.8961969111969113,0.9893557646308404,0.9900552061092196,0.861345836768343,0.8931712008793624,True,robust_shortfall,robust_at_or_above_nominal,-0.09690733983370221,False
woe_scorecard_borrower_platt,Pricing-excluded application WOE scorecard,W1,w01_2012m01_m06,5,primary_oot,1,1,0.1,236,214,0.9393371655532237,False,True,58224,6220,5672,0.9118971061093247,0,0.0,1853,1675,178,0,1853,True,0.8865270396999062,0.9305889803673211,0.0,0.0,0.10682879912063754,0.13865416323165705,False,crosses_nominal,robust_shortfall,0.9118971061093247,False
woe_scorecard_borrower_platt,Pricing-excluded application WOE scorecard,W1,w01_2012m01_m06,5,primary_oot,2,0,0.1,2722,2451,0.10510498810365294,False,True,72677,60603,54536,0.8998894444169431,60603,1.0,2433,2187,246,2433,0,True,0.8962513763578694,0.9033763338111164,1.0,1.0,0.8338676610206806,0.8673445519215157,False,crosses_nominal,robust_at_or_above_nominal,-0.10011055558305694,False
woe_scorecard_borrower_platt,Pricing-excluded application WOE scorecard,W1,w01_2012m01_m06,5,primary_oot,2,1,0.1,379,342,0.9149732067713104,False,True,72677,9641,8702,0.9026034643709159,1759,0.18244995332434394,2433,2158,275,427,2006,True,0.8775716014521985,0.920416984490211,0.15102601528290546,0.21712355979340484,0.13265544807848426,0.16613233897931945,False,crosses_nominal,robust_shortfall,0.7201535110465719,False
woe_scorecard_borrower_platt,Pricing-excluded application WOE scorecard,W1,w01_2012m01_m06,5,primary_oot,3,0,0.1,2973,2677,0.13958672288121915,False,True,87156,70640,62814,0.8892129105322764,70640,1.0,2767,2447,320,2767,0,True,0.8852029312288613,0.8929221338952208,1.0,1.0,0.8105007113681215,0.8422483822112075,True,robust_shortfall,robust_at_or_above_nominal,-0.11078708946772367,False
woe_scorecard_borrower_platt,Pricing-excluded application WOE scorecard,W1,w01_2012m01_m06,5,primary_oot,3,1,0.1,511,461,0.888205610069531,False,True,87156,13749,12112,0.880936795403302,4563,0.3318786820859699,2767,2438,329,852,1915,True,0.8603494814604348,0.8988694631494409,0.29130490296220635,0.37086500924594207,0.15775161778879251,0.18949928863187848,True,robust_shortfall,robust_shortfall,0.5490581133173321,False
woe_scorecard_borrower_platt,Pricing-excluded application WOE scorecard,W1,w01_2012m01_m06,5,primary_oot,4,0,0.1,3045,2742,0.2539626523542645,False,True,119786,90960,79065,0.8692282321899736,90960,1.0,3790,3275,515,3790,0,True,0.8643345176277671,0.8737730142728286,1.0,1.0,0.7593541816238959,0.7909939391915582,True,robust_shortfall,robust_at_or_above_nominal,-0.1307717678100264,False
woe_scorecard_borrower_platt,Pricing-excluded application WOE scorecard,W1,w01_2012m01_m06,5,primary_oot,4,1,0.1,831,749,0.8467686464869805,False,True,119786,25036,22223,0.8876417958140278,14036,0.5606326889279437,3790,3281,509,1903,1887,True,0.8699549814053631,0.9006603806900448,0.5213386323960926,0.5916700694160882,0.20900606080844172,0.24064581837610405,False,crosses_nominal,robust_shortfall,0.32700910688608403,False
woe_scorecard_borrower_platt,Pricing-excluded application WOE scorecard,W2,w02_2012m02_m07,5,primary_oot,0,0,0.1,1767,1592,0.05509289465765267,False,True,39047,35488,31800,0.8960775473399459,33566,0.9458408476104598,1233,1120,113,1179,54,True,0.8932333361422432,0.899256993006993,0.944403803950256,0.9475822947064118,0.9088534330422312,0.9404307629267293,True,robust_shortfall,robust_at_or_above_nominal,-0.049763300270513976,False
woe_scorecard_borrower_platt,Pricing-excluded application WOE scorecard,W2,w02_2012m02_m07,5,primary_oot,0,1,0.1,90,82,0.965149432288487,False,True,39047,2326,2046,0.8796216680997421,0,0.0,1233,959,274,0,1233,True,0.786923076923077,0.9147640791476408,0.0,0.0,0.05956923707327067,0.09114656695776885,False,crosses_nominal,robust_shortfall,0.8796216680997421,False
woe_scorecard_borrower_platt,Pricing-excluded application WOE scorecard,W2,w02_2012m02_m07,5,primary_oot,1,0,0.1,2601,2342,0.07974449444626125,False,True,58224,50151,44600,0.8893142709018763,49830,0.9935993300233296,1853,1641,212,1843,10,True,0.8855707563091952,0.8928212851405622,0.9934012479814995,0.9938262107166211,0.861345836768343,0.8931712008793624,True,robust_shortfall,robust_at_or_above_nominal,-0.10428505912145321,False
woe_scorecard_borrower_platt,Pricing-excluded application WOE scorecard,W2,w02_2012m02_m07,5,primary_oot,1,1,0.1,262,237,0.9396325721310665,False,True,58224,6220,5726,0.9205787781350482,0,0.0,1853,1687,166,0,1853,True,0.8966489195114312,0.9375237131655495,0.0,0.0,0.10682879912063754,0.13865416323165705,False,crosses_nominal,robust_shortfall,0.9205787781350482,False
woe_scorecard_borrower_platt,Pricing-excluded application WOE scorecard,W2,w02_2012m02_m07,5,primary_oot,2,0,0.1,3024,2723,0.10506735334363758,False,True,72677,60603,54444,0.8983713677540716,60603,1.0,2433,2186,247,2433,0,True,0.8947247329498768,0.9019095701476373,1.0,1.0,0.8338676610206806,0.8673445519215157,False,crosses_nominal,robust_at_or_above_nominal,-0.10162863224592841,False
woe_scorecard_borrower_platt,Pricing-excluded application WOE scorecard,W2,w02_2012m02_m07,5,primary_oot,2,1,0.1,412,372,0.9152248395292372,False,True,72677,9641,8785,0.911212529820558,1826,0.18939943989212737,2433,2173,260,435,1998,True,0.8872841127158873,0.9275435923480616,0.1568863304407595,0.2243946010321556,0.13265544807848426,0.16613233897931945,False,crosses_nominal,robust_shortfall,0.7218130899284306,False
woe_scorecard_borrower_platt,Pricing-excluded application WOE scorecard,W2,w02_2012m02_m07,5,primary_oot,3,0,0.1,3381,3044,0.13961623186240413,False,True,87156,70640,62855,0.8897933182332955,70640,1.0,2767,2452,315,2767,0,True,0.8858431400183214,0.8934903956657363,1.0,1.0,0.8105007113681215,0.8422483822112075,True,robust_shortfall,robust_at_or_above_nominal,-0.11020668176670442,False
woe_scorecard_borrower_platt,Pricing-excluded application WOE scorecard,W2,w02_2012m02_m07,5,primary_oot,3,1,0.1,608,549,0.888877192296606,False,True,87156,13749,12380,0.9004291221179722,4982,0.36235362571823404,2767,2498,269,945,1822,True,0.8831502354116136,0.915738290145873,0.31995376019523475,0.4033619164284742,0.15775161778879251,0.18949928863187848,False,crosses_nominal,robust_shortfall,0.5380754963997382,False
woe_scorecard_borrower_platt,Pricing-excluded application WOE scorecard,W2,w02_2012m02_m07,5,primary_oot,4,0,0.1,3553,3199,0.25364384695146786,False,True,119786,90960,78994,0.8684476693051891,90960,1.0,3790,3271,519,3790,0,True,0.8635205894248953,0.8730141885366811,1.0,1.0,0.7593541816238959,0.7909939391915582,True,robust_shortfall,robust_at_or_above_nominal,-0.1315523306948109,False
woe_scorecard_borrower_platt,Pricing-excluded application WOE scorecard,W2,w02_2012m02_m07,5,primary_oot,4,1,0.1,976,880,0.8466013413413971,False,True,119786,25036,22170,0.885524844224317,13925,0.5561990733343984,3790,3272,518,1889,1901,True,0.8675745480159662,0.8987565352550516,0.5169469502914207,0.5873351903435469,0.20900606080844172,0.24064581837610405,True,robust_shortfall,robust_shortfall,0.3293257708899185,False
woe_scorecard_borrower_platt,Pricing-excluded application WOE scorecard,W3,w03_2012m03_m08,5,primary_oot,0,0,0.1,1956,1762,0.05504450567850101,False,True,39047,35488,31728,0.89404869251578,33402,0.9412195671776376,1233,1119,114,1175,58,True,0.8911858884332341,0.897287404048406,0.9396837900185675,0.9431034012492159,0.9088534330422312,0.9404307629267293,True,robust_shortfall,robust_at_or_above_nominal,-0.04717087466185753,False
woe_scorecard_borrower_platt,Pricing-excluded application WOE scorecard,W3,w03_2012m03_m08,5,primary_oot,0,1,0.1,91,83,0.9681998112313562,False,True,39047,2326,2151,0.9247635425623387,0,0.0,1233,1043,190,0,1233,True,0.8549284578696343,0.948055802908875,0.0,0.0,0.05956923707327067,0.09114656695776885,False,crosses_nominal,robust_shortfall,0.9247635425623387,False
woe_scorecard_borrower_platt,Pricing-excluded application WOE scorecard,W3,w03_2012m03_m08,5,primary_oot,1,0,0.1,2856,2572,0.07992083845364203,False,True,58224,50151,45027,0.8978285577555781,49565,0.9883152878307512,1853,1655,198,1835,18,True,0.8942978013466008,0.9010925375439138,0.9879606928581395,0.988727734390028,0.861345836768343,0.8931712008793624,False,crosses_nominal,robust_at_or_above_nominal,-0.09048673007517298,False
woe_scorecard_borrower_platt,Pricing-excluded application WOE scorecard,W3,w03_2012m03_m08,5,primary_oot,1,1,0.1,270,244,0.9392645435903838,False,True,58224,6220,5660,0.909967845659164,0,0.0,1853,1668,185,0,1853,True,0.8836846213895394,0.9290060851926978,0.0,0.0,0.10682879912063754,0.13865416323165705,False,crosses_nominal,robust_shortfall,0.909967845659164,False
woe_scorecard_borrower_platt,Pricing-excluded application WOE scorecard,W3,w03_2012m03_m08,5,primary_oot,2,0,0.1,3392,3054,0.10519023398398669,False,True,72677,60603,54706,0.9026945860765969,60603,1.0,2433,2196,237,2433,0,True,0.8991781722550953,0.906097230847625,1.0,1.0,0.8338676610206806,0.8673445519215157,False,crosses_nominal,robust_at_or_above_nominal,-0.09730541392340313,False
woe_scorecard_borrower_platt,Pricing-excluded application WOE scorecard,W3,w03_2012m03_m08,5,primary_oot,2,1,0.1,458,414,0.9151284362612847,False,True,72677,9641,8751,0.9076859246966082,1695,0.17581163779690903,2433,2167,266,400,2033,True,0.883314827899465,0.9246273712737128,0.1451944492033579,0.20864455731500847,0.13265544807848426,0.16613233897931945,False,crosses_nominal,robust_shortfall,0.7318742868996992,False
woe_scorecard_borrower_platt,Pricing-excluded application WOE scorecard,W3,w03_2012m03_m08,5,primary_oot,3,0,0.1,3957,3563,0.1397327170742199,False,True,87156,70640,63046,0.8924971687429218,70640,1.0,2767,2459,308,2767,0,True,0.8886226532108022,0.8961134899246228,1.0,1.0,0.8105007113681215,0.8422483822112075,True,robust_shortfall,robust_at_or_above_nominal,-0.10750283125707814,False
woe_scorecard_borrower_platt,Pricing-excluded application WOE scorecard,W3,w03_2012m03_m08,5,primary_oot,3,1,0.1,712,642,0.8886444311570887,False,True,87156,13749,12276,0.8928649356316823,4874,0.3544985089824714,2767,2480,287,929,1838,True,0.8746081504702194,0.9092365518516237,0.3126964778340925,0.39535359040741247,0.15775161778879251,0.18949928863187848,False,crosses_nominal,robust_shortfall,0.5383664266492109,False
woe_scorecard_borrower_platt,Pricing-excluded application WOE scorecard,W3,w03_2012m03_m08,5,primary_oot,4,0,0.1,4199,3780,0.25230195250225573,False,True,119786,90960,78688,0.8650835532102022,90960,1.0,3790,3260,530,3790,0,True,0.8600721390315882,0.869751645085969,1.0,1.0,0.7593541816238959,0.7909939391915582,True,robust_shortfall,robust_at_or_above_nominal,-0.13491644678979772,False
woe_scorecard_borrower_platt,Pricing-excluded application WOE scorecard,W3,w03_2012m03_m08,5,primary_oot,4,1,0.1,1158,1044,0.8470953574222007,False,True,119786,25036,22332,0.8919955264419236,14036,0.5606326889279437,3790,3297,493,1903,1887,True,0.8747698695601082,0.9045635831009776,0.5213386323960926,0.5916700694160882,0.20900606080844172,0.24064581837610405,False,crosses_nominal,robust_shortfall,0.3313628375139799,False
woe_scorecard_borrower_platt,Pricing-excluded application WOE scorecard,W4,w04_2012m04_m09,5,primary_oot,0,0,0.1,2052,1848,0.05499381794965376,False,True,39047,35488,31656,0.8920198376916141,33142,0.9338931469792606,1233,1113,120,1165,68,True,0.8890137047854415,0.8953034070107374,0.9321070986612667,0.9359943251575588,0.9088534330422312,0.9404307629267293,True,robust_shortfall,robust_at_or_above_nominal,-0.04187330928764653,False
woe_scorecard_borrower_platt,Pricing-excluded application WOE scorecard,W4,w04_2012m04_m09,5,primary_oot,0,1,0.1,86,79,0.9684700698263585,False,True,39047,2326,2157,0.9273430782459158,0,0.0,1233,1055,178,0,1233,True,0.8614217252396166,0.9500147885241053,0.0,0.0,0.05956923707327067,0.09114656695776885,False,crosses_nominal,robust_shortfall,0.9273430782459158,False
woe_scorecard_borrower_platt,Pricing-excluded application WOE scorecard,W4,w04_2012m04_m09,5,primary_oot,1,0,0.1,3082,2775,0.08001739936640498,False,True,58224,50151,45261,0.9024944667105342,49203,0.9810970867978704,1853,1662,191,1823,30,True,0.8990703587461761,0.9056221411614845,0.980510551802475,0.9817601108246431,0.861345836768343,0.8931712008793624,False,crosses_nominal,robust_at_or_above_nominal,-0.07860262008733625,False
woe_scorecard_borrower_platt,Pricing-excluded application WOE scorecard,W4,w04_2012m04_m09,5,primary_oot,1,1,0.1,263,238,0.9392645435903838,False,True,58224,6220,5660,0.909967845659164,0,0.0,1853,1668,185,0,1853,True,0.8836846213895394,0.9290060851926978,0.0,0.0,0.10682879912063754,0.13865416323165705,False,crosses_nominal,robust_shortfall,0.909967845659164,False
woe_scorecard_borrower_platt,Pricing-excluded application WOE scorecard,W4,w04_2012m04_m09,5,primary_oot,2,0,0.1,3865,3480,0.10507061159323398,False,True,72677,60603,54453,0.8985198752537004,60603,1.0,2433,2186,247,2433,0,True,0.8948726376335251,0.9020529073563841,1.0,1.0,0.8338676610206806,0.8673445519215157,False,crosses_nominal,robust_at_or_above_nominal,-0.1014801247462997,False
woe_scorecard_borrower_platt,Pricing-excluded application WOE scorecard,W4,w04_2012m04_m09,5,primary_oot,2,1,0.1,510,460,0.9149088357562608,False,True,72677,9641,8679,0.900217819728244,1437,0.14905092832693703,2433,2154,279,337,2096,True,0.8748991935483871,0.9184400169563375,0.12243333049331175,0.17779114050912007,0.13265544807848426,0.16613233897931945,False,crosses_nominal,robust_shortfall,0.7511668914013069,False
woe_scorecard_borrower_platt,Pricing-excluded application WOE scorecard,W4,w04_2012m04_m09,5,primary_oot,3,0,0.1,4596,4138,0.13969702039314708,False,True,87156,70640,62989,0.8916902604756511,70640,1.0,2767,2458,309,2767,0,True,0.8878067344148614,0.8953322936332048,1.0,1.0,0.8105007113681215,0.8422483822112075,True,robust_shortfall,robust_at_or_above_nominal,-0.10830973952434882,False
woe_scorecard_borrower_platt,Pricing-excluded application WOE scorecard,W4,w04_2012m04_m09,5,primary_oot,3,1,0.1,821,740,0.8886887171264688,False,True,87156,13749,12293,0.8941013891919413,4724,0.3435886246272456,2767,2487,280,891,1876,True,0.8762563261814812,0.9103227395910323,0.302336,0.38353825136612024,0.15775161778879251,0.18949928863187848,False,crosses_nominal,robust_shortfall,0.5505127645646957,False
woe_scorecard_borrower_platt,Pricing-excluded application WOE scorecard,W4,w04_2012m04_m09,5,primary_oot,4,0,0.1,5097,4589,0.2503969848216719,False,True,119786,90960,78208,0.859806508355321,90960,1.0,3790,3242,548,3790,0,True,0.8546575162827293,0.8646313241757075,1.0,1.0,0.7593541816238959,0.7909939391915582,True,robust_shortfall,robust_at_or_above_nominal,-0.14019349164467898,False
woe_scorecard_borrower_platt,Pricing-excluded application WOE scorecard,W4,w04_2012m04_m09,5,primary_oot,4,1,0.1,1395,1257,0.8476186735303458,False,True,119786,25036,22482,0.8979868988656335,14100,0.5631890078287266,3790,3328,462,1914,1876,True,0.8817162130363165,0.9099562826117614,0.5239298454221165,0.5942115027829313,0.20900606080844172,0.24064581837610405,False,crosses_nominal,robust_shortfall,0.3347978910369069,False
woe_scorecard_borrower_platt,Pricing-excluded application WOE scorecard,W5,w05_2012m05_m10,5,primary_oot,0,0,0.1,2111,1901,0.054851562566340585,False,True,39047,35488,31450,0.8862150586113616,33046,0.9311880072137061,1233,1098,135,1163,70,True,0.8828565814221149,0.8896299130815066,0.9293548568535913,0.9333715314725383,0.9088534330422312,0.9404307629267293,True,robust_shortfall,robust_at_or_above_nominal,-0.04497294860234446,False
woe_scorecard_borrower_platt,Pricing-excluded application WOE scorecard,W5,w05_2012m05_m10,5,primary_oot,0,1,0.1,96,88,0.9681998112313562,False,True,39047,2326,2151,0.9247635425623387,0,0.0,1233,1043,190,0,1233,True,0.8549284578696343,0.948055802908875,0.0,0.0,0.05956923707327067,0.09114656695776885,False,crosses_nominal,robust_shortfall,0.9247635425623387,False
woe_scorecard_borrower_platt,Pricing-excluded application WOE scorecard,W5,w05_2012m05_m10,5,primary_oot,1,0,0.1,3289,2961,0.08009766138914723,False,True,58224,50151,45451,0.9062830252637036,49037,0.9777870830093118,1853,1667,186,1818,35,True,0.902934223334724,0.9092979273611487,0.9771051687721676,0.9785641440089284,0.861345836768343,0.8931712008793624,False,robust_at_or_above_nominal,robust_at_or_above_nominal,-0.07150405774560827,False
woe_scorecard_borrower_platt,Pricing-excluded application WOE scorecard,W5,w05_2012m05_m10,5,primary_oot,1,1,0.1,273,247,0.939692454276931,False,True,58224,6220,5734,0.9218649517684887,0,0.0,1853,1690,163,0,1853,True,0.8983236722544258,0.938558786346397,0.0,0.0,0.10682879912063754,0.13865416323165705,False,crosses_nominal,robust_shortfall,0.9218649517684887,False
woe_scorecard_borrower_platt,Pricing-excluded application WOE scorecard,W5,w05_2012m05_m10,5,primary_oot,2,0,0.1,4299,3870,0.10511225326378912,False,True,72677,60603,54555,0.9002029602494926,60603,1.0,2433,2187,246,2433,0,True,0.8965636247103486,0.9036789297658863,1.0,1.0,0.8338676610206806,0.8673445519215157,False,crosses_nominal,robust_at_or_above_nominal,-0.0997970397505074,False
woe_scorecard_borrower_platt,Pricing-excluded application WOE scorecard,W5,w05_2012m05_m10,5,primary_oot,2,1,0.1,535,483,0.9152133544885154,False,True,72677,9641,8779,0.910590187739861,919,0.0953220620267607,2433,2172,261,224,2209,True,0.8865885679660674,0.927029543723017,0.07755274261603376,0.11586416624429802,0.13265544807848426,0.16613233897931945,False,crosses_nominal,robust_shortfall,0.8152681257131003,False
woe_scorecard_borrower_platt,Pricing-excluded application WOE scorecard,W5,w05_2012m05_m10,5,primary_oot,3,0,0.1,5268,4743,0.13980777422973123,False,True,87156,70640,63165,0.8941817667044167,70640,1.0,2767,2466,301,2767,0,True,0.8903877870342961,0.8977512105709518,1.0,1.0,0.8105007113681215,0.8422483822112075,True,robust_shortfall,robust_at_or_above_nominal,-0.10581823329558324,False
woe_scorecard_borrower_platt,Pricing-excluded application WOE scorecard,W5,w05_2012m05_m10,5,primary_oot,3,1,0.1,929,837,0.888877192296606,False,True,87156,13749,12380,0.9004291221179722,4696,0.3415521128809368,2767,2498,269,885,1882,True,0.8831502354116136,0.915738290145873,0.3004286354040049,0.3813721470548039,0.15775161778879251,0.18949928863187848,False,crosses_nominal,robust_shortfall,0.5588770092370354,False
woe_scorecard_borrower_platt,Pricing-excluded application WOE scorecard,W5,w05_2012m05_m10,5,primary_oot,4,0,0.1,5911,5321,0.2513276917158109,False,True,119786,90960,78461,0.8625879507475813,90960,1.0,3790,3251,539,3790,0,True,0.8575066394168243,0.8673297173366168,1.0,1.0,0.7593541816238959,0.7909939391915582,True,robust_shortfall,robust_at_or_above_nominal,-0.13741204925241865,False
woe_scorecard_borrower_platt,Pricing-excluded application WOE scorecard,W5,w05_2012m05_m10,5,primary_oot,4,1,0.1,1559,1404,0.8471987415119309,False,True,119786,25036,22367,0.8933935133407893,13947,0.5570778079565426,3790,3303,487,1892,1898,True,0.8763468244328645,0.9058188362327535,0.5178213410559145,0.5881981580510992,0.20900606080844172,0.24064581837610405,False,crosses_nominal,robust_shortfall,0.3363157053842467,False
woe_scorecard_borrower_platt,Pricing-excluded application WOE scorecard,W6,w06_2012m06_m11,5,primary_oot,0,0,0.1,2091,1883,0.05528930996348349,False,True,39047,35488,32099,0.9045029305680794,33430,0.9420085662759242,1233,1126,107,1176,57,True,0.9017839584211266,0.9074397771344295,0.9404979603319735,0.9438686449923631,0.9088534330422312,0.9404307629267293,False,robust_at_or_above_nominal,robust_at_or_above_nominal,-0.0375056357078449,False
woe_scorecard_borrower_platt,Pricing-excluded application WOE scorecard,W6,w06_2012m06_m11,5,primary_oot,0,1,0.1,93,85,0.9694336697106023,False,True,39047,2326,2189,0.9411006018916594,0,0.0,1233,1075,158,0,1233,True,0.8812399355877617,0.9597177300793884,0.0,0.0,0.05956923707327067,0.09114656695776885,False,crosses_nominal,robust_shortfall,0.9411006018916594,False
woe_scorecard_borrower_platt,Pricing-excluded application WOE scorecard,W6,w06_2012m06_m11,5,primary_oot,1,0,0.1,3490,3142,0.08019305761094167,False,True,58224,50151,45691,0.9110685729098124,49329,0.9836094993120775,1853,1686,167,1829,24,True,0.9080448348503518,0.9139610702779868,0.9831390134529148,0.9841862254713352,0.861345836768343,0.8931712008793624,False,robust_at_or_above_nominal,robust_at_or_above_nominal,-0.07254092640226516,False
woe_scorecard_borrower_platt,Pricing-excluded application WOE scorecard,W6,w06_2012m06_m11,5,primary_oot,1,1,0.1,298,270,0.9389787829396019,False,True,58224,6220,5612,0.9022508038585209,0,0.0,1853,1646,207,0,1853,True,0.8731912245215497,0.9227053140096618,0.0,0.0,0.10682879912063754,0.13865416323165705,False,crosses_nominal,robust_shortfall,0.9022508038585209,False
woe_scorecard_borrower_platt,Pricing-excluded application WOE scorecard,W6,w06_2012m06_m11,5,primary_oot,2,0,0.1,4720,4249,0.10510842023709205,False,True,72677,60603,54544,0.9000214510832797,60603,1.0,2433,2187,246,2433,0,True,0.896382849348387,0.9035037426341774,1.0,1.0,0.8338676610206806,0.8673445519215157,False,crosses_nominal,robust_at_or_above_nominal,-0.0999785489167203,False
woe_scorecard_borrower_platt,Pricing-excluded application WOE scorecard,W6,w06_2012m06_m11,5,primary_oot,2,1,0.1,587,530,0.9152736809671046,False,True,72677,9641,8799,0.9126646613421844,971,0.10071569339280158,2433,2181,252,234,2199,True,0.889416759324775,0.9287768567078328,0.08201013513513514,0.1220253164556962,0.13265544807848426,0.16613233897931945,False,crosses_nominal,robust_shortfall,0.8119489679493829,False
woe_scorecard_borrower_platt,Pricing-excluded application WOE scorecard,W6,w06_2012m06_m11,5,primary_oot,3,0,0.1,5911,5321,0.1399089336143621,False,True,87156,70640,63316,0.8963193657984145,70640,1.0,2767,2471,296,2767,0,True,0.8925792263448743,0.899823555962851,1.0,1.0,0.8105007113681215,0.8422483822112075,True,robust_shortfall,robust_at_or_above_nominal,-0.1036806342015855,False
woe_scorecard_borrower_platt,Pricing-excluded application WOE scorecard,W6,w06_2012m06_m11,5,primary_oot,3,1,0.1,1006,907,0.8886870250654675,False,True,87156,13749,12291,0.8939559240672049,4292,0.3121681576841952,2767,2487,280,809,1958,True,0.8761137643452848,0.9101995565410199,0.2732539632011205,0.35039153729907957,0.15775161778879251,0.18949928863187848,False,crosses_nominal,robust_shortfall,0.5817877663830097,False
woe_scorecard_borrower_platt,Pricing-excluded application WOE scorecard,W6,w06_2012m06_m11,5,primary_oot,4,0,0.1,6788,6111,0.25233474681829793,False,True,119786,90960,78696,0.8651715039577836,90960,1.0,3790,3260,530,3790,0,True,0.860159580281998,0.8698365527488856,1.0,1.0,0.7593541816238959,0.7909939391915582,True,robust_shortfall,robust_at_or_above_nominal,-0.13482849604221636,False
woe_scorecard_borrower_platt,Pricing-excluded application WOE scorecard,W6,w06_2012m06_m11,5,primary_oot,4,1,0.1,1701,1532,0.8472811746595315,False,True,119786,25036,22387,0.8941923629972839,13396,0.535069499920115,3790,3304,486,1821,1969,True,0.8771647989969438,0.9065278757939308,0.4960562858729865,0.566593439326805,0.20900606080844172,0.24064581837610405,False,crosses_nominal,robust_shortfall,0.3591228630771689,False
woe_scorecard_borrower_platt,Pricing-excluded application WOE scorecard,W7,w07_2012m07_m12,5,primary_oot,0,0,0.1,2066,1861,0.05531864882809737,False,True,39047,35488,32139,0.9056300721370604,33503,0.9440655996393147,1233,1127,106,1176,57,True,0.9029330786087543,0.9085347535163184,0.9425516950344633,0.9458596988871918,0.9088534330422312,0.9404307629267293,False,robust_at_or_above_nominal,robust_at_or_above_nominal,-0.038435527502254284,False
woe_scorecard_borrower_platt,Pricing-excluded application WOE scorecard,W7,w07_2012m07_m12,5,primary_oot,0,1,0.1,96,88,0.9684700698263585,False,True,39047,2326,2157,0.9273430782459158,0,0.0,1233,1055,178,0,1233,True,0.8614217252396166,0.9500147885241053,0.0,0.0,0.05956923707327067,0.09114656695776885,False,crosses_nominal,robust_shortfall,0.9273430782459158,False
woe_scorecard_borrower_platt,Pricing-excluded application WOE scorecard,W7,w07_2012m07_m12,5,primary_oot,1,0,0.1,3595,3237,0.08027572119470337,False,True,58224,50151,45876,0.9147574325536879,49246,0.9819544974177983,1853,1692,161,1827,26,True,0.9118301796788043,0.9175394942422314,0.9814456822847121,0.9825887875639694,0.861345836768343,0.8931712008793624,False,robust_at_or_above_nominal,robust_at_or_above_nominal,-0.06719706486411038,False
woe_scorecard_borrower_platt,Pricing-excluded application WOE scorecard,W7,w07_2012m07_m12,5,primary_oot,1,1,0.1,294,266,0.9385087005209416,False,True,58224,6220,5546,0.8916398713826367,0,0.0,1853,1612,241,0,1853,True,0.8583810555641541,0.9139427987742594,0.0,0.0,0.10682879912063754,0.13865416323165705,False,crosses_nominal,robust_shortfall,0.8916398713826367,False
woe_scorecard_borrower_platt,Pricing-excluded application WOE scorecard,W7,w07_2012m07_m12,5,primary_oot,2,0,0.1,5038,4536,0.10516524082176941,False,True,72677,60603,54651,0.9017870402455324,60603,1.0,2433,2194,239,2433,0,True,0.8982446336412346,0.9052184021529691,1.0,1.0,0.8338676610206806,0.8673445519215157,False,crosses_nominal,robust_at_or_above_nominal,-0.0982129597544676,False
woe_scorecard_borrower_platt,Pricing-excluded application WOE scorecard,W7,w07_2012m07_m12,5,primary_oot,2,1,0.1,592,534,0.915283526274864,False,True,72677,9641,8804,0.9131832797427653,458,0.0475054454932061,2433,2181,252,127,2306,True,0.8899221671889215,0.9291997969886652,0.03833598392901984,0.05988943488943489,0.13265544807848426,0.16613233897931945,False,crosses_nominal,robust_shortfall,0.8656778342495591,False
woe_scorecard_borrower_platt,Pricing-excluded application WOE scorecard,W7,w07_2012m07_m12,5,primary_oot,3,0,0.1,6358,5724,0.13996695128816586,False,True,87156,70640,63417,0.8977491506228765,70640,1.0,2767,2476,291,2767,0,True,0.8940660642032398,0.9012117730729252,1.0,1.0,0.8105007113681215,0.8422483822112075,False,crosses_nominal,robust_at_or_above_nominal,-0.10225084937712345,False
woe_scorecard_borrower_platt,Pricing-excluded application WOE scorecard,W7,w07_2012m07_m12,5,primary_oot,3,1,0.1,1021,920,0.8886444311570887,False,True,87156,13749,12276,0.8928649356316823,3809,0.27703833006036804,2767,2480,287,713,2054,True,0.8746081504702194,0.9092365518516237,0.24103018414225147,0.31268151016456924,0.15775161778879251,0.18949928863187848,False,crosses_nominal,robust_shortfall,0.6158266055713143,False
woe_scorecard_borrower_platt,Pricing-excluded application WOE scorecard,W7,w07_2012m07_m12,5,primary_oot,4,0,0.1,7590,6832,0.25363905849462276,False,True,119786,90960,78991,0.8684146877748461,90960,1.0,3790,3271,519,3790,0,True,0.863487795013063,0.8729823518799545,1.0,1.0,0.7593541816238959,0.7909939391915582,True,robust_shortfall,robust_at_or_above_nominal,-0.1315853122251539,False
woe_scorecard_borrower_platt,Pricing-excluded application WOE scorecard,W7,w07_2012m07_m12,5,primary_oot,4,1,0.1,1761,1586,0.847467731862434,False,True,119786,25036,22439,0.89626937210417,12390,0.49488736219843427,3790,3321,469,1663,2127,True,0.8797882768084689,0.908417674648235,0.45613518388985014,0.5263493014719652,0.20900606080844172,0.24064581837610405,False,crosses_nominal,robust_shortfall,0.40138200990573575,False
woe_scorecard_borrower_platt,Pricing-excluded application WOE scorecard,W8,w08_2012m08_2013m01,5,primary_oot,0,0,0.1,2010,1810,0.0553914284942519,False,True,39047,35488,32237,0.908391568981064,33539,0.9450800270513977,1233,1131,102,1177,56,True,0.9057881427367238,0.9112209508724979,0.9435910420886788,0.9468430383199237,0.9088534330422312,0.9404307629267293,False,robust_at_or_above_nominal,robust_at_or_above_nominal,-0.036688458070333635,False
woe_scorecard_borrower_platt,Pricing-excluded application WOE scorecard,W8,w08_2012m08_2013m01,5,primary_oot,0,1,0.1,91,83,0.9684700698263585,False,True,39047,2326,2157,0.9273430782459158,0,0.0,1233,1055,178,0,1233,True,0.8614217252396166,0.9500147885241053,0.0,0.0,0.05956923707327067,0.09114656695776885,False,crosses_nominal,robust_shortfall,0.9273430782459158,False
woe_scorecard_borrower_platt,Pricing-excluded application WOE scorecard,W8,w08_2012m08_2013m01,5,primary_oot,1,0,0.1,3586,3229,0.08032457968463645,False,True,58224,50151,45993,0.9170903870311659,49039,0.9778269625730295,1853,1692,161,1818,35,True,0.9141556686277628,0.9197963080840229,0.977145020523652,0.9786026284900614,0.861345836768343,0.8931712008793624,False,robust_at_or_above_nominal,robust_at_or_above_nominal,-0.06073657554186357,False
woe_scorecard_borrower_platt,Pricing-excluded application WOE scorecard,W8,w08_2012m08_2013m01,5,primary_oot,1,1,0.1,280,253,0.9384312384074788,False,True,58224,6220,5528,0.8887459807073955,0,0.0,1853,1606,247,0,1853,True,0.8548012989021184,0.9115767952977255,0.0,0.0,0.10682879912063754,0.13865416323165705,False,crosses_nominal,robust_shortfall,0.8887459807073955,False
woe_scorecard_borrower_platt,Pricing-excluded application WOE scorecard,W8,w08_2012m08_2013m01,5,primary_oot,2,0,0.1,5199,4680,0.10524232030337329,False,True,72677,60603,54824,0.9046416844050624,60603,1.0,2433,2197,236,2433,0,True,0.9011324972468318,0.9079777070063694,1.0,1.0,0.8338676610206806,0.8673445519215157,False,robust_at_or_above_nominal,robust_at_or_above_nominal,-0.09535831559493754,False
woe_scorecard_borrower_platt,Pricing-excluded application WOE scorecard,W8,w08_2012m08_2013m01,5,primary_oot,2,1,0.1,587,530,0.915283526274864,False,True,72677,9641,8804,0.9131832797427653,117,0.012135670573591951,2433,2181,252,29,2404,True,0.8899221671889215,0.9291997969886652,0.009713574097135741,0.015098241985522233,0.13265544807848426,0.16613233897931945,False,crosses_nominal,robust_shortfall,0.9010476091691734,False
woe_scorecard_borrower_platt,Pricing-excluded application WOE scorecard,W8,w08_2012m08_2013m01,5,primary_oot,3,0,0.1,6850,6166,0.13996608204128008,False,True,87156,70640,63417,0.8977491506228765,70640,1.0,2767,2476,291,2767,0,True,0.8940660642032398,0.9012117730729252,1.0,1.0,0.8105007113681215,0.8422483822112075,False,crosses_nominal,robust_at_or_above_nominal,-0.10225084937712345,False
woe_scorecard_borrower_platt,Pricing-excluded application WOE scorecard,W8,w08_2012m08_2013m01,5,primary_oot,3,1,0.1,1036,934,0.8882455979417949,False,True,87156,13749,12124,0.8818095861517201,2955,0.21492472179794894,2767,2443,324,556,2211,True,0.8615078519150146,0.8996417984189723,0.18515037593984962,0.24543865781195387,0.15775161778879251,0.18949928863187848,True,robust_shortfall,robust_shortfall,0.6668848643537711,False
woe_scorecard_borrower_platt,Pricing-excluded application WOE scorecard,W8,w08_2012m08_2013m01,5,primary_oot,4,0,0.1,8639,7776,0.2596887164851868,False,True,119786,90960,80317,0.8829925241864556,90960,1.0,3790,3320,470,3790,0,True,0.8784534616646615,0.8871128553245651,1.0,1.0,0.7593541816238959,0.7909939391915582,True,robust_shortfall,robust_at_or_above_nominal,-0.11700747581354441,False
woe_scorecard_borrower_platt,Pricing-excluded application WOE scorecard,W8,w08_2012m08_2013m01,5,primary_oot,4,1,0.1,1851,1667,0.8475676170244449,False,True,119786,25036,22469,0.897467646588912,11190,0.4469563828087554,3790,3326,464,1487,2303,True,0.8811372549019608,0.909491573231789,0.4093053879073851,0.47796252309316445,0.20900606080844172,0.24064581837610405,False,crosses_nominal,robust_shortfall,0.4505112637801566,False
