scenario,description,effective_n,weighted_default_rate,weighted_coverage_90,weighted_coverage_95,weighted_avg_width_90,loan_weighted_miscoverage_90_proxy,coverage90_pass,coverage95_pass
baseline,Unweighted OOT 2018-2020.,276869.0,0.21977902907151034,0.9297140524941399,0.9663884364085542,0.7842303100675323,0.07243822644572728,True,True
high_pd_tail_3x,Triples the top predicted-PD quartile.,207686.33712374975,0.28056748579265234,0.9380604801620029,0.9777768798739342,0.857246880459759,0.061516582488496695,True,True
grade_efg_3x,Triples original grades E/F/G.,240908.7871719887,0.2392081876096024,0.9313009620243131,0.9686062371408096,0.8020424040297237,0.06985861572094776,True,True
late_period_3x,Triples 2019H2 and 2020 originations.,219998.65177768195,0.2002257558203603,0.9352217797778777,0.9689838903267503,0.7828606032065687,0.0674838631865813,True,True
low_pd_2020_3x,Triples 2020 or bottom predicted-PD quartile loans.,207713.62057198287,0.16822646634973745,0.9298906523236086,0.957041815251883,0.5927798705867323,0.07465406723000265,True,True
