variant,group,n,coverage_90,avg_width_90,median_width_90,coverage_95,avg_width_95,median_width_95,coverage_before,coverage_after,multiplier,adjusted
score_decile_mondrian,score_q00,64239,0.9302760005604073,0.13984719378942023,0.14508482483323829,0.9404411650243621,0.7587577113305178,0.7923481171687673,0.926962072850169,0.926962072850169,1.0,False
score_decile_mondrian,score_q01,51992,0.9314702261886444,0.955338453958273,0.9834552005160588,0.9704762271118633,0.9887953286614329,1.0,0.885002186270223,0.9231526016615653,1.05,True
score_decile_mondrian,score_q02,50888,0.9275860713724258,0.9747024432919338,1.0,0.9676741078446786,0.9955647978696205,1.0,0.9218125784727771,0.9218125784727771,1.0,False
score_decile_mondrian,score_q03,54717,0.9189831313851271,0.9869383918090624,1.0,0.9583676005628964,0.9966087977860982,1.0,0.9210555250137438,0.9210555250137438,1.0,False
score_decile_mondrian,score_q04,55033,0.9400359784129523,0.9970834775351899,1.0,0.9996002398560864,0.9995935527328685,1.0,0.9024439711996755,0.9395598823648718,1.02,True
