metric,mean,p025,p50,p975,n_draws,seed
funded_set_repriced_return_lgd45,173015.96193462642,156356.25305654886,173221.83119642577,187624.37805451473,2000,20260504
weighted_default_rate,0.036889361943039274,0.018991622938157437,0.03651860058798888,0.05751077537950631,2000,20260504
weighted_miscoverage_V,0.036889361943039274,0.018991622938157437,0.03651860058798888,0.0575107753795063,2000,20260504
n_default_loans,19.034,11.0,19.0,27.0,2000,20260504
n_miscovered_loans,19.034,11.0,19.0,27.0,2000,20260504
