learner,learner_label,window,window_id,taxonomy_groups,score_stratum,conformal_group,role,fit_rows,finite_sample_rank,beta_a,beta_b,fit_residual_quantile,fit_score_min,fit_score_max,fit_residual_below_threshold,fit_residual_equal_threshold,fit_residual_above_threshold,continuous_threshold_tie_singleton,candidate_rows,score_min,score_max,resolved_rows,unresolved_rows,resolved_misses,coverage_resolved,resolved_target_residual_equal_threshold,unresolved_equal_threshold_if_y0,unresolved_equal_threshold_if_y1,unresolved_min_equal_threshold,unresolved_max_equal_threshold,unresolved_min_misses,unresolved_max_misses,misses_min,misses_max,miss_rate_min,miss_rate_max,coverage_lower,coverage_upper,null_expected_miss_rate,null_expected_misses,joint_block_reference_exact_log_p_value,joint_block_reference_exact_p_value,joint_block_reference_exact_neg_log10_p_value,source_within_cell_bonferroni_log_p_value,source_within_cell_bonferroni_p_value,meets_locked_nominal_within_cell_threshold,candidate_rows_active_reference,resolved_rows_active_reference,unresolved_rows_active_reference,fit_rows_active_reference,coverage_resolved_active_reference,coverage_lower_active_reference,coverage_upper_active_reference,score_min_active_reference,score_max_active_reference,fit_residual_quantile_active_reference,fit_score_min_active_reference,fit_score_max_active_reference,coverage_resolved_active_difference,coverage_lower_active_difference,coverage_upper_active_difference,score_min_active_difference,score_max_active_difference,fit_residual_quantile_active_difference,fit_score_min_active_difference,fit_score_max_active_difference
catboost_platt,CatBoost,W1,w01_2012m01_m06,5,1,0,primary_oot,1829,1647,183,1647,0.049113187946657616,0.009701465766812493,0.05025870117266396,1646,1,182,True,60520,0.005424291130823528,0.05026398374733186,58445,2075,6353,0.8912995123620497,0,0,0,0,0,107,2075,6460,8428,0.10674157303370786,0.13925974884335757,0.8607402511566424,0.8932584269662921,0.1,6052.0,-1.7637231807278422,0.17140550067259505,0.7659752449949535,-0.1542852682937419,0.8570275033629752,False,60520,58445,2075,1829,0.8912995123620497,0.8607402511566424,0.8932584269662921,0.005424291130823528,0.05026398374733186,0.049113187946657616,0.009701465766812493,0.05025870117266396,0.0,0.0,0.0,0.0,0.0,0.0,0.0,0.0
catboost_platt,CatBoost,W1,w01_2012m01_m06,5,2,1,primary_oot,2437,2195,243,2195,0.07964589698302632,0.05029026008180106,0.08036503136586999,2194,1,242,True,79865,0.05026561675017613,0.080368886853859,77165,2700,9770,0.8733881941294628,0,0,0,0,0,68,2700,9838,12470,0.12318287109497277,0.15613848369122896,0.843861516308771,0.8768171289050273,0.09967186218211649,7960.293273174733,-8.758270560725816,0.00015715616574324827,3.8036685755389206,-7.148832648291715,0.0007857808287162415,True,79865,77165,2700,2437,0.8733881941294628,0.843861516308771,0.8768171289050273,0.05026561675017613,0.080368886853859,0.07964589698302632,0.05029026008180106,0.08036503136586999,0.0,0.0,0.0,0.0,0.0,0.0,0.0,0.0
catboost_platt,CatBoost,W1,w01_2012m01_m06,5,3,2,primary_oot,3249,2925,325,2925,0.8919735883395368,0.08037134402127445,0.11187745514731459,2924,1,324,True,79047,0.08036959879849867,0.11189296397180755,76495,2552,9834,0.871442577946271,0,0,0,0,0,0,2253,9834,12087,0.1244069983680595,0.15290902880564727,0.8470909711943527,0.8755930016319405,0.1,7904.700000000001,-11.570942433257727,9.436339354490407e-06,5.025196449184016,-9.961504520823627,4.7181696772452e-05,True,79047,76495,2552,3249,0.871442577946271,0.8470909711943527,0.8755930016319405,0.08036959879849867,0.11189296397180755,0.8919735883395368,0.08037134402127445,0.11187745514731459,0.0,0.0,0.0,0.0,0.0,0.0,0.0,0.0
catboost_platt,CatBoost,W1,w01_2012m01_m06,5,4,3,primary_oot,3603,3244,360,3244,0.8617614186932525,0.1118957731833843,0.15326107739536926,3243,1,359,True,80235,0.11189496292649623,0.15326092137265918,77819,2416,9900,0.8727817114072398,0,0,0,0,0,0,1638,9900,11538,0.12338754907459339,0.14380257992148066,0.8561974200785194,0.8766124509254066,0.09988901220865705,8014.594894561598,-11.85141708596283,7.12844752295318e-06,5.147005043167573,-10.24197917352873,3.564223761476587e-05,True,80235,77819,2416,3603,0.8727817114072398,0.8561974200785194,0.8766124509254066,0.11189496292649623,0.15326092137265918,0.8617614186932525,0.1118957731833843,0.15326107739536926,0.0,0.0,0.0,0.0,0.0,0.0,0.0,0.0
catboost_platt,CatBoost,W1,w01_2012m01_m06,5,5,4,primary_oot,3830,3448,383,3448,0.8095744723631617,0.1532638278468384,0.5281745670852075,3447,1,382,True,77223,0.1532636176115942,0.5544847575803251,74890,2333,8998,0.87985044732274,0,0,0,0,0,0,1236,8998,10234,0.11651968972974373,0.1325252839180037,0.8674747160819963,0.8834803102702563,0.09997389715478987,7720.284259984338,-7.282500714247039,0.0006874642606753269,3.162749874653979,-5.6730628018129385,0.0034373213033766347,True,77223,74890,2333,3830,0.87985044732274,0.8674747160819963,0.8834803102702563,0.1532636176115942,0.5544847575803251,0.8095744723631617,0.1532638278468384,0.5281745670852075,0.0,0.0,0.0,0.0,0.0,0.0,0.0,0.0
catboost_platt,CatBoost,W2,w02_2012m02_m07,5,1,0,primary_oot,1943,1750,194,1750,0.04900395264617657,0.009701465766812493,0.05025870117266396,1749,1,193,True,60520,0.005424291130823528,0.05026398374733186,58445,2075,6617,0.8867824450337924,0,0,0,0,0,116,2075,6733,8692,0.11125247851949768,0.1436219431592862,0.8563780568407138,0.8887475214805023,0.09979423868312758,6039.547325102881,-2.9565924481120804,0.0519957940091175,1.2840317854519028,-1.3471545356779802,0.2599789700455875,False,60520,58445,2075,1943,0.8867824450337924,0.8563780568407138,0.8887475214805023,0.005424291130823528,0.05026398374733186,0.04900395264617657,0.009701465766812493,0.05025870117266396,0.0,0.0,0.0,0.0,0.0,0.0,0.0,0.0
catboost_platt,CatBoost,W2,w02_2012m02_m07,5,2,1,primary_oot,2647,2384,264,2384,0.07978766496058752,0.05029026008180106,0.080358953595577,2383,1,263,True,79865,0.05026561675017613,0.080368886853859,77165,2700,9472,0.8772500485971619,0,0,0,0,0,50,2700,9522,12172,0.11922619420271709,0.15240718712827897,0.8475928128717211,0.8807738057972829,0.09969788519637462,7962.37160120846,-7.099933619636294,0.0008251596958486979,3.0834619928874236,-5.490495707202194,0.00412579847924349,True,79865,77165,2700,2647,0.8772500485971619,0.8475928128717211,0.8807738057972829,0.05026561675017613,0.080368886853859,0.07978766496058752,0.05029026008180106,0.080358953595577,0.0,0.0,0.0,0.0,0.0,0.0,0.0,0.0
catboost_platt,CatBoost,W2,w02_2012m02_m07,5,3,2,primary_oot,3621,3260,362,3260,0.8920116585417792,0.08037134402127445,0.11188898033944253,3259,1,361,True,79047,0.08036959879849867,0.11189296397180755,76495,2552,9817,0.8716648146937709,0,0,0,0,0,0,2251,9817,12068,0.12419193644287575,0.15266866547750071,0.8473313345224993,0.8758080635571243,0.09994478188845941,7900.335173937051,-12.489354269271388,3.7665380433836563e-06,5.424057641679383,-10.879916356837288,1.883269021691827e-05,True,79047,76495,2552,3621,0.8716648146937709,0.8473313345224993,0.8758080635571243,0.08036959879849867,0.11189296397180755,0.8920116585417792,0.08037134402127445,0.11188898033944253,0.0,0.0,0.0,0.0,0.0,0.0,0.0,0.0
catboost_platt,CatBoost,W2,w02_2012m02_m07,5,4,3,primary_oot,4098,3690,409,3690,0.862876020574146,0.1118957731833843,0.15326107739536926,3689,1,408,True,80235,0.11189496292649623,0.15326092137265918,77819,2416,9487,0.8780888985980287,0,0,0,0,0,0,1571,9487,11058,0.11824016950208761,0.1378201532996822,0.8621798467003178,0.8817598304979124,0.09978043425225665,8005.883142229812,-9.029668186780338,0.00011980223854412405,3.921535066936042,-7.420230274346237,0.0005990111927206203,True,80235,77819,2416,4098,0.8780888985980287,0.8621798467003178,0.8817598304979124,0.11189496292649623,0.15326092137265918,0.862876020574146,0.1118957731833843,0.15326107739536926,0.0,0.0,0.0,0.0,0.0,0.0,0.0,0.0
catboost_platt,CatBoost,W2,w02_2012m02_m07,5,5,4,primary_oot,4365,3930,436,3930,0.8111630187017316,0.1532638278468384,0.4831174891615209,3929,1,435,True,77223,0.1532636176115942,0.5544847575803251,74890,2333,8689,0.883976498865002,0,0,0,0,0,0,1207,8689,9896,0.11251829118267874,0.1281483495849682,0.8718516504150318,0.8874817088173212,0.09986257443884562,7711.687585890975,-5.465518326889604,0.00423014787930013,2.373644450109248,-3.856080414455503,0.021150739396500653,True,77223,74890,2333,4365,0.883976498865002,0.8718516504150318,0.8874817088173212,0.1532636176115942,0.5544847575803251,0.8111630187017316,0.1532638278468384,0.4831174891615209,0.0,0.0,0.0,0.0,0.0,0.0,0.0,0.0
catboost_platt,CatBoost,W3,w03_2012m03_m08,5,1,0,primary_oot,2182,1965,218,1965,0.048815440069822844,0.009701465766812493,0.05025870117266396,1964,1,217,True,60520,0.005424291130823528,0.05026398374733186,58445,2075,7022,0.8798528531097614,0,0,0,0,0,132,2075,7154,9097,0.1182088565763384,0.1503139458030403,0.8496860541969598,0.8817911434236616,0.09986257443884562,6043.683005038937,-5.636502568909602,0.003565316073386099,2.4479019629109433,-4.027064656475502,0.017826580366930498,True,60520,58445,2075,2182,0.8798528531097614,0.8496860541969598,0.8817911434236616,0.005424291130823528,0.05026398374733186,0.048815440069822844,0.009701465766812493,0.05025870117266396,0.0,0.0,0.0,0.0,0.0,0.0,0.0,0.0
catboost_platt,CatBoost,W3,w03_2012m03_m08,5,2,1,primary_oot,2931,2639,293,2639,0.07970959229097281,0.05029026008180106,0.080358953595577,2638,1,292,True,79865,0.05026561675017613,0.080368886853859,77165,2700,9640,0.8750728957428886,0,0,0,0,0,60,2700,9700,12340,0.12145495523696237,0.15451073686846553,0.8454892631315345,0.8785450447630376,0.09993178717598909,7981.052182810369,-8.81999012258267,0.00014774981961145496,3.830473040678839,-7.2105522101485695,0.0007387490980572749,True,79865,77165,2700,2931,0.8750728957428886,0.8454892631315345,0.8785450447630376,0.05026561675017613,0.080368886853859,0.07970959229097281,0.05029026008180106,0.080358953595577,0.0,0.0,0.0,0.0,0.0,0.0,0.0,0.0
catboost_platt,CatBoost,W3,w03_2012m03_m08,5,3,2,primary_oot,4018,3618,401,3618,0.8916085888119072,0.08037134402127445,0.11188898033944253,3617,1,400,True,79047,0.08036959879849867,0.11189296397180755,76495,2552,9969,0.8696777567161252,0,0,0,0,0,0,2276,9969,12245,0.12611484306804813,0.15490783963970803,0.845092160360292,0.8738851569319519,0.09977606369743718,7886.998507091316,-15.525065200846285,1.8094636042465647e-07,6.742450147915741,-13.915627288412185,9.047318021232817e-07,True,79047,76495,2552,4018,0.8696777567161252,0.845092160360292,0.8738851569319519,0.08036959879849867,0.11189296397180755,0.8916085888119072,0.08037134402127445,0.11188898033944253,0.0,0.0,0.0,0.0,0.0,0.0,0.0,0.0
catboost_platt,CatBoost,W3,w03_2012m03_m08,5,4,3,primary_oot,4806,4327,480,4327,0.863313952320159,0.1118957731833843,0.15326107739536926,4326,1,479,True,80235,0.11189496292649623,0.15326092137265918,77819,2416,9343,0.8799393464321053,0,0,0,0,0,0,1550,9343,10893,0.11644544151554807,0.13576369414843897,0.864236305851561,0.883554558484452,0.0998543790305804,8011.816101518619,-8.65225065895146,0.00017473314056616184,3.757624717226393,-7.042812746517359,0.0008736657028308093,True,80235,77819,2416,4806,0.8799393464321053,0.864236305851561,0.883554558484452,0.11189496292649623,0.15326092137265918,0.863313952320159,0.1118957731833843,0.15326107739536926,0.0,0.0,0.0,0.0,0.0,0.0,0.0,0.0
catboost_platt,CatBoost,W3,w03_2012m03_m08,5,5,4,primary_oot,5112,4602,511,4602,0.8115631424920364,0.1532638278468384,0.4831174891615209,4601,1,510,True,77223,0.1532636176115942,0.5544847575803251,74890,2333,8630,0.8847643210041394,0,0,0,0,0,0,1198,8630,9828,0.11175427010087668,0.12726778291441668,0.8727322170855834,0.8882457298991233,0.09994132603168394,7717.769020144729,-5.520577187940223,0.004003536482105463,2.3975562096434095,-3.9111392755061223,0.020017682410527315,True,77223,74890,2333,5112,0.8847643210041394,0.8727322170855834,0.8882457298991233,0.1532636176115942,0.5544847575803251,0.8115631424920364,0.1532638278468384,0.4831174891615209,0.0,0.0,0.0,0.0,0.0,0.0,0.0,0.0
catboost_platt,CatBoost,W4,w04_2012m04_m09,5,1,0,primary_oot,2320,2089,232,2089,0.04853565085847877,0.009701465766812493,0.05025870117266396,2088,1,231,True,60520,0.005424291130823528,0.05026398374733186,58445,2075,7631,0.8694328000684404,0,0,0,0,0,154,2075,7785,9706,0.1286351619299405,0.16037673496364838,0.8396232650363517,0.8713648380700595,0.0999569151227919,6049.3925032313655,-11.287455250200416,1.2529117152967757e-05,4.902079529891929,-9.678017337766317,6.264558576483874e-05,True,60520,58445,2075,2320,0.8694328000684404,0.8396232650363517,0.8713648380700595,0.005424291130823528,0.05026398374733186,0.04853565085847877,0.009701465766812493,0.05025870117266396,0.0,0.0,0.0,0.0,0.0,0.0,0.0,0.0
catboost_platt,CatBoost,W4,w04_2012m04_m09,5,2,1,primary_oot,3199,2880,320,2880,0.07978766496058752,0.050276812744011044,0.080358953595577,2879,1,319,True,79865,0.05026561675017613,0.080368886853859,77165,2700,9472,0.8772500485971619,0,0,0,0,0,50,2700,9522,12172,0.11922619420271709,0.15240718712827897,0.8475928128717211,0.8807738057972829,0.1,7986.5,-7.961661038167782,0.0003485736422038176,3.4577054556603826,-6.352223125733682,0.0017428682110190881,True,79865,77165,2700,3199,0.8772500485971619,0.8475928128717211,0.8807738057972829,0.05026561675017613,0.080368886853859,0.07978766496058752,0.050276812744011044,0.080358953595577,0.0,0.0,0.0,0.0,0.0,0.0,0.0,0.0
catboost_platt,CatBoost,W4,w04_2012m04_m09,5,3,2,primary_oot,4511,4061,451,4061,0.890281077239412,0.08037134402127445,0.11188898033944253,4060,1,450,True,79047,0.08036959879849867,0.11189296397180755,76495,2552,10485,0.8629322177920126,0,0,0,0,0,0,2382,10485,12867,0.13264260503244904,0.16277657596113704,0.837223424038863,0.8673573949675509,0.09995567375886524,7901.196143617021,-24.38836444354683,2.5601646667899752e-11,10.591732100477858,-22.77892653111273,1.2800823333949867e-10,True,79047,76495,2552,4511,0.8629322177920126,0.837223424038863,0.8673573949675509,0.08036959879849867,0.11189296397180755,0.890281077239412,0.08037134402127445,0.11188898033944253,0.0,0.0,0.0,0.0,0.0,0.0,0.0,0.0
catboost_platt,CatBoost,W4,w04_2012m04_m09,5,4,3,primary_oot,5643,5080,564,5080,0.8624583885207028,0.11189434820589264,0.15326107739536926,5079,1,563,True,80235,0.11189496292649623,0.15326092137265918,77819,2416,9648,0.8760199951168738,0,0,0,0,0,0,1590,9648,11238,0.12024677509814918,0.1400635632828566,0.8599364367171434,0.8797532249018508,0.09992912827781715,8017.813607370659,-13.422453097264615,1.4815035151120731e-06,5.829297313747233,-11.813015184830515,7.40751757556036e-06,True,80235,77819,2416,5643,0.8760199951168738,0.8599364367171434,0.8797532249018508,0.11189496292649623,0.15326092137265918,0.8624583885207028,0.11189434820589264,0.15326107739536926,0.0,0.0,0.0,0.0,0.0,0.0,0.0,0.0
catboost_platt,CatBoost,W4,w04_2012m04_m09,5,5,4,primary_oot,6094,5486,609,5486,0.8127065501276763,0.1532638278468384,0.4831174891615209,5485,1,608,True,77223,0.1532636176115942,0.5544847575803251,74890,2333,8412,0.887675257043664,0,0,0,0,0,0,1170,8412,9582,0.1089312769511674,0.12408220348859796,0.875917796511402,0.8910687230488326,0.09991796554552912,7715.965053322395,-4.309933966714541,0.013434436684948823,1.8717805391115185,-2.700496054280441,0.06717218342474413,False,77223,74890,2333,6094,0.887675257043664,0.875917796511402,0.8910687230488326,0.1532636176115942,0.5544847575803251,0.8127065501276763,0.1532638278468384,0.4831174891615209,0.0,0.0,0.0,0.0,0.0,0.0,0.0,0.0
catboost_platt,CatBoost,W5,w05_2012m05_m10,5,1,0,primary_oot,2456,2212,245,2212,0.048438468365525386,0.009371217051990668,0.05025870117266396,2211,1,244,True,60520,0.005424291130823528,0.05026398374733186,58445,2075,7840,0.8658567884335701,0,0,0,0,0,163,2075,8003,9915,0.13223727693324522,0.16383013879709188,0.8361698612029081,0.8677627230667548,0.09971509971509972,6034.757834757835,-14.40234174950311,5.560866277629842e-07,6.2548575482940265,-12.79290383706901,2.780433138814919e-06,True,60520,58445,2075,2456,0.8658567884335701,0.8361698612029081,0.8677627230667548,0.005424291130823528,0.05026398374733186,0.048438468365525386,0.009371217051990668,0.05025870117266396,0.0,0.0,0.0,0.0,0.0,0.0,0.0,0.0
catboost_platt,CatBoost,W5,w05_2012m05_m10,5,2,1,primary_oot,3483,3136,348,3136,0.07978673631620159,0.050276812744011044,0.080358953595577,3135,1,347,True,79865,0.05026561675017613,0.080368886853859,77165,2700,9474,0.8772241301108015,0,0,0,0,0,50,2700,9524,12174,0.11925123646152883,0.15243222938709072,0.8475677706129092,0.8807487635384712,0.09988518943742825,7977.330654420207,-8.581037244608307,0.0001876302579645369,3.726697124339672,-6.971599332174207,0.0009381512898226845,True,79865,77165,2700,3483,0.8772241301108015,0.8475677706129092,0.8807487635384712,0.05026561675017613,0.080368886853859,0.07978673631620159,0.050276812744011044,0.080358953595577,0.0,0.0,0.0,0.0,0.0,0.0,0.0,0.0
catboost_platt,CatBoost,W5,w05_2012m05_m10,5,3,2,primary_oot,5001,4502,500,4502,0.8894148014498154,0.08037134402127445,0.11188898033944253,4501,1,499,True,79047,0.08036959879849867,0.11189296397180755,76495,2552,10822,0.8585267010915746,0,0,0,0,0,0,2451,10822,13273,0.1369058914316799,0.1679127607625843,0.8320872392374157,0.8630941085683201,0.09996001599360256,7901.539384246302,-32.77553805499364,5.831290552423462e-15,14.234235318693775,-31.16610014255954,2.915645276211729e-14,True,79047,76495,2552,5001,0.8585267010915746,0.8320872392374157,0.8630941085683201,0.08036959879849867,0.11189296397180755,0.8894148014498154,0.08037134402127445,0.11188898033944253,0.0,0.0,0.0,0.0,0.0,0.0,0.0,0.0
catboost_platt,CatBoost,W5,w05_2012m05_m10,5,4,3,primary_oot,6360,5725,636,5725,0.8616959042825142,0.11189434820589264,0.1532592704631575,5724,1,635,True,80235,0.11189496292649623,0.15326092137265918,77819,2416,9917,0.8725632557601614,0,0,0,0,0,0,1645,9917,11562,0.12359942668411542,0.14410170125257057,0.8558982987474294,0.8764005733158846,0.09998427920138343,8022.238641723,-18.901579259005377,6.18227655320237e-09,8.20885157144299,-17.292141346571277,3.091138276601183e-08,True,80235,77819,2416,6360,0.8725632557601614,0.8558982987474294,0.8764005733158846,0.11189496292649623,0.15326092137265918,0.8616959042825142,0.11189434820589264,0.1532592704631575,0.0,0.0,0.0,0.0,0.0,0.0,0.0,0.0
catboost_platt,CatBoost,W5,w05_2012m05_m10,5,5,4,primary_oot,6970,6274,697,6274,0.8124732989633325,0.1532638278468384,0.4831174891615209,6273,1,696,True,77223,0.1532636176115942,0.5544847575803251,74890,2333,8456,0.8870877286687141,0,0,0,0,0,0,1179,8456,9635,0.10950105538505367,0.1247685275112337,0.8752314724887663,0.8904989446149463,0.0999856548558313,7721.19222493186,-5.026158118093251,0.006563980227036857,2.1828327358611315,-3.416720205659151,0.032819901135184286,True,77223,74890,2333,6970,0.8870877286687141,0.8752314724887663,0.8904989446149463,0.1532636176115942,0.5544847575803251,0.8124732989633325,0.1532638278468384,0.4831174891615209,0.0,0.0,0.0,0.0,0.0,0.0,0.0,0.0
catboost_platt,CatBoost,W6,w06_2012m06_m11,5,1,0,primary_oot,2551,2297,255,2297,0.04846688140870716,0.009275781579087032,0.0502440148351461,2296,1,254,True,60520,0.005424291130823528,0.05026398374733186,58445,2075,7787,0.8667636239199247,0,0,0,0,0,160,2075,7947,9862,0.13131196298744216,0.16295439524124256,0.8370456047587574,0.8686880370125578,0.09992163009404388,6047.257053291536,-14.028785049100211,8.07934335963001e-07,6.092623934631061,-12.419347136666111,4.039671679815002e-06,True,60520,58445,2075,2551,0.8667636239199247,0.8370456047587574,0.8686880370125578,0.005424291130823528,0.05026398374733186,0.04846688140870716,0.009275781579087032,0.0502440148351461,0.0,0.0,0.0,0.0,0.0,0.0,0.0,0.0
catboost_platt,CatBoost,W6,w06_2012m06_m11,5,2,1,primary_oot,3783,3406,378,3406,0.07984407970071351,0.050276812744011044,0.08036276767781429,3405,1,377,True,79865,0.05026561675017613,0.080368886853859,77165,2700,9342,0.8789347502105878,0,0,0,0,0,44,2700,9386,12042,0.11752332060351844,0.15077944030551554,0.8492205596944844,0.8824766793964816,0.09989429175475686,7978.057610993657,-7.9339245413884445,0.0003583771833605724,3.445659648161789,-6.324486628954344,0.0017918859168028621,True,79865,77165,2700,3783,0.8789347502105878,0.8492205596944844,0.8824766793964816,0.05026561675017613,0.080368886853859,0.07984407970071351,0.050276812744011044,0.08036276767781429,0.0,0.0,0.0,0.0,0.0,0.0,0.0,0.0
catboost_platt,CatBoost,W6,w06_2012m06_m11,5,3,2,primary_oot,5502,4953,550,4953,0.8892521057704302,0.08037134402127445,0.11188898033944253,4952,1,549,True,79047,0.08036959879849867,0.11189296397180755,76495,2552,10880,0.8577684816001045,0,0,0,0,0,0,2464,10880,13344,0.1376396321176009,0.16881096056776349,0.8311890394322365,0.8623603678823991,0.09994548428130111,7900.390695984009,-36.860362237277386,9.811786269740981e-17,16.008251920604568,-35.25092432484328,4.9058931348705045e-16,True,79047,76495,2552,5502,0.8577684816001045,0.8311890394322365,0.8623603678823991,0.08036959879849867,0.11189296397180755,0.8892521057704302,0.08037134402127445,0.11188898033944253,0.0,0.0,0.0,0.0,0.0,0.0,0.0,0.0
catboost_platt,CatBoost,W6,w06_2012m06_m11,5,4,3,primary_oot,7126,6415,712,6415,0.8612148729915213,0.11189434820589264,0.15326086877975426,6414,1,711,True,80235,0.11189496292649623,0.15326092137265918,77819,2416,10100,0.8702116449710224,0,0,0,0,0,0,1669,10100,11769,0.12588022683367608,0.14668162273322116,0.8533183772667788,0.8741197731663239,0.0999017819559422,8015.619475235022,-24.386812503656706,2.5641409731578028e-11,10.591058101547333,-22.777374591222607,1.2820704865789005e-10,True,80235,77819,2416,7126,0.8702116449710224,0.8533183772667788,0.8741197731663239,0.11189496292649623,0.15326092137265918,0.8612148729915213,0.11189434820589264,0.15326086877975426,0.0,0.0,0.0,0.0,0.0,0.0,0.0,0.0
catboost_platt,CatBoost,W6,w06_2012m06_m11,5,5,4,primary_oot,7723,6952,772,6952,0.8119678361988626,0.15326999047696915,0.4831174891615209,6951,1,771,True,77223,0.1532636176115942,0.5544847575803251,74890,2333,8546,0.8858859660835893,0,0,0,0,0,0,1187,8546,9733,0.11066651127254834,0.12603757947761676,0.8739624205223833,0.8893334887274517,0.09994821336095287,7718.3008803728635,-6.339219242348425,0.001765680267189305,2.7530879365268337,-4.729781329914324,0.008828401335946525,True,77223,74890,2333,7723,0.8858859660835893,0.8739624205223833,0.8893334887274517,0.1532636176115942,0.5544847575803251,0.8119678361988626,0.15326999047696915,0.4831174891615209,0.0,0.0,0.0,0.0,0.0,0.0,0.0,0.0
catboost_platt,CatBoost,W7,w07_2012m07_m12,5,1,0,primary_oot,2733,2461,273,2461,0.04848050129381764,0.009275781579087032,0.0502440148351461,2460,1,272,True,60520,0.005424291130823528,0.05026398374733186,58445,2075,7750,0.8673966977500214,0,0,0,0,0,158,2075,7908,9825,0.1306675479180436,0.16234302709847984,0.8376569729015202,0.8693324520819564,0.09985369422092173,6043.145574250183,-14.41621947412803,5.48422712527732e-07,6.2608845675200016,-12.80678156169393,2.742113562638658e-06,True,60520,58445,2075,2733,0.8673966977500214,0.8376569729015202,0.8693324520819564,0.005424291130823528,0.05026398374733186,0.04848050129381764,0.009275781579087032,0.0502440148351461,0.0,0.0,0.0,0.0,0.0,0.0,0.0,0.0
catboost_platt,CatBoost,W7,w07_2012m07_m12,5,2,1,primary_oot,4268,3843,426,3843,0.07973976715411543,0.050276812744011044,0.08036276767781429,3842,1,425,True,79865,0.05026561675017613,0.080368886853859,77165,2700,9569,0.8759930020086827,0,0,0,0,0,57,2700,9626,12269,0.12052839166092781,0.1536217366806486,0.8463782633193514,0.8794716083390722,0.09978917779339423,7969.66268446943,-11.141527764508524,1.4497595287847157e-05,4.838704028097925,-9.532089852074424,7.248797643923573e-05,True,79865,77165,2700,4268,0.8759930020086827,0.8463782633193514,0.8794716083390722,0.05026561675017613,0.080368886853859,0.07973976715411543,0.050276812744011044,0.08036276767781429,0.0,0.0,0.0,0.0,0.0,0.0,0.0,0.0
catboost_platt,CatBoost,W7,w07_2012m07_m12,5,3,2,primary_oot,5929,5337,593,5337,0.8884345991499274,0.08038328560604849,0.11188898033944253,5336,1,592,True,79047,0.08036959879849867,0.11189296397180755,76495,2552,11195,0.8536505653964311,0,0,0,0,0,0,2521,11195,13716,0.14162460308424102,0.1735170215188432,0.8264829784811568,0.858375396915759,0.1,7904.700000000001,-46.64029115797803,5.551098271271486e-21,20.25562108427088,-45.03085324554392,2.775549135635751e-20,True,79047,76495,2552,5929,0.8536505653964311,0.8264829784811568,0.858375396915759,0.08036959879849867,0.11189296397180755,0.8884345991499274,0.08038328560604849,0.11188898033944253,0.0,0.0,0.0,0.0,0.0,0.0,0.0,0.0
catboost_platt,CatBoost,W7,w07_2012m07_m12,5,4,3,primary_oot,7430,6688,743,6688,0.8604327334944422,0.11189434820589264,0.15326086877975426,6687,1,742,True,80235,0.11189496292649623,0.15326092137265918,77819,2416,10357,0.8669091096004832,0,0,0,0,0,0,1726,10357,12083,0.12908331775409734,0.150595126814981,0.849404873185019,0.8709166822459027,0.09998654286098775,8022.420266451352,-30.632426549877458,4.971714507955429e-14,13.303493817918445,-29.02298863744336,2.485857253977713e-13,True,80235,77819,2416,7430,0.8669091096004832,0.849404873185019,0.8709166822459027,0.11189496292649623,0.15326092137265918,0.8604327334944422,0.11189434820589264,0.15326086877975426,0.0,0.0,0.0,0.0,0.0,0.0,0.0,0.0
catboost_platt,CatBoost,W7,w07_2012m07_m12,5,5,4,primary_oot,8051,7247,805,7247,0.8109305281057975,0.15326999047696915,0.49345656902413654,7246,1,804,True,77223,0.1532636176115942,0.5544847575803251,74890,2333,8744,0.8832420883963146,0,0,0,0,0,0,1209,8744,9953,0.11323051422503658,0.12888647164704817,0.8711135283529519,0.8867694857749634,0.09997516145057128,7720.381892697466,-8.94019435973981,0.00013101557355368895,3.8826770775775743,-7.330756447305709,0.0006550778677684449,True,77223,74890,2333,8051,0.8832420883963146,0.8711135283529519,0.8867694857749634,0.1532636176115942,0.5544847575803251,0.8109305281057975,0.15326999047696915,0.49345656902413654,0.0,0.0,0.0,0.0,0.0,0.0,0.0,0.0
catboost_platt,CatBoost,W8,w08_2012m08_2013m01,5,1,0,primary_oot,2847,2564,284,2564,0.04865841409254095,0.009275781579087032,0.05024758432419906,2563,1,283,True,60520,0.005424291130823528,0.05026398374733186,58445,2075,7361,0.8740525280177945,0,0,0,0,0,145,2075,7506,9436,0.12402511566424322,0.1559153998678123,0.8440846001321877,0.8759748843357568,0.0997191011235955,6035.0,-10.293597641924931,3.3849117091168495e-05,4.470452654820322,-8.684159729490831,0.00016924558545584233,True,60520,58445,2075,2847,0.8740525280177945,0.8440846001321877,0.8759748843357568,0.005424291130823528,0.05026398374733186,0.04865841409254095,0.009275781579087032,0.05024758432419906,0.0,0.0,0.0,0.0,0.0,0.0,0.0,0.0
catboost_platt,CatBoost,W8,w08_2012m08_2013m01,5,2,1,primary_oot,4572,4116,457,4116,0.07964354119226134,0.050276812744011044,0.08036276767781429,4115,1,456,True,79865,0.05026561675017613,0.080368886853859,77165,2700,9771,0.8733752348862827,0,0,0,0,0,68,2700,9839,12471,0.12319539222437864,0.15615100482063482,0.8438489951793652,0.8768046077756213,0.0999343975508419,7981.2606603979875,-14.102576355898053,7.504623483406186e-07,6.124671091985793,-12.493138443463954,3.75231174170309e-06,True,79865,77165,2700,4572,0.8733752348862827,0.8438489951793652,0.8768046077756213,0.05026561675017613,0.080368886853859,0.07964354119226134,0.050276812744011044,0.08036276767781429,0.0,0.0,0.0,0.0,0.0,0.0,0.0,0.0
catboost_platt,CatBoost,W8,w08_2012m08_2013m01,5,3,2,primary_oot,6238,5616,623,5616,0.1118010883671265,0.08037270083776406,0.11188325252114233,5615,1,622,True,79047,0.08036959879849867,0.11189296397180755,76495,2552,11476,0.8499771226877574,0,0,0,0,0,9,2552,11485,14028,0.1452933065138462,0.17746404038103913,0.8225359596189609,0.8547066934861538,0.09985574611315916,7893.297163006892,-56.789493058235394,2.170883584808606e-25,24.663363465274653,-55.18005514580129,1.0854417924043062e-24,True,79047,76495,2552,6238,0.8499771226877574,0.8225359596189609,0.8547066934861538,0.08036959879849867,0.11189296397180755,0.1118010883671265,0.08037270083776406,0.11188325252114233,0.0,0.0,0.0,0.0,0.0,0.0,0.0,0.0
catboost_platt,CatBoost,W8,w08_2012m08_2013m01,5,4,3,primary_oot,7820,7039,782,7039,0.8592335766105592,0.11189434820589264,0.15326086877975426,7038,1,781,True,80235,0.11189496292649623,0.15326092137265918,77819,2416,10741,0.8619745820429459,0,0,0,0,0,0,1793,10741,12534,0.1338692590515361,0.15621611516171247,0.8437838848382875,0.8661307409484639,0.09998721391126454,8022.4741081703105,-41.61743018166255,8.429071176537957e-19,18.07422027888989,-40.007992269228446,4.214535588268991e-18,True,80235,77819,2416,7820,0.8619745820429459,0.8437838848382875,0.8661307409484639,0.11189496292649623,0.15326092137265918,0.8592335766105592,0.11189434820589264,0.15326086877975426,0.0,0.0,0.0,0.0,0.0,0.0,0.0,0.0
catboost_platt,CatBoost,W8,w08_2012m08_2013m01,5,5,4,primary_oot,8652,7788,865,7788,0.8061960123826506,0.15326999047696915,0.49345656902413654,7787,1,864,True,77223,0.1532636176115942,0.5544847575803251,74890,2333,9589,0.8719588730137535,0,0,0,0,0,0,1308,9589,10897,0.12417285005762532,0.14111080895588102,0.858889191044119,0.8758271499423746,0.09996532994337225,7719.622674217035,-25.29028695569092,1.038886085221625e-11,10.983432070606355,-23.68084904325682,5.1944304261081214e-11,True,77223,74890,2333,8652,0.8719588730137535,0.858889191044119,0.8758271499423746,0.1532636176115942,0.5544847575803251,0.8061960123826506,0.15326999047696915,0.49345656902413654,0.0,0.0,0.0,0.0,0.0,0.0,0.0,0.0
numeric_logistic_platt,Numeric logistic,W1,w01_2012m01_m06,5,1,0,primary_oot,1626,1465,162,1465,0.05584550688919372,0.002386024381188275,0.05684754976177157,1464,1,161,True,48646,1.9895529665330944e-46,0.05685572872722188,47005,1641,5387,0.8853951707265184,0,0,0,0,0,73,1641,5460,7028,0.1122394441475147,0.14447231015910866,0.8555276898408913,0.8877605558524853,0.09956976029502151,4843.670559311617,-2.9885772929277694,0.05035903193289189,1.2979226270598883,-1.3791393804936691,0.2517951596644594,False,48646,47005,1641,1626,0.8853951707265184,0.8555276898408913,0.8877605558524853,1.9895529665330944e-46,0.05685572872722188,0.05584550688919372,0.002386024381188275,0.05684754976177157,0.0,0.0,0.0,0.0,0.0,0.0,0.0,0.0
numeric_logistic_platt,Numeric logistic,W1,w01_2012m01_m06,5,2,1,primary_oot,2452,2208,245,2208,0.08100870846928154,0.056858998619135376,0.08138231786066119,2207,1,244,True,55311,0.0568571700886653,0.08138658096214542,53433,1878,5495,0.8971609305111073,0,0,0,0,0,26,1878,5521,7373,0.09981739617797544,0.133300790077923,0.8666992099220769,0.9001826038220245,0.09987770077456176,5524.335507541786,-0.6985556806046693,0.49730304977956574,0.3033788773887783,0.0,1.0,False,55311,53433,1878,2452,0.8971609305111073,0.8666992099220769,0.9001826038220245,0.0568571700886653,0.08138658096214542,0.08100870846928154,0.056858998619135376,0.08138231786066119,0.0,0.0,0.0,0.0,0.0,0.0,0.0,0.0
numeric_logistic_platt,Numeric logistic,W1,w01_2012m01_m06,5,3,2,primary_oot,2724,2453,272,2453,0.8954712290162469,0.08138913894586101,0.10792533970701666,2452,1,271,True,70157,0.08138695513763687,0.10796436707493234,67884,2273,6984,0.8971186141064168,0,0,0,0,0,0,1976,6984,8960,0.09954815627806206,0.12771355673703266,0.8722864432629673,0.900451843721938,0.09981651376146788,7002.827155963302,-0.6694613604715371,0.5119842784985768,0.2907433747002323,0.0,1.0,False,70157,67884,2273,2724,0.8971186141064168,0.8722864432629673,0.900451843721938,0.08138695513763687,0.10796436707493234,0.8954712290162469,0.08138913894586101,0.10792533970701666,0.0,0.0,0.0,0.0,0.0,0.0,0.0,0.0
numeric_logistic_platt,Numeric logistic,W1,w01_2012m01_m06,5,4,3,primary_oot,3497,3149,349,3149,0.8649328079682392,0.10797108847849324,0.147384130448722,3148,1,348,True,87008,0.10796497711019284,0.14739896553634993,84316,2692,9483,0.8875302433701788,0,0,0,0,0,0,1986,9483,11469,0.10898997793306363,0.13181546524457521,0.8681845347554248,0.8910100220669364,0.09977129788450544,8680.901086335049,-3.2220257866561974,0.03987419976546452,1.3993080196947705,-1.6125878742220972,0.19937099882732257,False,87008,84316,2692,3497,0.8875302433701788,0.8681845347554248,0.8910100220669364,0.10796497711019284,0.14739896553634993,0.8649328079682392,0.10797108847849324,0.147384130448722,0.0,0.0,0.0,0.0,0.0,0.0,0.0,0.0
numeric_logistic_platt,Numeric logistic,W1,w01_2012m01_m06,5,5,4,primary_oot,4649,4185,465,4185,0.8080294405623234,0.1474080565028807,0.4387428023626731,4184,1,464,True,115768,0.1474005344741203,1.0,112176,3592,11665,0.8960116245899301,0,0,0,0,0,0,1815,11665,13480,0.10076186856471564,0.116439776103932,0.883560223896068,0.8992381314352844,0.1,11576.800000000001,-0.8486505434641431,0.42799209916561753,0.3685642480906731,0.0,1.0,False,115768,112176,3592,4649,0.8960116245899301,0.883560223896068,0.8992381314352844,0.1474005344741203,1.0,0.8080294405623234,0.1474080565028807,0.4387428023626731,0.0,0.0,0.0,0.0,0.0,0.0,0.0,0.0
numeric_logistic_platt,Numeric logistic,W2,w02_2012m02_m07,5,1,0,primary_oot,1712,1542,171,1542,0.055803534960441346,0.002386024381188275,0.05684754976177157,1541,1,170,True,48646,1.9895529665330944e-46,0.05685572872722188,47005,1641,5446,0.8841399851079672,0,0,0,0,0,76,1641,5522,7087,0.11351395798215681,0.14568515396949389,0.8543148460305061,0.8864860420178432,0.09982486865148861,4856.080560420315,-3.3454335703595524,0.03524493068713646,1.4529033391810475,-1.735995657925452,0.17622465343568228,False,48646,47005,1641,1712,0.8841399851079672,0.8543148460305061,0.8864860420178432,1.9895529665330944e-46,0.05685572872722188,0.055803534960441346,0.002386024381188275,0.05684754976177157,0.0,0.0,0.0,0.0,0.0,0.0,0.0,0.0
numeric_logistic_platt,Numeric logistic,W2,w02_2012m02_m07,5,2,1,primary_oot,2585,2328,258,2328,0.08097450208272683,0.056858998619135376,0.08138082497401994,2327,1,257,True,55311,0.0568571700886653,0.08138658096214542,53433,1878,5575,0.8956637284075384,0,0,0,0,0,30,1878,5605,7453,0.10133608143045687,0.1347471569850482,0.8652528430149518,0.8986639185695431,0.09976798143851508,5518.266821345707,-0.9372504784281439,0.39170335292021097,0.40704271094252564,0.0,1.0,False,55311,53433,1878,2585,0.8956637284075384,0.8652528430149518,0.8986639185695431,0.0568571700886653,0.08138658096214542,0.08097450208272683,0.056858998619135376,0.08138082497401994,0.0,0.0,0.0,0.0,0.0,0.0,0.0,0.0
numeric_logistic_platt,Numeric logistic,W2,w02_2012m02_m07,5,3,2,primary_oot,2960,2665,296,2665,0.89610165568957,0.08138913894586101,0.10796321030280487,2664,1,295,True,70157,0.08138695513763687,0.10796436707493234,67884,2273,6791,0.8999616993695128,0,0,0,0,0,0,1931,6791,8722,0.0967971834599541,0.12432116538620523,0.8756788346137948,0.9032028165400459,0.0999662276258021,7013.330631543397,-0.34254017425597016,0.7099645965131823,0.14876330750954614,0.0,1.0,False,70157,67884,2273,2960,0.8999616993695128,0.8756788346137948,0.9032028165400459,0.08138695513763687,0.10796436707493234,0.89610165568957,0.08138913894586101,0.10796321030280487,0.0,0.0,0.0,0.0,0.0,0.0,0.0,0.0
numeric_logistic_platt,Numeric logistic,W2,w02_2012m02_m07,5,4,3,primary_oot,3925,3534,392,3534,0.8647243677720748,0.10797108847849324,0.14738901983575323,3533,1,391,True,87008,0.10796497711019284,0.14739896553634993,84316,2692,9556,0.886664452772902,0,0,0,0,0,0,1998,9556,11554,0.10982898124310408,0.13279238690695108,0.867207613093049,0.8901710187568959,0.09984717269485481,8687.502801833927,-3.7777512919174114,0.02287407074265959,1.6406565400826123,-2.168313379483311,0.11437035371329796,False,87008,84316,2692,3925,0.886664452772902,0.867207613093049,0.8901710187568959,0.10796497711019284,0.14739896553634993,0.8647243677720748,0.10797108847849324,0.14738901983575323,0.0,0.0,0.0,0.0,0.0,0.0,0.0,0.0
numeric_logistic_platt,Numeric logistic,W2,w02_2012m02_m07,5,5,4,primary_oot,5492,4944,549,4944,0.8063208460322784,0.1474080565028807,0.4387428023626731,4943,1,548,True,115768,0.1474005344741203,1.0,112176,3592,11995,0.8930698188560833,0,0,0,0,0,0,1864,11995,13859,0.10361239720820953,0.1197135650611568,0.8802864349388432,0.8963876027917905,0.09994538503549973,11570.477334789732,-1.67390030254038,0.18751427511174976,0.7269656646494708,-0.06446239010627974,0.9375713755587487,False,115768,112176,3592,5492,0.8930698188560833,0.8802864349388432,0.8963876027917905,0.1474005344741203,1.0,0.8063208460322784,0.1474080565028807,0.4387428023626731,0.0,0.0,0.0,0.0,0.0,0.0,0.0,0.0
numeric_logistic_platt,Numeric logistic,W3,w03_2012m03_m08,5,1,0,primary_oot,1945,1752,194,1752,0.055762309681025385,0.002386024381188275,0.05684754976177157,1751,1,193,True,48646,1.9895529665330944e-46,0.05685572872722188,47005,1641,5504,0.8829060738219339,0,0,0,0,0,80,1641,5584,7145,0.11478847181679891,0.14687744110512682,0.8531225588948732,0.8852115281832011,0.09969167523124357,4849.601233299075,-4.049811828532102,0.017425653341773137,1.75881092987801,-2.440373916098001,0.08712826670886568,False,48646,47005,1641,1945,0.8829060738219339,0.8531225588948732,0.8852115281832011,1.9895529665330944e-46,0.05685572872722188,0.055762309681025385,0.002386024381188275,0.05684754976177157,0.0,0.0,0.0,0.0,0.0,0.0,0.0,0.0
numeric_logistic_platt,Numeric logistic,W3,w03_2012m03_m08,5,2,1,primary_oot,2758,2484,275,2484,0.08090736609562013,0.056865204454820614,0.08138082497401994,2483,1,274,True,55311,0.0568571700886653,0.08138658096214542,53433,1878,5717,0.8930061946737036,0,0,0,0,0,39,1878,5756,7595,0.10406609896765562,0.13731445824519534,0.8626855417548047,0.8959339010323444,0.09967379485320768,5513.05726712577,-1.4946152720830952,0.2243348960273732,0.6491031652340156,0.0,1.0,False,55311,53433,1878,2758,0.8930061946737036,0.8626855417548047,0.8959339010323444,0.0568571700886653,0.08138658096214542,0.08090736609562013,0.056865204454820614,0.08138082497401994,0.0,0.0,0.0,0.0,0.0,0.0,0.0,0.0
numeric_logistic_platt,Numeric logistic,W3,w03_2012m03_m08,5,3,2,primary_oot,3252,2928,325,2928,0.8958192511745544,0.08138921066241453,0.10796321030280487,2927,1,324,True,70157,0.08138695513763687,0.10796436707493234,67884,2273,6864,0.898886335513523,0,0,0,0,0,0,1951,6864,8815,0.09783770685747681,0.1256467636871588,0.8743532363128412,0.9021622931425232,0.09990777743621272,7009.229941592376,-0.4378900138350774,0.6453967636686587,0.19017321668911272,0.0,1.0,False,70157,67884,2273,3252,0.898886335513523,0.8743532363128412,0.9021622931425232,0.08138695513763687,0.10796436707493234,0.8958192511745544,0.08138921066241453,0.10796321030280487,0.0,0.0,0.0,0.0,0.0,0.0,0.0,0.0
numeric_logistic_platt,Numeric logistic,W3,w03_2012m03_m08,5,4,3,primary_oot,4515,4065,451,4065,0.8655596934660833,0.10799724490560364,0.14738901983575323,4064,1,450,True,87008,0.10796497711019284,0.14739896553634993,84316,2692,9277,0.8899734332748233,0,0,0,0,0,0,1948,9277,11225,0.10662237955130563,0.12901112541375506,0.870988874586245,0.8933776204486944,0.09986713906111604,8689.240035429584,-2.6298603193014545,0.07208853091190497,1.1421338248489454,-1.0204224068673542,0.36044265455952484,False,87008,84316,2692,4515,0.8899734332748233,0.870988874586245,0.8933776204486944,0.10796497711019284,0.14739896553634993,0.8655596934660833,0.10799724490560364,0.14738901983575323,0.0,0.0,0.0,0.0,0.0,0.0,0.0,0.0
numeric_logistic_platt,Numeric logistic,W3,w03_2012m03_m08,5,5,4,primary_oot,6579,5922,658,5922,0.8058713502545035,0.1474080565028807,0.4387428023626731,5921,1,657,True,115768,0.1474005344741203,1.0,112176,3592,12104,0.8920981315076308,0,0,0,0,0,0,1870,12104,13974,0.10455393545712113,0.12070693110358649,0.8792930688964136,0.8954460645428789,0.1,11576.800000000001,-2.1491376093990198,0.11658465594443441,0.9333586046127405,-0.5396996969649195,0.5829232797221721,False,115768,112176,3592,6579,0.8920981315076308,0.8792930688964136,0.8954460645428789,0.1474005344741203,1.0,0.8058713502545035,0.1474080565028807,0.4387428023626731,0.0,0.0,0.0,0.0,0.0,0.0,0.0,0.0
numeric_logistic_platt,Numeric logistic,W4,w04_2012m04_m09,5,1,0,primary_oot,2062,1857,206,1857,0.05568070201998956,0.002386024381188275,0.05685523183463916,1856,1,205,True,48646,1.9895529665330944e-46,0.05685572872722188,47005,1641,5651,0.8797787469418147,0,0,0,0,0,86,1641,5737,7292,0.1179336430538996,0.14989927229371378,0.8501007277062862,0.8820663569461004,0.09985458070770722,4857.525933107126,-5.289992924168616,0.005041795934462669,2.297414736273677,-3.6805550117345156,0.025208979672313347,True,48646,47005,1641,2062,0.8797787469418147,0.8501007277062862,0.8820663569461004,1.9895529665330944e-46,0.05685572872722188,0.05568070201998956,0.002386024381188275,0.05685523183463916,0.0,0.0,0.0,0.0,0.0,0.0,0.0,0.0
numeric_logistic_platt,Numeric logistic,W4,w04_2012m04_m09,5,2,1,primary_oot,2940,2647,294,2647,0.08070500908633652,0.056870063626354654,0.08137832716168882,2646,1,293,True,55311,0.0568571700886653,0.08138658096214542,53433,1878,6172,0.8844908577096551,0,0,0,0,0,52,1878,6224,8050,0.11252734537433784,0.14554067002946972,0.8544593299705303,0.8874726546256622,0.0999659979598776,5529.21931315879,-4.156209131090285,0.015666836413568076,1.8050186912684196,-2.5467712186561844,0.07833418206784037,False,55311,53433,1878,2940,0.8844908577096551,0.8544593299705303,0.8874726546256622,0.0568571700886653,0.08138658096214542,0.08070500908633652,0.056870063626354654,0.08137832716168882,0.0,0.0,0.0,0.0,0.0,0.0,0.0,0.0
numeric_logistic_platt,Numeric logistic,W4,w04_2012m04_m09,5,3,2,primary_oot,3594,3236,359,3236,0.8947818688022484,0.08138921066241453,0.10796321030280487,3235,1,358,True,70157,0.08138695513763687,0.10796436707493234,67884,2273,7216,0.8937010193860114,0,0,0,0,0,0,2051,7216,9267,0.10285502515786023,0.1320894565046966,0.8679105434953034,0.8971449748421397,0.09986091794158554,7005.942420027816,-1.2845308363509185,0.2767804084814794,0.5578646540617729,0.0,1.0,False,70157,67884,2273,3594,0.8937010193860114,0.8679105434953034,0.8971449748421397,0.08138695513763687,0.10796436707493234,0.8947818688022484,0.08138921066241453,0.10796321030280487,0.0,0.0,0.0,0.0,0.0,0.0,0.0,0.0
numeric_logistic_platt,Numeric logistic,W4,w04_2012m04_m09,5,4,3,primary_oot,5235,4713,523,4713,0.8645731565389918,0.10799724490560364,0.14738901983575323,4712,1,522,True,87008,0.10796497711019284,0.14739896553634993,84316,2692,9609,0.8860358650789886,0,0,0,0,0,0,2002,9609,11611,0.11043812063258551,0.13344749908054432,0.8665525009194557,0.8895618793674145,0.09988540870893813,8690.829640947288,-4.840303448025537,0.007904655035660402,2.102117078214774,-3.2308655355914366,0.039523275178302016,True,87008,84316,2692,5235,0.8860358650789886,0.8665525009194557,0.8895618793674145,0.10796497711019284,0.14739896553634993,0.8645731565389918,0.10799724490560364,0.14738901983575323,0.0,0.0,0.0,0.0,0.0,0.0,0.0,0.0
numeric_logistic_platt,Numeric logistic,W4,w04_2012m04_m09,5,5,4,primary_oot,7936,7144,793,7144,0.8056165785472097,0.1474080565028807,0.4387428023626731,7143,1,792,True,115768,0.1474005344741203,1.0,112176,3592,12154,0.8916524033661389,0,0,0,0,0,0,1879,12154,14033,0.1049858337364384,0.12121657107318085,0.8787834289268192,0.8950141662635616,0.09991180546806099,11566.589895426485,-2.6031073963144262,0.07404313898955533,1.1305151780208964,-0.9936694838803259,0.3702156949477767,False,115768,112176,3592,7936,0.8916524033661389,0.8787834289268192,0.8950141662635616,0.1474005344741203,1.0,0.8056165785472097,0.1474080565028807,0.4387428023626731,0.0,0.0,0.0,0.0,0.0,0.0,0.0,0.0
numeric_logistic_platt,Numeric logistic,W5,w05_2012m05_m10,5,1,0,primary_oot,2151,1937,215,1937,0.05578939611884056,0.002386024381188275,0.05685523183463916,1936,1,214,True,48646,1.9895529665330944e-46,0.05685572872722188,47005,1641,5465,0.8837357727901287,0,0,0,0,0,77,1641,5542,7106,0.11392509147720264,0.14607573078978744,0.8539242692102126,0.8860749085227974,0.09990706319702602,4860.078996282528,-3.926403522884458,0.019714447766297275,1.7052153837142083,-2.3169656104503575,0.09857223883148639,False,48646,47005,1641,2151,0.8837357727901287,0.8539242692102126,0.8860749085227974,1.9895529665330944e-46,0.05685572872722188,0.05578939611884056,0.002386024381188275,0.05685523183463916,0.0,0.0,0.0,0.0,0.0,0.0,0.0,0.0
numeric_logistic_platt,Numeric logistic,W5,w05_2012m05_m10,5,2,1,primary_oot,3070,2764,307,2764,0.08070853216062145,0.056870063626354654,0.08137832716168882,2763,1,306,True,55311,0.0568571700886653,0.08138658096214542,53433,1878,6166,0.8846031478674228,0,0,0,0,0,52,1878,6218,8044,0.11241886785630345,0.14543219251143533,0.8545678074885646,0.8875811321436966,0.09996743731683491,5529.298925431456,-4.220541774955102,0.014690683304219382,1.8329580035051567,-2.6111038625210012,0.07345341652109692,False,55311,53433,1878,3070,0.8846031478674228,0.8545678074885646,0.8875811321436966,0.0568571700886653,0.08138658096214542,0.08070853216062145,0.056870063626354654,0.08137832716168882,0.0,0.0,0.0,0.0,0.0,0.0,0.0,0.0
numeric_logistic_platt,Numeric logistic,W5,w05_2012m05_m10,5,3,2,primary_oot,3987,3590,398,3590,0.89330390881681,0.08138921066241453,0.10796321030280487,3589,1,397,True,70157,0.08138695513763687,0.10796436707493234,67884,2273,7728,0.8861587413823582,0,0,0,0,0,0,2172,7728,9900,0.11015294268569066,0.14111207719828384,0.8588879228017161,0.8898470573143094,0.09979939819458375,7001.626379137412,-3.9626497719929388,0.019012668250033955,1.7209569296917122,-2.3532118595588383,0.0950633412501698,False,70157,67884,2273,3987,0.8861587413823582,0.8588879228017161,0.8898470573143094,0.08138695513763687,0.10796436707493234,0.89330390881681,0.08138921066241453,0.10796321030280487,0.0,0.0,0.0,0.0,0.0,0.0,0.0,0.0
numeric_logistic_platt,Numeric logistic,W5,w05_2012m05_m10,5,4,3,primary_oot,5907,5318,590,5318,0.8633439810939889,0.10799115489311259,0.14738901983575323,5317,1,589,True,87008,0.10796497711019284,0.14739896553634993,84316,2692,10024,0.8811139048341952,0,0,0,0,0,0,2094,10024,12118,0.11520779698418536,0.1392745494667157,0.8607254505332843,0.8847922030158146,0.0998645903859174,8689.018280297902,-8.987835721020149,0.00012492016296189988,3.903367457891985,-7.378397808586048,0.0006246008148094994,True,87008,84316,2692,5907,0.8811139048341952,0.8607254505332843,0.8847922030158146,0.10796497711019284,0.14739896553634993,0.8633439810939889,0.10799115489311259,0.14738901983575323,0.0,0.0,0.0,0.0,0.0,0.0,0.0,0.0
numeric_logistic_platt,Numeric logistic,W5,w05_2012m05_m10,5,5,4,primary_oot,9155,8241,915,8241,0.8048975884461733,0.1474080565028807,0.4387428023626731,8240,1,914,True,115768,0.1474005344741203,1.0,112176,3592,12318,0.8901904150620453,0,0,0,0,0,0,1898,12318,14216,0.10640246009259899,0.122797318775482,0.8772026812245179,0.893597539907401,0.09993446920052425,11569.213630406291,-3.686889294577214,0.0250498035304654,1.6011956760230566,-2.0774513821431135,0.12524901765232702,False,115768,112176,3592,9155,0.8901904150620453,0.8772026812245179,0.893597539907401,0.1474005344741203,1.0,0.8048975884461733,0.1474080565028807,0.4387428023626731,0.0,0.0,0.0,0.0,0.0,0.0,0.0,0.0
numeric_logistic_platt,Numeric logistic,W6,w06_2012m06_m11,5,1,0,primary_oot,2160,1945,216,1945,0.05580733474546511,0.002386024381188275,0.05685523183463916,1944,1,215,True,48646,1.9895529665330944e-46,0.05685572872722188,47005,1641,5442,0.8842250824380385,0,0,0,0,0,76,1641,5518,7083,0.11343173128314764,0.14560292727048474,0.8543970727295153,0.8865682687168523,0.0999537251272559,4862.34891254049,-3.7530486859357053,0.023446156816675688,1.629928334616127,-2.143610773501605,0.11723078408337845,False,48646,47005,1641,2160,0.8842250824380385,0.8543970727295153,0.8865682687168523,1.9895529665330944e-46,0.05685572872722188,0.05580733474546511,0.002386024381188275,0.05685523183463916,0.0,0.0,0.0,0.0,0.0,0.0,0.0,0.0
numeric_logistic_platt,Numeric logistic,W6,w06_2012m06_m11,5,2,1,primary_oot,3184,2867,318,2867,0.08080020689162984,0.05685617736375582,0.08137832716168882,2866,1,317,True,55311,0.0568571700886653,0.08138658096214542,53433,1878,5939,0.8888514588362997,0,0,0,0,0,46,1878,5985,7817,0.1082063242393014,0.14132812641246767,0.8586718735875323,0.8917936757606986,0.09984301412872841,5522.416954474097,-2.7247856093595155,0.06556025671687546,1.183359354514227,-1.1153476969254152,0.3278012835843772,False,55311,53433,1878,3184,0.8888514588362997,0.8586718735875323,0.8917936757606986,0.0568571700886653,0.08138658096214542,0.08080020689162984,0.05685617736375582,0.08137832716168882,0.0,0.0,0.0,0.0,0.0,0.0,0.0,0.0
numeric_logistic_platt,Numeric logistic,W6,w06_2012m06_m11,5,3,2,primary_oot,4335,3903,433,3903,0.8928429613469422,0.08138921066241453,0.10796321030280487,3902,1,432,True,70157,0.08138695513763687,0.10796436707493234,67884,2273,7895,0.8836986624241353,0,0,0,0,0,0,2212,7895,10107,0.11253331812933848,0.14406260244879343,0.8559373975512066,0.8874666818706616,0.09986162361623616,7005.99192804428,-5.429711034885395,0.00438436254746343,2.358093540779922,-3.8202731224512947,0.02192181273731715,True,70157,67884,2273,4335,0.8836986624241353,0.8559373975512066,0.8874666818706616,0.08138695513763687,0.10796436707493234,0.8928429613469422,0.08138921066241453,0.10796321030280487,0.0,0.0,0.0,0.0,0.0,0.0,0.0,0.0
numeric_logistic_platt,Numeric logistic,W6,w06_2012m06_m11,5,4,3,primary_oot,6610,5950,661,5950,0.8615126151660237,0.10798422283246191,0.14739614419456076,5949,1,660,True,87008,0.10796497711019284,0.14739896553634993,84316,2692,10585,0.874460363394848,0,0,0,0,0,0,2196,10585,12781,0.12165547995586613,0.1468945384332475,0.8531054615667525,0.8783445200441339,0.09998487369535622,8699.483890485553,-16.9961791308997,4.1557861369767415e-08,7.381346809988946,-15.386741218465602,2.077893068488369e-07,True,87008,84316,2692,6610,0.874460363394848,0.8531054615667525,0.8783445200441339,0.10796497711019284,0.14739896553634993,0.8615126151660237,0.10798422283246191,0.14739614419456076,0.0,0.0,0.0,0.0,0.0,0.0,0.0,0.0
numeric_logistic_platt,Numeric logistic,W6,w06_2012m06_m11,5,5,4,primary_oot,10396,9358,1039,9358,0.8023477375876491,0.14741136884205044,0.43322525310526877,9357,1,1038,True,115768,0.1474005344741203,1.0,112176,3592,12806,0.8858401084010841,0,0,0,0,0,0,1959,12806,14765,0.1106177872987354,0.12753956188238547,0.8724604381176145,0.8893822127012646,0.09993267288640954,11569.00567471386,-7.9505106156423455,0.00035248213577721845,3.452862888686696,-6.341072703208245,0.0017624106788860926,True,115768,112176,3592,10396,0.8858401084010841,0.8724604381176145,0.8893822127012646,0.1474005344741203,1.0,0.8023477375876491,0.14741136884205044,0.43322525310526877,0.0,0.0,0.0,0.0,0.0,0.0,0.0,0.0
numeric_logistic_platt,Numeric logistic,W7,w07_2012m07_m12,5,1,0,primary_oot,2122,1911,212,1911,0.05571640945671315,0.00026321481438389247,0.05685523183463916,1910,1,211,True,48646,1.9895529665330944e-46,0.05685572872722188,47005,1641,5595,0.8809701095628124,0,0,0,0,0,81,1641,5676,7236,0.11667968589400979,0.1487480985075854,0.8512519014924146,0.8833203141059902,0.09985869053226566,4857.7258596325955,-4.901206590566984,0.007437603512449392,2.1285669769510913,-3.2917686781328834,0.03718801756224697,True,48646,47005,1641,2122,0.8809701095628124,0.8512519014924146,0.8833203141059902,1.9895529665330944e-46,0.05685572872722188,0.05571640945671315,0.00026321481438389247,0.05685523183463916,0.0,0.0,0.0,0.0,0.0,0.0,0.0,0.0
numeric_logistic_platt,Numeric logistic,W7,w07_2012m07_m12,5,2,1,primary_oot,3332,3000,333,3000,0.08071566222967558,0.05685617736375582,0.08137828143254328,2999,1,332,True,55311,0.0568571700886653,0.08138658096214542,53433,1878,6153,0.8848464432092527,0,0,0,0,0,52,1878,6205,8031,0.11218383323389561,0.1451971578890275,0.8548028421109725,0.8878161667661044,0.0999099909990999,5526.121512151215,-4.35939382519865,0.012786135934301031,1.8932606827268825,-2.749955912764549,0.06393067967150516,False,55311,53433,1878,3332,0.8848464432092527,0.8548028421109725,0.8878161667661044,0.0568571700886653,0.08138658096214542,0.08071566222967558,0.05685617736375582,0.08137828143254328,0.0,0.0,0.0,0.0,0.0,0.0,0.0,0.0
numeric_logistic_platt,Numeric logistic,W7,w07_2012m07_m12,5,3,2,primary_oot,4645,4182,464,4182,0.10786425204433306,0.08138921066241453,0.10796429042514953,4181,1,463,True,70157,0.08138695513763687,0.10796436707493234,67884,2273,8425,0.8758912262094161,0,0,0,0,0,10,2273,8435,10698,0.12023034052197215,0.1524865658451758,0.8475134341548242,0.8797696594780279,0.09987085665088248,7006.639690055962,-11.487415967777402,1.0258376488021406e-05,4.988921366133028,-9.877978055343302,5.1291882440106996e-05,True,70157,67884,2273,4645,0.8758912262094161,0.8475134341548242,0.8797696594780279,0.08138695513763687,0.10796436707493234,0.10786425204433306,0.08138921066241453,0.10796429042514953,0.0,0.0,0.0,0.0,0.0,0.0,0.0,0.0
numeric_logistic_platt,Numeric logistic,W7,w07_2012m07_m12,5,4,3,primary_oot,7070,6364,707,6364,0.8600412333216553,0.10798422283246191,0.14739614419456076,6363,1,706,True,87008,0.10796497711019284,0.14739896553634993,84316,2692,11107,0.8682693676170596,0,0,0,0,0,0,2284,11107,13391,0.12765492828245678,0.1539053880102979,0.8460946119897022,0.8723450717175432,0.09998585772875124,8699.569509263187,-27.10150831640252,1.6981047895927465e-12,11.770035513068702,-25.49207040396842,8.490523947963725e-12,True,87008,84316,2692,7070,0.8682693676170596,0.8460946119897022,0.8723450717175432,0.10796497711019284,0.14739896553634993,0.8600412333216553,0.10798422283246191,0.14739614419456076,0.0,0.0,0.0,0.0,0.0,0.0,0.0,0.0
numeric_logistic_platt,Numeric logistic,W7,w07_2012m07_m12,5,5,4,primary_oot,11242,10119,1124,10119,0.7990143068958951,0.14741136884205044,0.9937191448732018,10118,1,1123,True,115768,0.1474005344741203,1.0,112176,3592,13436,0.8802239338182856,0,0,0,0,0,0,2039,13436,15475,0.11605970561813282,0.1336725174486905,0.8663274825513095,0.8839402943818672,0.09997331673041003,11573.710931246109,-16.17193759137968,9.475818690567322e-08,7.02338325761996,-14.562499678945581,4.737909345283657e-07,True,115768,112176,3592,11242,0.8802239338182856,0.8663274825513095,0.8839402943818672,0.1474005344741203,1.0,0.7990143068958951,0.14741136884205044,0.9937191448732018,0.0,0.0,0.0,0.0,0.0,0.0,0.0,0.0
numeric_logistic_platt,Numeric logistic,W8,w08_2012m08_2013m01,5,1,0,primary_oot,2116,1906,211,1906,0.05573682003560672,1.0309719899645506e-06,0.05685523183463916,1905,1,210,True,48646,1.9895529665330944e-46,0.05685572872722188,47005,1641,5551,0.8819061801935965,0,0,0,0,0,81,1641,5632,7192,0.11577519220490894,0.14784360481848458,0.8521563951815154,0.884224807795091,0.09966934341048654,4848.514879546528,-4.629470866992495,0.009759922033182312,2.0105536516667035,-3.0200329545583946,0.04879961016591156,True,48646,47005,1641,2116,0.8819061801935965,0.8521563951815154,0.884224807795091,1.9895529665330944e-46,0.05685572872722188,0.05573682003560672,1.0309719899645506e-06,0.05685523183463916,0.0,0.0,0.0,0.0,0.0,0.0,0.0,0.0
numeric_logistic_platt,Numeric logistic,W8,w08_2012m08_2013m01,5,2,1,primary_oot,3363,3028,336,3028,0.0806767179867205,0.05685617736375582,0.08137933484803522,3027,1,335,True,55311,0.0568571700886653,0.08138658096214542,53433,1878,6232,0.8833679561319784,0,0,0,0,0,53,1878,6285,8110,0.11363020014102078,0.1466254452098136,0.8533745547901864,0.8863697998589792,0.09988109393579073,5524.523186682521,-5.084443151225267,0.006192334324204043,2.2081456041279144,-3.4750052387911667,0.030961671621020218,True,55311,53433,1878,3363,0.8833679561319784,0.8533745547901864,0.8863697998589792,0.0568571700886653,0.08138658096214542,0.0806767179867205,0.05685617736375582,0.08137933484803522,0.0,0.0,0.0,0.0,0.0,0.0,0.0,0.0
numeric_logistic_platt,Numeric logistic,W8,w08_2012m08_2013m01,5,3,2,primary_oot,4765,4290,476,4290,0.10763346594511687,0.08139133754676385,0.10796429042514953,4289,1,475,True,70157,0.08138695513763687,0.10796436707493234,67884,2273,8919,0.8686141064168287,0,0,0,0,0,29,2273,8948,11192,0.12754251179497414,0.15952791595991847,0.8404720840400816,0.8724574882050259,0.09987410826689047,7006.867813680235,-19.24913777157249,4.367226176588358e-09,8.359794315589388,-17.63969985913839,2.183613088294177e-08,True,70157,67884,2273,4765,0.8686141064168287,0.8404720840400816,0.8724574882050259,0.08138695513763687,0.10796436707493234,0.10763346594511687,0.08139133754676385,0.10796429042514953,0.0,0.0,0.0,0.0,0.0,0.0,0.0,0.0
numeric_logistic_platt,Numeric logistic,W8,w08_2012m08_2013m01,5,4,3,primary_oot,7477,6731,747,6731,0.8586477692753473,0.10798422283246191,0.14739614419456076,6730,1,746,True,87008,0.10796497711019284,0.14739896553634993,84316,2692,11537,0.8631695051947436,0,0,0,0,0,0,2366,11537,13903,0.1325970025744759,0.15978990437660906,0.8402100956233909,0.8674029974255241,0.09989301952393688,8691.4918427387,-37.91071586171648,3.432300442043965e-17,16.46441470374555,-36.30127794928238,1.7161502210219874e-16,True,87008,84316,2692,7477,0.8631695051947436,0.8402100956233909,0.8674029974255241,0.10796497711019284,0.14739896553634993,0.8586477692753473,0.10798422283246191,0.14739614419456076,0.0,0.0,0.0,0.0,0.0,0.0,0.0,0.0
numeric_logistic_platt,Numeric logistic,W8,w08_2012m08_2013m01,5,5,4,primary_oot,12408,11169,1240,11169,0.7957866017565826,0.147407414664236,0.9937191448732018,11168,1,1239,True,115768,0.1474005344741203,1.0,112176,3592,14007,0.8751337184424476,0,0,0,0,0,0,2118,14007,16125,0.12099198396793587,0.1392871950798148,0.8607128049201852,0.8790080160320641,0.09992747199613183,11568.40357804819,-27.72744057794666,9.080830298293594e-13,12.041874440302545,-26.11800266551256,4.540415149146794e-12,True,115768,112176,3592,12408,0.8751337184424476,0.8607128049201852,0.8790080160320641,0.1474005344741203,1.0,0.7957866017565826,0.147407414664236,0.9937191448732018,0.0,0.0,0.0,0.0,0.0,0.0,0.0,0.0
catboost_monotonic_platt,Monotonic CatBoost,W1,w01_2012m01_m06,5,1,0,primary_oot,1873,1687,187,1687,0.048561732866420626,0.006502056617634442,0.05012349696017911,1686,1,186,True,54840,0.004356861179488848,0.050145252472767576,53021,1819,6387,0.8795382961468098,0,0,0,0,0,108,1819,6495,8206,0.11843544857768053,0.14963530269876002,0.85036469730124,0.8815645514223195,0.09978655282817503,5472.294557097119,-5.188469194216315,0.005580543007138266,2.2533235405731564,-3.579031281782214,0.027902715035691333,True,54840,53021,1819,1873,0.8795382961468098,0.85036469730124,0.8815645514223195,0.004356861179488848,0.050145252472767576,0.048561732866420626,0.006502056617634442,0.05012349696017911,0.0,0.0,0.0,0.0,0.0,0.0,0.0,0.0
catboost_monotonic_platt,Monotonic CatBoost,W1,w01_2012m01_m06,5,2,1,primary_oot,2364,2129,236,2129,0.07868431711640544,0.05015850049144892,0.07888792960868712,2128,1,235,True,73852,0.05014690401716909,0.07889027307253996,71333,2519,7564,0.893962121318324,0,0,0,0,0,22,2519,7586,10083,0.10271895141634621,0.13652981638953582,0.8634701836104641,0.8972810485836538,0.09978858350951374,7369.586469344608,-1.1546504550196586,0.3151676829333311,0.5014583211421165,0.0,1.0,False,73852,71333,2519,2364,0.893962121318324,0.8634701836104641,0.8972810485836538,0.05014690401716909,0.07889027307253996,0.07868431711640544,0.05015850049144892,0.07888792960868712,0.0,0.0,0.0,0.0,0.0,0.0,0.0,0.0
catboost_monotonic_platt,Monotonic CatBoost,W1,w01_2012m01_m06,5,3,2,primary_oot,3070,2764,307,2764,0.8922987973823122,0.07889159208905103,0.1113143498301371,2763,1,306,True,81100,0.07889080728719956,0.11132575174939768,78463,2637,9681,0.8766170041930591,0,0,0,0,0,0,2374,9681,12055,0.1193711467324291,0.14864364981504316,0.8513563501849568,0.8806288532675709,0.09996743731683491,8107.359166395311,-7.832606824628755,0.0003965902902601411,3.401657922854019,-6.223168912194654,0.0019829514513007057,True,81100,78463,2637,3070,0.8766170041930591,0.8513563501849568,0.8806288532675709,0.07889080728719956,0.11132575174939768,0.8922987973823122,0.07889159208905103,0.1113143498301371,0.0,0.0,0.0,0.0,0.0,0.0,0.0,0.0
catboost_monotonic_platt,Monotonic CatBoost,W1,w01_2012m01_m06,5,4,3,primary_oot,3579,3222,358,3222,0.8602366287204435,0.11133801904797279,0.1526037547297303,3221,1,357,True,78800,0.11132644815418892,0.15261363434527864,76404,2396,10042,0.8685670907282341,0,0,0,0,0,0,1766,10042,11808,0.12743654822335027,0.1498477157360406,0.8501522842639594,0.8725634517766497,0.1,7880.0,-15.056977056124584,2.889601475410507e-07,6.539162049618776,-13.447539143690484,1.4448007377052523e-06,True,78800,76404,2396,3579,0.8685670907282341,0.8501522842639594,0.8725634517766497,0.11132644815418892,0.15261363434527864,0.8602366287204435,0.11133801904797279,0.1526037547297303,0.0,0.0,0.0,0.0,0.0,0.0,0.0,0.0
catboost_monotonic_platt,Monotonic CatBoost,W1,w01_2012m01_m06,5,5,4,primary_oot,4062,3657,406,3657,0.8098837326283999,0.1526142115831254,0.5594877480873142,3656,1,405,True,88298,0.15261468467916584,0.6311016024999007,85593,2705,9107,0.893601112240487,0,0,0,0,0,0,1313,9107,10420,0.10313936895512922,0.11800946793811865,0.8819905320618814,0.8968606310448708,0.09992616293379276,8823.280334728033,-1.3861470293761728,0.25003683564939305,0.6019960059646565,0.0,1.0,False,88298,85593,2705,4062,0.893601112240487,0.8819905320618814,0.8968606310448708,0.15261468467916584,0.6311016024999007,0.8098837326283999,0.1526142115831254,0.5594877480873142,0.0,0.0,0.0,0.0,0.0,0.0,0.0,0.0
catboost_monotonic_platt,Monotonic CatBoost,W2,w02_2012m02_m07,5,1,0,primary_oot,1947,1754,194,1754,0.04857010913729741,0.006502056617634442,0.05012349696017911,1753,1,193,True,54840,0.004356861179488848,0.050145252472767576,53021,1819,6360,0.8800475283378284,0,0,0,0,0,107,1819,6467,8179,0.11792487235594457,0.14914296134208607,0.850857038657914,0.8820751276440555,0.09958932238193019,5461.478439425052,-5.211604957730002,0.005452914962808736,2.2633712750017696,-3.602167045295902,0.027264574814043686,True,54840,53021,1819,1947,0.8800475283378284,0.850857038657914,0.8820751276440555,0.004356861179488848,0.050145252472767576,0.04857010913729741,0.006502056617634442,0.05012349696017911,0.0,0.0,0.0,0.0,0.0,0.0,0.0,0.0
catboost_monotonic_platt,Monotonic CatBoost,W2,w02_2012m02_m07,5,2,1,primary_oot,2516,2266,251,2266,0.07860743849295981,0.05015850049144892,0.07888792960868712,2265,1,250,True,73852,0.05014690401716909,0.07889027307253996,71333,2519,7763,0.8911723886560218,0,0,0,0,0,28,2519,7791,10282,0.10549477333044467,0.13922439473541678,0.8607756052645832,0.8945052266695553,0.09972189114024632,7364.661104489472,-1.7680715663590343,0.17066178161687215,0.7678637248797676,-0.158633653924934,0.8533089080843607,False,73852,71333,2519,2516,0.8911723886560218,0.8607756052645832,0.8945052266695553,0.05014690401716909,0.07889027307253996,0.07860743849295981,0.05015850049144892,0.07888792960868712,0.0,0.0,0.0,0.0,0.0,0.0,0.0,0.0
catboost_monotonic_platt,Monotonic CatBoost,W2,w02_2012m02_m07,5,3,2,primary_oot,3430,3088,343,3088,0.8923204107454423,0.07889159208905103,0.1113143498301371,3087,1,342,True,81100,0.07889080728719956,0.11132575174939768,78463,2637,9675,0.8766934733568689,0,0,0,0,0,0,2373,9675,12048,0.11929716399506782,0.14855733662145498,0.851442663378545,0.8807028360049322,0.09997085397843194,8107.636257650831,-8.456534044656639,0.00021250733667707076,3.6726260716213655,-6.847096132222538,0.001062536683385354,True,81100,78463,2637,3430,0.8766934733568689,0.851442663378545,0.8807028360049322,0.07889080728719956,0.11132575174939768,0.8923204107454423,0.07889159208905103,0.1113143498301371,0.0,0.0,0.0,0.0,0.0,0.0,0.0,0.0
catboost_monotonic_platt,Monotonic CatBoost,W2,w02_2012m02_m07,5,4,3,primary_oot,4117,3707,411,3707,0.8614307278525446,0.11133801904797279,0.15260114321288298,3706,1,410,True,78800,0.11132644815418892,0.15261363434527864,76404,2396,9636,0.8738809486414324,0,0,0,0,0,0,1696,9636,11332,0.12228426395939086,0.14380710659898477,0.8561928934010152,0.8777157360406092,0.09980573093734822,7864.6915978630395,-12.283714428123144,4.626479121273407e-06,5.33474939340924,-10.674276515689044,2.3132395606367013e-05,True,78800,76404,2396,4117,0.8738809486414324,0.8561928934010152,0.8777157360406092,0.11132644815418892,0.15261363434527864,0.8614307278525446,0.11133801904797279,0.15260114321288298,0.0,0.0,0.0,0.0,0.0,0.0,0.0,0.0
catboost_monotonic_platt,Monotonic CatBoost,W2,w02_2012m02_m07,5,5,4,primary_oot,4664,4199,466,4199,0.8093029473412743,0.1526142115831254,0.5582160919292852,4198,1,465,True,88298,0.15261468467916584,0.6311016024999007,85593,2705,9212,0.8923743764092859,0,0,0,0,0,0,1326,9212,10538,0.10432852386237514,0.11934585154816643,0.8806541484518335,0.8956714761376249,0.09989281886387996,8820.336120042874,-1.8168450835292091,0.16253773585435352,0.7890457942497882,-0.20740717109510887,0.8126886792717675,False,88298,85593,2705,4664,0.8923743764092859,0.8806541484518335,0.8956714761376249,0.15261468467916584,0.6311016024999007,0.8093029473412743,0.1526142115831254,0.5582160919292852,0.0,0.0,0.0,0.0,0.0,0.0,0.0,0.0
catboost_monotonic_platt,Monotonic CatBoost,W3,w03_2012m03_m08,5,1,0,primary_oot,2171,1955,217,1955,0.04865868938974838,0.006502056617634442,0.05012349696017911,1954,1,216,True,54840,0.004356861179488848,0.050145252472767576,53021,1819,6172,0.8835932932234398,0,0,0,0,0,99,1819,6271,7991,0.11435083880379285,0.14571480671043036,0.8542851932895696,0.8856491611962072,0.09990791896869244,5478.950276243094,-4.10820917699671,0.016437184272312104,1.7841725760739706,-2.4987712645626097,0.08218592136156053,False,54840,53021,1819,2171,0.8835932932234398,0.8542851932895696,0.8856491611962072,0.004356861179488848,0.050145252472767576,0.04865868938974838,0.006502056617634442,0.05012349696017911,0.0,0.0,0.0,0.0,0.0,0.0,0.0,0.0
catboost_monotonic_platt,Monotonic CatBoost,W3,w03_2012m03_m08,5,2,1,primary_oot,2705,2436,270,2436,0.07843061123908944,0.05015850049144892,0.07888792960868712,2435,1,269,True,73852,0.05014690401716909,0.07889027307253996,71333,2519,8165,0.8855368483030295,0,0,0,0,0,53,2519,8218,10684,0.11127660726859123,0.14466771380599036,0.8553322861940096,0.8887233927314088,0.09977827050997783,7368.824833702883,-3.583142562664235,0.02778823462861474,1.5561390428377537,-1.9737046502301345,0.13894117314307367,False,73852,71333,2519,2705,0.8855368483030295,0.8553322861940096,0.8887233927314088,0.05014690401716909,0.07889027307253996,0.07843061123908944,0.05015850049144892,0.07888792960868712,0.0,0.0,0.0,0.0,0.0,0.0,0.0,0.0
catboost_monotonic_platt,Monotonic CatBoost,W3,w03_2012m03_m08,5,3,2,primary_oot,3881,3494,388,3494,0.8920058033644691,0.07889159208905103,0.11132379513050646,3493,1,387,True,81100,0.07889080728719956,0.11132575174939768,78463,2637,9789,0.8752405592444846,0,0,0,0,0,0,2390,9789,12179,0.12070283600493219,0.15017262638717632,0.8498273736128237,0.8792971639950679,0.09994848016486348,8105.821741370428,-10.355102666841884,3.182995702406664e-05,4.497163947751076,-8.745664754407784,0.00015914978512033306,True,81100,78463,2637,3881,0.8752405592444846,0.8498273736128237,0.8792971639950679,0.07889080728719956,0.11132575174939768,0.8920058033644691,0.07889159208905103,0.11132379513050646,0.0,0.0,0.0,0.0,0.0,0.0,0.0,0.0
catboost_monotonic_platt,Monotonic CatBoost,W3,w03_2012m03_m08,5,4,3,primary_oot,4787,4310,478,4310,0.8611478437816212,0.11133801904797279,0.15261362246093008,4309,1,477,True,78800,0.11132644815418892,0.15261363434527864,76404,2396,9724,0.8727291764829066,0,0,0,0,0,0,1723,9724,11447,0.12340101522842639,0.14526649746192893,0.8547335025380711,0.8765989847715736,0.0998329156223893,7866.833751044277,-14.949443324045475,3.217653370376751e-07,6.492460743158356,-13.340005411611376,1.6088266851883743e-06,True,78800,76404,2396,4787,0.8727291764829066,0.8547335025380711,0.8765989847715736,0.11132644815418892,0.15261363434527864,0.8611478437816212,0.11133801904797279,0.15261362246093008,0.0,0.0,0.0,0.0,0.0,0.0,0.0,0.0
catboost_monotonic_platt,Monotonic CatBoost,W3,w03_2012m03_m08,5,5,4,primary_oot,5505,4956,550,4956,0.8103428263697585,0.15261468500319003,0.5121544429406719,4955,1,549,True,88298,0.15261468467916584,0.6311016024999007,85593,2705,9023,0.8945825009054479,0,0,0,0,0,0,1300,9023,10323,0.10218804502933249,0.11691091530952004,0.88308908469048,0.8978119549706676,0.09989102796948783,8820.177987649837,-1.2439190524354435,0.2882523254367167,0.5402271804070349,0.0,1.0,False,88298,85593,2705,5505,0.8945825009054479,0.88308908469048,0.8978119549706676,0.15261468467916584,0.6311016024999007,0.8103428263697585,0.15261468500319003,0.5121544429406719,0.0,0.0,0.0,0.0,0.0,0.0,0.0,0.0
catboost_monotonic_platt,Monotonic CatBoost,W4,w04_2012m04_m09,5,1,0,primary_oot,2275,2049,227,2049,0.048496247267977896,0.006502056617634442,0.050099862018617915,2048,1,226,True,54840,0.004356861179488848,0.050145252472767576,53021,1819,6537,0.8767092284189284,0,0,0,0,0,119,1819,6656,8356,0.1213712618526623,0.15237053245805982,0.8476294675419402,0.8786287381473377,0.09973637961335677,5469.543057996485,-7.294880199946293,0.0006790062675107802,3.1681262169819653,-5.685442287512193,0.0033950313375539017,True,54840,53021,1819,2275,0.8767092284189284,0.8476294675419402,0.8786287381473377,0.004356861179488848,0.050145252472767576,0.048496247267977896,0.006502056617634442,0.050099862018617915,0.0,0.0,0.0,0.0,0.0,0.0,0.0,0.0
catboost_monotonic_platt,Monotonic CatBoost,W4,w04_2012m04_m09,5,2,1,primary_oot,2908,2619,290,2619,0.07842216833236267,0.0501461462273111,0.07888792960868712,2618,1,289,True,73852,0.05014690401716909,0.07889027307253996,71333,2519,8186,0.8852424544039925,0,0,0,0,0,54,2519,8240,10705,0.11157450035205546,0.14495206629475166,0.8550479337052483,0.8884254996479446,0.09969061533172911,7362.351323478859,-3.8925672082864695,0.02039292589167609,1.6905204589963594,-2.283129295852369,0.10196462945838046,False,73852,71333,2519,2908,0.8852424544039925,0.8550479337052483,0.8884254996479446,0.05014690401716909,0.07889027307253996,0.07842216833236267,0.0501461462273111,0.07888792960868712,0.0,0.0,0.0,0.0,0.0,0.0,0.0,0.0
catboost_monotonic_platt,Monotonic CatBoost,W4,w04_2012m04_m09,5,3,2,primary_oot,4367,3932,436,3932,0.8900324876847417,0.07889159208905103,0.11132379513050646,3931,1,435,True,81100,0.07889080728719956,0.11132575174939768,78463,2637,10479,0.8664466054063699,0,0,0,0,0,0,2536,10479,13015,0.12921085080147965,0.16048088779284833,0.8395191122071517,0.8707891491985204,0.09981684981684982,8095.146520146521,-19.924839930467638,2.2220404746793145e-09,8.653248034607666,-18.315402018033538,1.1110202373396564e-08,True,81100,78463,2637,4367,0.8664466054063699,0.8395191122071517,0.8707891491985204,0.07889080728719956,0.11132575174939768,0.8900324876847417,0.07889159208905103,0.11132379513050646,0.0,0.0,0.0,0.0,0.0,0.0,0.0,0.0
catboost_monotonic_platt,Monotonic CatBoost,W4,w04_2012m04_m09,5,4,3,primary_oot,5622,5061,562,5061,0.8607956116401266,0.11133801904797279,0.15261362246093008,5060,1,561,True,78800,0.11132644815418892,0.15261363434527864,76404,2396,9846,0.8711324014449505,0,0,0,0,0,0,1740,9846,11586,0.1249492385786802,0.14703045685279187,0.8529695431472082,0.8750507614213198,0.09994664769695892,7875.795838520363,-18.76650630851808,7.076359131190758e-09,8.150190134391964,-17.15706839608398,3.538179565595376e-08,True,78800,76404,2396,5622,0.8711324014449505,0.8529695431472082,0.8750507614213198,0.11132644815418892,0.15261363434527864,0.8607956116401266,0.11133801904797279,0.15261362246093008,0.0,0.0,0.0,0.0,0.0,0.0,0.0,0.0
catboost_monotonic_platt,Monotonic CatBoost,W4,w04_2012m04_m09,5,5,4,primary_oot,6595,5937,659,5937,0.8114834386744343,0.15263229425689268,0.5121544429406719,5936,1,658,True,88298,0.15261468467916584,0.6311016024999007,85593,2705,8813,0.8970359725678502,0,0,0,0,0,0,1266,8813,10079,0.09980973521484066,0.11414754581077714,0.8858524541892229,0.9001902647851594,0.09990903577926016,8821.768041237114,-0.6800935300335258,0.5065696106771489,0.2953608672716637,0.0,1.0,False,88298,85593,2705,6595,0.8970359725678502,0.8858524541892229,0.9001902647851594,0.15261468467916584,0.6311016024999007,0.8114834386744343,0.15263229425689268,0.5121544429406719,0.0,0.0,0.0,0.0,0.0,0.0,0.0,0.0
catboost_monotonic_platt,Monotonic CatBoost,W5,w05_2012m05_m10,5,1,0,primary_oot,2365,2130,236,2130,0.048545037278214534,0.006502056617634442,0.050034622494658273,2129,1,235,True,54840,0.004356861179488848,0.050145252472767576,53021,1819,6416,0.8789913430527527,0,0,0,0,0,112,1819,6528,8235,0.11903719912472648,0.150164113785558,0.849835886214442,0.8809628008752736,0.09974640743871513,5470.092983939137,-6.373321491257926,0.0017064817377483528,2.767898355048721,-4.763883578823825,0.008532408688741765,True,54840,53021,1819,2365,0.8789913430527527,0.849835886214442,0.8809628008752736,0.004356861179488848,0.050145252472767576,0.048545037278214534,0.006502056617634442,0.050034622494658273,0.0,0.0,0.0,0.0,0.0,0.0,0.0,0.0
catboost_monotonic_platt,Monotonic CatBoost,W5,w05_2012m05_m10,5,2,1,primary_oot,3134,2822,313,2822,0.07838347887434441,0.0501461462273111,0.07888792960868712,2821,1,312,True,73852,0.05014690401716909,0.07889027307253996,71333,2519,8271,0.884050860050748,0,0,0,0,0,57,2519,8328,10790,0.11276607268591236,0.1461030168444998,0.8538969831555002,0.8872339273140877,0.09984051036682616,7373.421371610845,-4.525562574466043,0.010828620816965428,1.9654268535984762,-2.916124662031942,0.05414310408482715,False,73852,71333,2519,3134,0.884050860050748,0.8538969831555002,0.8872339273140877,0.05014690401716909,0.07889027307253996,0.07838347887434441,0.0501461462273111,0.07888792960868712,0.0,0.0,0.0,0.0,0.0,0.0,0.0,0.0
catboost_monotonic_platt,Monotonic CatBoost,W5,w05_2012m05_m10,5,3,2,primary_oot,4888,4401,488,4401,0.8892804189864737,0.07889159208905103,0.11132379513050646,4400,1,487,True,81100,0.07889080728719956,0.11132575174939768,78463,2637,10735,0.8631839210838229,0,0,0,0,0,0,2591,10735,13326,0.13236744759556104,0.16431565967940814,0.8356843403205918,0.8676325524044389,0.0998159132746983,8095.070566578032,-25.996757012551043,5.125684634784469e-12,11.290248117930583,-24.387319100116944,2.5628423173922327e-11,True,81100,78463,2637,4888,0.8631839210838229,0.8356843403205918,0.8676325524044389,0.07889080728719956,0.11132575174939768,0.8892804189864737,0.07889159208905103,0.11132379513050646,0.0,0.0,0.0,0.0,0.0,0.0,0.0,0.0
catboost_monotonic_platt,Monotonic CatBoost,W5,w05_2012m05_m10,5,4,3,primary_oot,6390,5752,639,5752,0.8606682863399073,0.11133801904797279,0.15261362246093008,5751,1,638,True,78800,0.11132644815418892,0.15261363434527864,76404,2396,9878,0.8707135752054866,0,0,0,0,0,0,1745,9878,11623,0.1253553299492386,0.1475,0.8525,0.8746446700507614,0.09998435299640118,7878.767016116413,-21.368318306778317,5.246350138734085e-10,9.28014272818606,-19.758880394344217,2.6231750693670404e-09,True,78800,76404,2396,6390,0.8707135752054866,0.8525,0.8746446700507614,0.11132644815418892,0.15261363434527864,0.8606682863399073,0.11133801904797279,0.15261362246093008,0.0,0.0,0.0,0.0,0.0,0.0,0.0,0.0
catboost_monotonic_platt,Monotonic CatBoost,W5,w05_2012m05_m10,5,5,4,primary_oot,7493,6745,749,6745,0.8115173654626233,0.15261590875163042,0.4993571858249175,6744,1,748,True,88298,0.15261468467916584,0.6311016024999007,85593,2705,8807,0.8971060717582046,0,0,0,0,0,0,1263,8807,10070,0.09974178350585518,0.11404561824729892,0.8859543817527011,0.9002582164941448,0.09994662396583934,8825.087002935681,-0.6555145288255089,0.5191748634193971,0.2846863426763286,0.0,1.0,False,88298,85593,2705,7493,0.8971060717582046,0.8859543817527011,0.9002582164941448,0.15261468467916584,0.6311016024999007,0.8115173654626233,0.15261590875163042,0.4993571858249175,0.0,0.0,0.0,0.0,0.0,0.0,0.0,0.0
catboost_monotonic_platt,Monotonic CatBoost,W6,w06_2012m06_m11,5,1,0,primary_oot,2376,2140,237,2140,0.04860078800893651,0.006502056617634442,0.050076526698676335,2139,1,236,True,54840,0.004356861179488848,0.050145252472767576,53021,1819,6287,0.8814243412987307,0,0,0,0,0,106,1819,6393,8106,0.11657549234135667,0.14781181619256017,0.8521881838074399,0.8834245076586433,0.09970551114850652,5467.850231384098,-5.322204811676444,0.004881978008274633,2.311404181270015,-3.712766899242344,0.02440989004137317,True,54840,53021,1819,2376,0.8814243412987307,0.8521881838074399,0.8834245076586433,0.004356861179488848,0.050145252472767576,0.04860078800893651,0.006502056617634442,0.050076526698676335,0.0,0.0,0.0,0.0,0.0,0.0,0.0,0.0
catboost_monotonic_platt,Monotonic CatBoost,W6,w06_2012m06_m11,5,2,1,primary_oot,3316,2986,331,2986,0.0783690327579728,0.0501461462273111,0.07888792960868712,2985,1,330,True,73852,0.05014690401716909,0.07889027307253996,71333,2519,8297,0.883686372366226,0,0,0,0,0,59,2519,8356,10816,0.1131452093375941,0.1464550723067757,0.8535449276932243,0.8868547906624059,0.09978896593307206,7369.614712089237,-4.898450354416623,0.007458131581229394,2.127369958800167,-3.289012441982522,0.037290657906146975,True,73852,71333,2519,3316,0.883686372366226,0.8535449276932243,0.8868547906624059,0.05014690401716909,0.07889027307253996,0.0783690327579728,0.0501461462273111,0.07888792960868712,0.0,0.0,0.0,0.0,0.0,0.0,0.0,0.0
catboost_monotonic_platt,Monotonic CatBoost,W6,w06_2012m06_m11,5,3,2,primary_oot,5356,4822,535,4822,0.8892090679898458,0.07889410909935433,0.11132379513050646,4821,1,534,True,81100,0.07889080728719956,0.11132575174939768,78463,2637,10759,0.8628780444285842,0,0,0,0,0,0,2601,10759,13360,0.13266337854500618,0.16473489519112208,0.835265104808878,0.8673366214549938,0.09986932984879597,8099.402650737353,-28.463780579460916,4.348476828705491e-13,12.361662839764819,-26.854342667026817,2.1742384143527437e-12,True,81100,78463,2637,5356,0.8628780444285842,0.835265104808878,0.8673366214549938,0.07889080728719956,0.11132575174939768,0.8892090679898458,0.07889410909935433,0.11132379513050646,0.0,0.0,0.0,0.0,0.0,0.0,0.0,0.0
catboost_monotonic_platt,Monotonic CatBoost,W6,w06_2012m06_m11,5,4,3,primary_oot,7241,6518,724,6518,0.8602366287204435,0.11133124368857567,0.15261362246093008,6517,1,723,True,78800,0.11132644815418892,0.15261363434527864,76404,2396,10042,0.8685670907282341,0,0,0,0,0,0,1766,10042,11808,0.12743654822335027,0.1498477157360406,0.8501522842639594,0.8725634517766497,0.09997238331952499,7877.823805578569,-27.121008892533744,1.6653115505820326e-12,11.778504505676427,-25.511570980099645,8.326557752910156e-12,True,78800,76404,2396,7241,0.8685670907282341,0.8501522842639594,0.8725634517766497,0.11132644815418892,0.15261363434527864,0.8602366287204435,0.11133124368857567,0.15261362246093008,0.0,0.0,0.0,0.0,0.0,0.0,0.0,0.0
catboost_monotonic_platt,Monotonic CatBoost,W6,w06_2012m06_m11,5,5,4,primary_oot,8396,7558,839,7558,0.8103745792333379,0.15261590875163042,0.4936432472364723,7557,1,838,True,88298,0.15261468467916584,0.6311016024999007,85593,2705,9018,0.8946409168974099,0,0,0,0,0,0,1300,9018,10318,0.10213141860517792,0.11685428888536546,0.8831457111146346,0.8978685813948221,0.09991663689412886,8822.43920447779,-1.3563223356831484,0.25760642696029334,0.5890433060693213,0.0,1.0,False,88298,85593,2705,8396,0.8946409168974099,0.8831457111146346,0.8978685813948221,0.15261468467916584,0.6311016024999007,0.8103745792333379,0.15261590875163042,0.4936432472364723,0.0,0.0,0.0,0.0,0.0,0.0,0.0,0.0
catboost_monotonic_platt,Monotonic CatBoost,W7,w07_2012m07_m12,5,1,0,primary_oot,2457,2213,245,2213,0.04860078800893651,0.008314661461122395,0.05011768939707083,2212,1,244,True,54840,0.004356861179488848,0.050145252472767576,53021,1819,6287,0.8814243412987307,0,0,0,0,0,106,1819,6393,8106,0.11657549234135667,0.14781181619256017,0.8521881838074399,0.8834245076586433,0.09967453213995119,5466.151342554923,-5.45715817267882,0.004265660807845636,2.3700136812676447,-3.84772026024472,0.021328304039228183,True,54840,53021,1819,2457,0.8814243412987307,0.8521881838074399,0.8834245076586433,0.004356861179488848,0.050145252472767576,0.04860078800893651,0.008314661461122395,0.05011768939707083,0.0,0.0,0.0,0.0,0.0,0.0,0.0,0.0
catboost_monotonic_platt,Monotonic CatBoost,W7,w07_2012m07_m12,5,2,1,primary_oot,3642,3279,364,3279,0.07827604264575501,0.0501461462273111,0.07886539810686087,3278,1,363,True,73852,0.05014690401716909,0.07889027307253996,71333,2519,8497,0.8808826209468269,0,0,0,0,0,65,2519,8562,11016,0.1159345718463955,0.14916319124735958,0.8508368087526404,0.8840654281536044,0.099917650288224,7379.118309085919,-6.6959100584407105,0.0012359565695843706,2.9079967897012806,-5.08647214600661,0.006179782847921853,True,73852,71333,2519,3642,0.8808826209468269,0.8508368087526404,0.8840654281536044,0.05014690401716909,0.07889027307253996,0.07827604264575501,0.0501461462273111,0.07886539810686087,0.0,0.0,0.0,0.0,0.0,0.0,0.0,0.0
catboost_monotonic_platt,Monotonic CatBoost,W7,w07_2012m07_m12,5,3,2,primary_oot,5776,5200,577,5200,0.11114675924546469,0.07889410909935433,0.11132379513050646,5199,1,576,True,81100,0.07889080728719956,0.11132575174939768,78463,2637,11282,0.8562124823165058,0,0,0,0,0,10,2637,11292,13919,0.13923551171393342,0.17162762022194822,0.8283723797780518,0.8607644882860666,0.0998788298424788,8100.173100225031,-41.491316324578314,9.562033774044238e-19,18.01944972666667,-39.88187841214421,4.7810168870221326e-18,True,81100,78463,2637,5776,0.8562124823165058,0.8283723797780518,0.8607644882860666,0.07889080728719956,0.11132575174939768,0.11114675924546469,0.07889410909935433,0.11132379513050646,0.0,0.0,0.0,0.0,0.0,0.0,0.0,0.0
catboost_monotonic_platt,Monotonic CatBoost,W7,w07_2012m07_m12,5,4,3,primary_oot,7625,6864,762,6864,0.8598182534639773,0.11133124368857567,0.15261362246093008,6863,1,761,True,78800,0.11132644815418892,0.15261363434527864,76404,2396,10183,0.8667216376105963,0,0,0,0,0,0,1788,10183,11971,0.12922588832487308,0.15191624365482234,0.8480837563451776,0.8707741116751269,0.0999213217938631,7873.800157356412,-31.66582712414573,1.768911132259743e-14,13.752293984918806,-30.05638921171163,8.844555661298709e-14,True,78800,76404,2396,7625,0.8667216376105963,0.8480837563451776,0.8707741116751269,0.11132644815418892,0.15261363434527864,0.8598182534639773,0.11133124368857567,0.15261362246093008,0.0,0.0,0.0,0.0,0.0,0.0,0.0,0.0
catboost_monotonic_platt,Monotonic CatBoost,W7,w07_2012m07_m12,5,5,4,primary_oot,8911,8021,891,8021,0.8087374786830329,0.15261590875163042,0.4936432472364723,8020,1,890,True,88298,0.15261468467916584,0.6311016024999007,85593,2705,9318,0.8911359573796923,0,0,0,0,0,0,1341,9318,10659,0.10552900405445197,0.12071621101270696,0.8792837889872931,0.894470995945548,0.09997755834829443,8827.818447037702,-3.001109948459839,0.0497318379451407,1.3033654902010605,-1.3916720360257389,0.2486591897257035,False,88298,85593,2705,8911,0.8911359573796923,0.8792837889872931,0.894470995945548,0.15261468467916584,0.6311016024999007,0.8087374786830329,0.15261590875163042,0.4936432472364723,0.0,0.0,0.0,0.0,0.0,0.0,0.0,0.0
catboost_monotonic_platt,Monotonic CatBoost,W8,w08_2012m08_2013m01,5,1,0,primary_oot,2498,2250,249,2250,0.04867535238075526,0.008314661461122395,0.05011768939707083,2249,1,248,True,54840,0.004356861179488848,0.050145252472767576,53021,1819,6129,0.8844042926387657,0,0,0,0,0,97,1819,6226,7948,0.11353026987600291,0.1449307075127644,0.8550692924872356,0.8864697301239971,0.09963985594237695,5464.2496998799525,-4.272138838794841,0.013951910331072574,1.855366323613165,-2.66270092636074,0.06975955165536288,False,54840,53021,1819,2498,0.8844042926387657,0.8550692924872356,0.8864697301239971,0.004356861179488848,0.050145252472767576,0.04867535238075526,0.008314661461122395,0.05011768939707083,0.0,0.0,0.0,0.0,0.0,0.0,0.0,0.0
catboost_monotonic_platt,Monotonic CatBoost,W8,w08_2012m08_2013m01,5,2,1,primary_oot,3844,3461,384,3461,0.07827477245991309,0.0501461462273111,0.07887991579747564,3460,1,383,True,73852,0.05014690401716909,0.07889027307253996,71333,2519,8500,0.8808405646755358,0,0,0,0,0,65,2519,8565,11019,0.11597519363050425,0.14920381303146835,0.8507961869685317,0.8840248063694958,0.0998699609882965,7375.596358907673,-7.014679063393344,0.0008985941572632696,3.046436409554,-5.4052411509592435,0.004492970786316349,True,73852,71333,2519,3844,0.8808405646755358,0.8507961869685317,0.8840248063694958,0.05014690401716909,0.07889027307253996,0.07827477245991309,0.0501461462273111,0.07887991579747564,0.0,0.0,0.0,0.0,0.0,0.0,0.0,0.0
catboost_monotonic_platt,Monotonic CatBoost,W8,w08_2012m08_2013m01,5,3,2,primary_oot,6042,5439,604,5439,0.11098132429321297,0.07889410909935433,0.11132379513050646,5438,1,603,True,81100,0.07889080728719956,0.11132575174939768,78463,2637,11621,0.8518919745612582,0,0,0,0,0,20,2637,11641,14258,0.14353884093711466,0.17580764488286066,0.8241923551171393,0.8564611590628853,0.09995035578355121,8105.973854046004,-51.43910829953802,4.5738204453199406e-23,22.339720888513124,-49.82967038710392,2.286910222659977e-22,True,81100,78463,2637,6042,0.8518919745612582,0.8241923551171393,0.8564611590628853,0.07889080728719956,0.11132575174939768,0.11098132429321297,0.07889410909935433,0.11132379513050646,0.0,0.0,0.0,0.0,0.0,0.0,0.0,0.0
catboost_monotonic_platt,Monotonic CatBoost,W8,w08_2012m08_2013m01,5,4,3,primary_oot,8094,7286,809,7286,0.8583320244890962,0.11133124368857567,0.15261362246093008,7285,1,808,True,78800,0.11132644815418892,0.15261363434527864,76404,2396,10684,0.8601643892989896,0,0,0,0,0,0,1859,10684,12543,0.13558375634517766,0.1591751269035533,0.8408248730964467,0.8644162436548224,0.09993823347745522,7875.132798023471,-46.76574431595546,4.896607590707297e-21,20.31010469851782,-45.156306403521356,2.4483037953536556e-20,True,78800,76404,2396,8094,0.8601643892989896,0.8408248730964467,0.8644162436548224,0.11132644815418892,0.15261363434527864,0.8583320244890962,0.11133124368857567,0.15261362246093008,0.0,0.0,0.0,0.0,0.0,0.0,0.0,0.0
catboost_monotonic_platt,Monotonic CatBoost,W8,w08_2012m08_2013m01,5,5,4,primary_oot,9651,8687,965,8687,0.8053547613963974,0.15261590875163042,0.49255770367974877,8686,1,964,True,88298,0.15261468467916584,0.6311016024999007,85593,2705,9947,0.8837872255908777,0,0,0,0,0,0,1423,9947,11370,0.11265260821309656,0.12876848852748646,0.8712315114725135,0.8873473917869035,0.09997927890592623,8827.970368835475,-9.602634901004624,6.755051287893206e-05,4.170371349237887,-7.993196988570523,0.0003377525643946603,True,88298,85593,2705,9651,0.8837872255908777,0.8712315114725135,0.8873473917869035,0.15261468467916584,0.6311016024999007,0.8053547613963974,0.15261590875163042,0.49255770367974877,0.0,0.0,0.0,0.0,0.0,0.0,0.0,0.0
woe_scorecard_platform_platt,Platform-signal WOE scorecard,W1,w01_2012m01_m06,5,1,0,primary_oot,1821,1640,182,1640,0.051705770411614865,0.016438805322008802,0.053068828735680404,1639,1,181,True,35138,0.015144652217942856,0.05307206061669813,33946,1192,3612,0.8935957108348553,0,0,0,0,0,83,1192,3695,4804,0.1051568102908532,0.13671808298707952,0.8632819170129205,0.8948431897091468,0.09989023051591657,3509.9429198682765,-1.4698158807441777,0.2299678227934157,0.6383329264209644,0.0,1.0,False,35138,33946,1192,1821,0.8935957108348553,0.8632819170129205,0.8948431897091468,0.015144652217942856,0.05307206061669813,0.051705770411614865,0.016438805322008802,0.053068828735680404,0.0,0.0,0.0,0.0,0.0,0.0,0.0,0.0
woe_scorecard_platform_platt,Platform-signal WOE scorecard,W1,w01_2012m01_m06,5,2,1,primary_oot,2510,2260,251,2260,0.08262200352687521,0.05307507640286665,0.08297008948782546,2259,1,250,True,64651,0.05307332759163113,0.08298174820103316,62524,2127,6595,0.8945205041264155,0,0,0,0,0,31,2127,6626,8722,0.10248874727382407,0.13490897279237754,0.8650910272076224,0.8975112527261759,0.09996017522899243,6462.52528872959,-1.095510691016072,0.334368804194247,0.4757742479742983,0.0,1.0,False,64651,62524,2127,2510,0.8945205041264155,0.8650910272076224,0.8975112527261759,0.05307332759163113,0.08298174820103316,0.08262200352687521,0.05307507640286665,0.08297008948782546,0.0,0.0,0.0,0.0,0.0,0.0,0.0,0.0
woe_scorecard_platform_platt,Platform-signal WOE scorecard,W1,w01_2012m01_m06,5,3,2,primary_oot,3065,2760,306,2760,0.8928580899872146,0.08299323943612967,0.11157092057908599,2759,1,305,True,83959,0.0829819287178798,0.11157037585234604,81210,2749,9493,0.8831055288757542,0,0,0,0,0,0,2327,9493,11820,0.11306709227122762,0.14078300122678927,0.8592169987732108,0.8869329077287724,0.09980430528375733,8379.469667318983,-4.6281788112957205,0.009772540546200722,2.0099925190072825,-3.01874089886162,0.04886270273100361,True,83959,81210,2749,3065,0.8831055288757542,0.8592169987732108,0.8869329077287724,0.0829819287178798,0.11157037585234604,0.8928580899872146,0.08299323943612967,0.11157092057908599,0.0,0.0,0.0,0.0,0.0,0.0,0.0,0.0
woe_scorecard_platform_platt,Platform-signal WOE scorecard,W1,w01_2012m01_m06,5,4,3,primary_oot,3565,3210,356,3210,0.866169924727429,0.11159308166475626,0.14696203469924435,3209,1,355,True,90040,0.11157213318982084,0.14696663627732012,87174,2866,10006,0.8852180696079106,0,0,0,0,0,0,1935,10006,11941,0.11112838738338517,0.13261883607285652,0.8673811639271435,0.8888716126166148,0.09983174425126191,8988.850252383623,-4.15576645778765,0.01567377323904555,1.8048264406957994,-2.54632854535355,0.07836886619522775,False,90040,87174,2866,3565,0.8852180696079106,0.8673811639271435,0.8888716126166148,0.11157213318982084,0.14696663627732012,0.866169924727429,0.11159308166475626,0.14696203469924435,0.0,0.0,0.0,0.0,0.0,0.0,0.0,0.0
woe_scorecard_platform_platt,Platform-signal WOE scorecard,W1,w01_2012m01_m06,5,5,4,primary_oot,3987,3590,398,3590,0.820632533454388,0.14701334996484425,0.5314634475659251,3589,1,397,True,103102,0.14696692305197875,0.5556331471939644,99960,3142,10205,0.8979091636654661,0,0,0,0,0,0,1579,10205,11784,0.09897965121918101,0.11429458206436345,0.8857054179356365,0.901020348780819,0.09979939819458375,10289.517552657973,-0.5757484752559545,0.5622838557148443,0.25004438576787197,0.0,1.0,False,103102,99960,3142,3987,0.8979091636654661,0.8857054179356365,0.901020348780819,0.14696692305197875,0.5556331471939644,0.820632533454388,0.14701334996484425,0.5314634475659251,0.0,0.0,0.0,0.0,0.0,0.0,0.0,0.0
woe_scorecard_platform_platt,Platform-signal WOE scorecard,W2,w02_2012m02_m07,5,1,0,primary_oot,1894,1706,189,1706,0.051705770411614865,0.016438805322008802,0.053068828735680404,1705,1,188,True,35138,0.015144652217942856,0.05307206061669813,33946,1192,3612,0.8935957108348553,0,0,0,0,0,83,1192,3695,4804,0.1051568102908532,0.13671808298707952,0.8632819170129205,0.8948431897091468,0.09973614775725594,3504.528759894459,-1.516222857509855,0.2195395550396574,0.6584872203521105,0.0,1.0,False,35138,33946,1192,1894,0.8935957108348553,0.8632819170129205,0.8948431897091468,0.015144652217942856,0.05307206061669813,0.051705770411614865,0.016438805322008802,0.053068828735680404,0.0,0.0,0.0,0.0,0.0,0.0,0.0,0.0
woe_scorecard_platform_platt,Platform-signal WOE scorecard,W2,w02_2012m02_m07,5,2,1,primary_oot,2582,2325,258,2325,0.08261453349130692,0.05307507640286665,0.08297964752555571,2324,1,257,True,64651,0.05307332759163113,0.08298174820103316,62524,2127,6614,0.894216620817606,0,0,0,0,0,32,2127,6646,8741,0.10279810057075683,0.13520285842446367,0.8647971415755363,0.8972018994292432,0.09988385598141696,6457.591173054588,-1.1719259170964174,0.3097697754976017,0.5089609589943818,0.0,1.0,False,64651,62524,2127,2582,0.894216620817606,0.8647971415755363,0.8972018994292432,0.05307332759163113,0.08298174820103316,0.08261453349130692,0.05307507640286665,0.08297964752555571,0.0,0.0,0.0,0.0,0.0,0.0,0.0,0.0
woe_scorecard_platform_platt,Platform-signal WOE scorecard,W2,w02_2012m02_m07,5,3,2,primary_oot,3378,3042,337,3042,0.8932714582951211,0.08299323943612967,0.11157092057908599,3041,1,336,True,83959,0.0829819287178798,0.11157037585234604,81210,2749,9327,0.8851496121167344,0,0,0,0,0,0,2290,9327,11617,0.11108993675484463,0.13836515442061006,0.86163484557939,0.8889100632451554,0.09973364900858242,8373.537437111572,-4.042295760555569,0.017557119170991085,1.7555467430301919,-2.4328578481214684,0.08778559585495545,False,83959,81210,2749,3378,0.8851496121167344,0.86163484557939,0.8889100632451554,0.0829819287178798,0.11157037585234604,0.8932714582951211,0.08299323943612967,0.11157092057908599,0.0,0.0,0.0,0.0,0.0,0.0,0.0,0.0
woe_scorecard_platform_platt,Platform-signal WOE scorecard,W2,w02_2012m02_m07,5,4,3,primary_oot,4156,3742,415,3742,0.8667622645945511,0.11158563165463259,0.14696203469924435,3741,1,414,True,90040,0.11157213318982084,0.14696663627732012,87174,2866,9751,0.8881432537224402,0,0,0,0,0,0,1893,9751,11644,0.10829631274988893,0.12932030208796091,0.870679697912039,0.8917036872501111,0.09983160933365408,8988.838104402214,-3.2191281445153708,0.0399899084873102,1.3980495897024792,-1.6096902320812705,0.19994954243655097,False,90040,87174,2866,4156,0.8881432537224402,0.870679697912039,0.8917036872501111,0.11157213318982084,0.14696663627732012,0.8667622645945511,0.11158563165463259,0.14696203469924435,0.0,0.0,0.0,0.0,0.0,0.0,0.0,0.0
woe_scorecard_platform_platt,Platform-signal WOE scorecard,W2,w02_2012m02_m07,5,5,4,primary_oot,4664,4199,466,4199,0.820704425291185,0.1469872263379901,0.454135727406909,4198,1,465,True,103102,0.14696692305197875,0.5556331471939644,99960,3142,10189,0.8980692276910764,0,0,0,0,0,0,1577,10189,11766,0.0988244650928207,0.11411999767220811,0.8858800023277918,0.9011755349071793,0.09989281886387996,10299.149410503753,-0.5281230969798036,0.5897107615310607,0.2293609467839846,0.0,1.0,False,103102,99960,3142,4664,0.8980692276910764,0.8858800023277918,0.9011755349071793,0.14696692305197875,0.5556331471939644,0.820704425291185,0.1469872263379901,0.454135727406909,0.0,0.0,0.0,0.0,0.0,0.0,0.0,0.0
woe_scorecard_platform_platt,Platform-signal WOE scorecard,W3,w03_2012m03_m08,5,1,0,primary_oot,2104,1895,210,1895,0.05176795853644958,0.017476342656898337,0.053068828735680404,1894,1,209,True,35138,0.015144652217942856,0.05307206061669813,33946,1192,3510,0.8966004831202499,0,0,0,0,0,82,1192,3592,4702,0.10222551084296204,0.13381524275712903,0.8661847572428709,0.897774489157038,0.0997624703087886,3505.453681710214,-1.0452109321937932,0.3516176440743211,0.4539293402767183,0.0,1.0,False,35138,33946,1192,2104,0.8966004831202499,0.8661847572428709,0.897774489157038,0.015144652217942856,0.05307206061669813,0.05176795853644958,0.017476342656898337,0.053068828735680404,0.0,0.0,0.0,0.0,0.0,0.0,0.0,0.0
woe_scorecard_platform_platt,Platform-signal WOE scorecard,W3,w03_2012m03_m08,5,2,1,primary_oot,2710,2440,271,2440,0.08257296237836345,0.05307507640286665,0.08297964752555571,2439,1,270,True,64651,0.05307332759163113,0.08298174820103316,62524,2127,6715,0.8926012411234086,0,0,0,0,0,34,2127,6749,8842,0.10439127004996056,0.1367650925739741,0.8632349074260259,0.8956087299500395,0.099963113242346,6462.715234230911,-1.4968130512542812,0.22384239886375776,0.6500576486005035,0.0,1.0,False,64651,62524,2127,2710,0.8926012411234086,0.8632349074260259,0.8956087299500395,0.05307332759163113,0.08298174820103316,0.08257296237836345,0.05307507640286665,0.08297964752555571,0.0,0.0,0.0,0.0,0.0,0.0,0.0,0.0
woe_scorecard_platform_platt,Platform-signal WOE scorecard,W3,w03_2012m03_m08,5,3,2,primary_oot,3761,3386,376,3386,0.8917448503721951,0.08299395280471188,0.11157092057908599,3385,1,375,True,83959,0.0829819287178798,0.11157037585234604,81210,2749,9969,0.8772441817510159,0,0,0,0,0,0,2435,9969,12404,0.11873652616157887,0.14773877726032944,0.8522612227396705,0.8812634738384211,0.09994683678894205,8391.436469962786,-8.69882681302878,0.0001667813619771815,3.7778524839304493,-7.08938890059468,0.0008339068098859076,True,83959,81210,2749,3761,0.8772441817510159,0.8522612227396705,0.8812634738384211,0.0829819287178798,0.11157037585234604,0.8917448503721951,0.08299395280471188,0.11157092057908599,0.0,0.0,0.0,0.0,0.0,0.0,0.0,0.0
woe_scorecard_platform_platt,Platform-signal WOE scorecard,W3,w03_2012m03_m08,5,4,3,primary_oot,4941,4448,494,4448,0.866522684784726,0.11158563165463259,0.1469385198487247,4447,1,493,True,90040,0.11157213318982084,0.14696663627732012,87174,2866,9860,0.886892880904857,0,0,0,0,0,0,1908,9860,11768,0.10950688582852065,0.1306974677920924,0.8693025322079075,0.8904931141714794,0.09995953055443141,9000.356131121003,-4.106856817521888,0.016459428291767268,1.7835852538165058,-2.4974189050877875,0.08229714145883635,False,90040,87174,2866,4941,0.886892880904857,0.8693025322079075,0.8904931141714794,0.11157213318982084,0.14696663627732012,0.866522684784726,0.11158563165463259,0.1469385198487247,0.0,0.0,0.0,0.0,0.0,0.0,0.0,0.0
woe_scorecard_platform_platt,Platform-signal WOE scorecard,W3,w03_2012m03_m08,5,5,4,primary_oot,5533,4981,553,4981,0.8207075411423037,0.1469872263379901,0.454135727406909,4980,1,552,True,103102,0.14696692305197875,0.5556331471939644,99960,3142,10189,0.8980692276910764,0,0,0,0,0,0,1577,10189,11766,0.0988244650928207,0.11411999767220811,0.8858800023277918,0.9011755349071793,0.09992771955186122,10302.747741235995,-0.5086996434023092,0.6012769451173708,0.22092544807577483,0.0,1.0,False,103102,99960,3142,5533,0.8980692276910764,0.8858800023277918,0.9011755349071793,0.14696692305197875,0.5556331471939644,0.8207075411423037,0.1469872263379901,0.454135727406909,0.0,0.0,0.0,0.0,0.0,0.0,0.0,0.0
woe_scorecard_platform_platt,Platform-signal WOE scorecard,W4,w04_2012m04_m09,5,1,0,primary_oot,2199,1980,220,1980,0.05162455662778676,0.017476342656898337,0.053068828735680404,1979,1,219,True,35138,0.015144652217942856,0.05307206061669813,33946,1192,3741,0.8897955576503859,0,0,0,0,0,88,1192,3829,4933,0.1089703454949058,0.14038932210142865,0.8596106778985714,0.8910296545050942,0.1,3513.8,-2.4135309481040528,0.0894987206600998,1.0481831726643136,-0.8040930356699525,0.4474936033004989,False,35138,33946,1192,2199,0.8897955576503859,0.8596106778985714,0.8910296545050942,0.015144652217942856,0.05307206061669813,0.05162455662778676,0.017476342656898337,0.053068828735680404,0.0,0.0,0.0,0.0,0.0,0.0,0.0,0.0
woe_scorecard_platform_platt,Platform-signal WOE scorecard,W4,w04_2012m04_m09,5,2,1,primary_oot,2864,2579,286,2579,0.08252209378381913,0.05307507640286665,0.08297989159869684,2578,1,285,True,64651,0.05307332759163113,0.08298174820103316,62524,2127,6834,0.8906979719787602,0,0,0,0,0,40,2127,6874,8961,0.10632472815579032,0.13860574469072404,0.8613942553092759,0.8936752718442097,0.09982547993019197,6453.817102966841,-2.046278150361066,0.12921492827798567,0.8886873091410035,-0.4368402379269656,0.6460746413899282,False,64651,62524,2127,2864,0.8906979719787602,0.8613942553092759,0.8936752718442097,0.05307332759163113,0.08298174820103316,0.08252209378381913,0.05307507640286665,0.08297989159869684,0.0,0.0,0.0,0.0,0.0,0.0,0.0,0.0
woe_scorecard_platform_platt,Platform-signal WOE scorecard,W4,w04_2012m04_m09,5,3,2,primary_oot,4218,3798,421,3798,0.8908550637496875,0.0830001795493167,0.11156981949005823,3797,1,420,True,83959,0.0829819287178798,0.11157037585234604,81210,2749,10421,0.8716783647334072,0,0,0,0,0,0,2519,10421,12940,0.12412010624233256,0.15412284567467455,0.8458771543253254,0.8758798937576674,0.09978667930789287,8377.989808011378,-14.249243646248814,6.480852139382215e-07,6.188367886860831,-12.639805733814715,3.2404260696911047e-06,True,83959,81210,2749,4218,0.8716783647334072,0.8458771543253254,0.8758798937576674,0.0829819287178798,0.11157037585234604,0.8908550637496875,0.0830001795493167,0.11156981949005823,0.0,0.0,0.0,0.0,0.0,0.0,0.0,0.0
woe_scorecard_platform_platt,Platform-signal WOE scorecard,W4,w04_2012m04_m09,5,4,3,primary_oot,5758,5184,575,5184,0.8664095376944709,0.11158563165463259,0.14696566938092337,5183,1,574,True,90040,0.11157213318982084,0.14696663627732012,87174,2866,9911,0.8863078440819511,0,0,0,0,0,0,1918,9911,11829,0.1100733007552199,0.13137494446912484,0.8686250555308752,0.8899266992447801,0.09984372286855357,8989.928807084563,-4.944324069875756,0.007123728179554821,2.1472926602884685,-3.3348861574416553,0.03561864089777411,True,90040,87174,2866,5758,0.8863078440819511,0.8686250555308752,0.8899266992447801,0.11157213318982084,0.14696663627732012,0.8664095376944709,0.11158563165463259,0.14696566938092337,0.0,0.0,0.0,0.0,0.0,0.0,0.0,0.0
woe_scorecard_platform_platt,Platform-signal WOE scorecard,W4,w04_2012m04_m09,5,5,4,primary_oot,6728,6057,672,6057,0.8207075411423037,0.14698265180510928,0.454135727406909,6056,1,671,True,103102,0.14696692305197875,0.5556331471939644,99960,3142,10189,0.8980692276910764,0,0,0,0,0,0,1577,10189,11766,0.0988244650928207,0.11411999767220811,0.8858800023277918,0.9011755349071793,0.09986625055728934,10296.410164957646,-0.5018236364423698,0.6054255762396735,0.21793923619554478,0.0,1.0,False,103102,99960,3142,6728,0.8980692276910764,0.8858800023277918,0.9011755349071793,0.14696692305197875,0.5556331471939644,0.8207075411423037,0.14698265180510928,0.454135727406909,0.0,0.0,0.0,0.0,0.0,0.0,0.0,0.0
woe_scorecard_platform_platt,Platform-signal WOE scorecard,W5,w05_2012m05_m10,5,1,0,primary_oot,2281,2054,228,2054,0.0516643738011466,0.017476342656898337,0.05306818145011754,2053,1,227,True,35138,0.015144652217942856,0.05307206061669813,33946,1192,3677,0.8916809049667118,0,0,0,0,0,86,1192,3763,4869,0.1070920371108202,0.13856793215322444,0.8614320678467755,0.8929079628891798,0.09991235758106924,3510.720420683611,-2.0017873103041266,0.13509361312444698,0.8693651828090346,-0.3923493978700263,0.6754680656222349,False,35138,33946,1192,2281,0.8916809049667118,0.8614320678467755,0.8929079628891798,0.015144652217942856,0.05307206061669813,0.0516643738011466,0.017476342656898337,0.05306818145011754,0.0,0.0,0.0,0.0,0.0,0.0,0.0,0.0
woe_scorecard_platform_platt,Platform-signal WOE scorecard,W5,w05_2012m05_m10,5,2,1,primary_oot,3010,2710,301,2710,0.082592209115085,0.05311786106245833,0.08297989159869684,2709,1,300,True,64651,0.05307332759163113,0.08298174820103316,62524,2127,6659,0.8934968971914785,0,0,0,0,0,33,2127,6692,8786,0.10350961315370219,0.13589890334256238,0.8641010966574376,0.8964903868462978,0.09996678844237794,6462.952839588176,-1.34528889916119,0.26046444902854826,0.5842515454714049,0.0,1.0,False,64651,62524,2127,3010,0.8934968971914785,0.8641010966574376,0.8964903868462978,0.05307332759163113,0.08298174820103316,0.082592209115085,0.05311786106245833,0.08297989159869684,0.0,0.0,0.0,0.0,0.0,0.0,0.0,0.0
woe_scorecard_platform_platt,Platform-signal WOE scorecard,W5,w05_2012m05_m10,5,3,2,primary_oot,4620,4159,462,4159,0.8886831699133111,0.08299920774097194,0.11156981949005823,4158,1,461,True,83959,0.0829819287178798,0.11157037585234604,81210,2749,11417,0.8594138652875262,0,0,0,0,0,0,2716,11417,14133,0.13598303934063055,0.16833216212675234,0.8316678378732476,0.8640169606593695,0.09997835966241074,8394.083098896343,-29.364608465621988,1.7664956817669574e-13,12.752887419869143,-27.755170553187888,8.832478408834781e-13,True,83959,81210,2749,4620,0.8594138652875262,0.8316678378732476,0.8640169606593695,0.0829819287178798,0.11157037585234604,0.8886831699133111,0.08299920774097194,0.11156981949005823,0.0,0.0,0.0,0.0,0.0,0.0,0.0,0.0
woe_scorecard_platform_platt,Platform-signal WOE scorecard,W5,w05_2012m05_m10,5,4,3,primary_oot,6597,5939,659,5939,0.8658020182635762,0.11158563165463259,0.14696566938092337,5938,1,658,True,90040,0.11157213318982084,0.14696663627732012,87174,2866,10141,0.8836694427237479,0,0,0,0,0,0,1964,10141,12105,0.11262772101288317,0.13444024877832075,0.8655597512216793,0.8873722789871168,0.09987875113670809,8993.082752349197,-7.386940813453685,0.0006192875748403253,3.2081076334288534,-5.777502901019584,0.003096437874201627,True,90040,87174,2866,6597,0.8836694427237479,0.8655597512216793,0.8873722789871168,0.11157213318982084,0.14696663627732012,0.8658020182635762,0.11158563165463259,0.14696566938092337,0.0,0.0,0.0,0.0,0.0,0.0,0.0,0.0
woe_scorecard_platform_platt,Platform-signal WOE scorecard,W5,w05_2012m05_m10,5,5,4,primary_oot,7762,6987,776,6987,0.819701753932392,0.14697568787595489,0.454135727406909,6986,1,775,True,103102,0.14696692305197875,0.5556331471939644,99960,3142,10421,0.8957482993197279,0,0,0,0,0,0,1610,10421,12031,0.1010746639250451,0.11669026789005063,0.8833097321099493,0.898925336074955,0.09996135514620637,10306.21563828417,-0.9853338149138802,0.3733145881575806,0.42792503864977816,0.0,1.0,False,103102,99960,3142,7762,0.8957482993197279,0.8833097321099493,0.898925336074955,0.14696692305197875,0.5556331471939644,0.819701753932392,0.14697568787595489,0.454135727406909,0.0,0.0,0.0,0.0,0.0,0.0,0.0,0.0
woe_scorecard_platform_platt,Platform-signal WOE scorecard,W6,w06_2012m06_m11,5,1,0,primary_oot,2270,2044,227,2044,0.0516643738011466,0.018712895416408692,0.05306818145011754,2043,1,226,True,35138,0.015144652217942856,0.05307206061669813,33946,1192,3677,0.8916809049667118,0,0,0,0,0,86,1192,3763,4869,0.1070920371108202,0.13856793215322444,0.8614320678467755,0.8929079628891798,0.09995596653456627,3512.2527520915896,-1.9872284605001624,0.1370748077102094,0.8630423546763147,-0.37779054806606216,0.6853740385510471,False,35138,33946,1192,2270,0.8916809049667118,0.8614320678467755,0.8929079628891798,0.015144652217942856,0.05307206061669813,0.0516643738011466,0.018712895416408692,0.05306818145011754,0.0,0.0,0.0,0.0,0.0,0.0,0.0,0.0
woe_scorecard_platform_platt,Platform-signal WOE scorecard,W6,w06_2012m06_m11,5,2,1,primary_oot,3131,2819,313,2819,0.08262740301063291,0.05308488114755205,0.08297989159869684,2818,1,312,True,64651,0.05307332759163113,0.08298174820103316,62524,2127,6587,0.8946484549932826,0,0,0,0,0,30,2127,6617,8714,0.10234953829020432,0.13478523147360444,0.8652147685263956,0.8976504617097957,0.09993614303959132,6460.971583652618,-1.1211242476585044,0.32591318144853326,0.4868980742860231,0.0,1.0,False,64651,62524,2127,3131,0.8946484549932826,0.8652147685263956,0.8976504617097957,0.05307332759163113,0.08298174820103316,0.08262740301063291,0.05308488114755205,0.08297989159869684,0.0,0.0,0.0,0.0,0.0,0.0,0.0,0.0
woe_scorecard_platform_platt,Platform-signal WOE scorecard,W6,w06_2012m06_m11,5,3,2,primary_oot,5058,4554,505,4554,0.8886418869164812,0.08299920774097194,0.11156880132940672,4553,1,504,True,83959,0.0829819287178798,0.11157037585234604,81210,2749,11438,0.8591552764437878,0,0,0,0,0,0,2722,11438,14160,0.1362331614240284,0.1686537476625496,0.8313462523374504,0.8637668385759716,0.09982209922909666,8380.963629175727,-32.41694251140555,8.346429841216966e-15,14.078499252878371,-30.80750459897145,4.1732149206084794e-14,True,83959,81210,2749,5058,0.8591552764437878,0.8313462523374504,0.8637668385759716,0.0829819287178798,0.11157037585234604,0.8886418869164812,0.08299920774097194,0.11156880132940672,0.0,0.0,0.0,0.0,0.0,0.0,0.0,0.0
woe_scorecard_platform_platt,Platform-signal WOE scorecard,W6,w06_2012m06_m11,5,4,3,primary_oot,7370,6634,737,6634,0.8655770743208384,0.11157560549045502,0.14696566938092337,6633,1,736,True,90040,0.11157213318982084,0.14696663627732012,87174,2866,10240,0.8825337830086952,0,0,0,0,0,0,1983,10240,12223,0.11372723234118169,0.13575077743225233,0.8642492225677476,0.8862727676588184,0.09998643331976666,9002.77845611179,-8.949017890660798,0.00012986463871102376,3.8865090883674625,-7.3395799782266975,0.0006493231935551189,True,90040,87174,2866,7370,0.8825337830086952,0.8642492225677476,0.8862727676588184,0.11157213318982084,0.14696663627732012,0.8655770743208384,0.11157560549045502,0.14696566938092337,0.0,0.0,0.0,0.0,0.0,0.0,0.0,0.0
woe_scorecard_platform_platt,Platform-signal WOE scorecard,W6,w06_2012m06_m11,5,5,4,primary_oot,8856,7972,885,7972,0.8179061215295095,0.14697568787595489,0.454135727406909,7971,1,884,True,103102,0.14696692305197875,0.5556331471939644,99960,3142,10864,0.8913165266106442,0,0,0,0,0,0,1672,10864,12536,0.105371379798646,0.1215883300032977,0.8784116699967023,0.894628620201354,0.09992096646720108,10302.051484701366,-2.95421972935765,0.05211931188335445,1.2830013267897453,-1.3447818169235497,0.26059655941677223,False,103102,99960,3142,8856,0.8913165266106442,0.8784116699967023,0.894628620201354,0.14696692305197875,0.5556331471939644,0.8179061215295095,0.14697568787595489,0.454135727406909,0.0,0.0,0.0,0.0,0.0,0.0,0.0,0.0
woe_scorecard_platform_platt,Platform-signal WOE scorecard,W7,w07_2012m07_m12,5,1,0,primary_oot,2228,2007,222,2007,0.051736983050309826,0.02009686131110434,0.05306818145011754,2006,1,221,True,35138,0.015144652217942856,0.05307206061669813,33946,1192,3558,0.8951864726330053,0,0,0,0,0,83,1192,3641,4750,0.1036200125220559,0.1351812852182822,0.8648187147817178,0.8963799874779441,0.09959623149394348,3499.612382234186,-1.324103091932324,0.26604146685112484,0.5750506662972424,0.0,1.0,False,35138,33946,1192,2228,0.8951864726330053,0.8648187147817178,0.8963799874779441,0.015144652217942856,0.05307206061669813,0.051736983050309826,0.02009686131110434,0.05306818145011754,0.0,0.0,0.0,0.0,0.0,0.0,0.0,0.0
woe_scorecard_platform_platt,Platform-signal WOE scorecard,W7,w07_2012m07_m12,5,2,1,primary_oot,3329,2997,333,2997,0.08247319218805824,0.05308488114755205,0.08297989159869684,2996,1,332,True,64651,0.05307332759163113,0.08298174820103316,62524,2127,6937,0.8890506045678459,0,0,0,0,0,42,2127,6979,9064,0.10794883296468732,0.14019891416992777,0.8598010858300722,0.8920511670353126,0.1,6465.1,-2.65234161892597,0.07048596838831588,1.1518973292218861,-1.0429037064918696,0.35242984194157934,False,64651,62524,2127,3329,0.8890506045678459,0.8598010858300722,0.8920511670353126,0.05307332759163113,0.08298174820103316,0.08247319218805824,0.05308488114755205,0.08297989159869684,0.0,0.0,0.0,0.0,0.0,0.0,0.0,0.0
woe_scorecard_platform_platt,Platform-signal WOE scorecard,W7,w07_2012m07_m12,5,3,2,primary_oot,5419,4878,542,4878,0.11144523824469009,0.08299606167965831,0.11156880132940672,4877,1,541,True,83959,0.0829819287178798,0.11157037585234604,81210,2749,11835,0.8542667159216846,0,0,0,0,0,17,2749,11852,14584,0.141164139639586,0.17370383163210615,0.8262961683678939,0.858835860360414,0.1,8395.9,-42.41210029969552,3.807666244425588e-19,18.419341126085016,-40.802662387261414,1.9038331222127992e-18,True,83959,81210,2749,5419,0.8542667159216846,0.8262961683678939,0.858835860360414,0.0829819287178798,0.11157037585234604,0.11144523824469009,0.08299606167965831,0.11156880132940672,0.0,0.0,0.0,0.0,0.0,0.0,0.0,0.0
woe_scorecard_platform_platt,Platform-signal WOE scorecard,W7,w07_2012m07_m12,5,4,3,primary_oot,7848,7065,784,7065,0.8637891842072416,0.11157560549045502,0.14696566938092337,7064,1,783,True,90040,0.11157213318982084,0.14696663627732012,87174,2866,10992,0.8739073576983963,0,0,0,0,0,0,2127,10992,13119,0.12207907596623722,0.14570191026210574,0.8542980897378942,0.8779209240337628,0.09988533571155561,8993.675627468467,-20.40071657149679,1.3806429071777202e-09,8.859918633873281,-18.79127865906269,6.903214535888595e-09,True,90040,87174,2866,7848,0.8739073576983963,0.8542980897378942,0.8779209240337628,0.11157213318982084,0.14696663627732012,0.8637891842072416,0.11157560549045502,0.14696566938092337,0.0,0.0,0.0,0.0,0.0,0.0,0.0,0.0
woe_scorecard_platform_platt,Platform-signal WOE scorecard,W7,w07_2012m07_m12,5,5,4,primary_oot,9587,8630,958,8630,0.8155138243109352,0.14697568787595489,0.454135727406909,8629,1,957,True,103102,0.14696692305197875,0.5556331471939644,99960,3142,11408,0.885874349739896,0,0,0,0,0,0,1746,11408,13154,0.11064770809489631,0.1275823941339644,0.8724176058660356,0.8893522919051037,0.0999165623696287,10301.59741343346,-7.503065323757426,0.0005513915832835359,3.2585398674674853,-5.893627411323325,0.0027569579164176796,True,103102,99960,3142,9587,0.885874349739896,0.8724176058660356,0.8893522919051037,0.14696692305197875,0.5556331471939644,0.8155138243109352,0.14697568787595489,0.454135727406909,0.0,0.0,0.0,0.0,0.0,0.0,0.0,0.0
woe_scorecard_platform_platt,Platform-signal WOE scorecard,W8,w08_2012m08_2013m01,5,1,0,primary_oot,2118,1908,211,1908,0.05178130863260558,0.02009686131110434,0.05306818145011754,1907,1,210,True,35138,0.015144652217942856,0.05307206061669813,33946,1192,3488,0.8972485712602368,0,0,0,0,0,82,1192,3570,4680,0.10159940804826684,0.13318913996243384,0.8668108600375661,0.8984005919517332,0.09957527135441246,3498.8758848513453,-0.9798431569686512,0.3753699683983607,0.42554047620214697,0.0,1.0,False,35138,33946,1192,2118,0.8972485712602368,0.8668108600375661,0.8984005919517332,0.015144652217942856,0.05307206061669813,0.05178130863260558,0.02009686131110434,0.05306818145011754,0.0,0.0,0.0,0.0,0.0,0.0,0.0,0.0
woe_scorecard_platform_platt,Platform-signal WOE scorecard,W8,w08_2012m08_2013m01,5,2,1,primary_oot,3393,3055,339,3055,0.08232290853665362,0.05308488114755205,0.08297989159869684,3054,1,338,True,64651,0.05307332759163113,0.08298174820103316,62524,2127,7285,0.8834847418591261,0,0,0,0,0,57,2127,7342,9412,0.11356359530401695,0.14558166153655783,0.8544183384634422,0.8864364046959831,0.09988214496169712,6457.48055391868,-5.109376040084946,0.006039850372634193,2.2189738201775797,-3.4999381276508457,0.03019925186317097,True,64651,62524,2127,3393,0.8834847418591261,0.8544183384634422,0.8864364046959831,0.05307332759163113,0.08298174820103316,0.08232290853665362,0.05308488114755205,0.08297989159869684,0.0,0.0,0.0,0.0,0.0,0.0,0.0,0.0
woe_scorecard_platform_platt,Platform-signal WOE scorecard,W8,w08_2012m08_2013m01,5,3,2,primary_oot,5636,5074,563,5074,0.11136772941139148,0.08299606167965831,0.11156880132940672,5073,1,562,True,83959,0.0829819287178798,0.11157037585234604,81210,2749,12033,0.8518285925378648,0,0,0,0,0,25,2749,12058,14782,0.1436177181719649,0.17606212556128586,0.8239378744387141,0.8563822818280351,0.0998758204718822,8385.474010998758,-48.77576813144439,6.560743365349263e-22,21.18304695007878,-47.166330219010284,3.2803716826746406e-21,True,83959,81210,2749,5636,0.8518285925378648,0.8239378744387141,0.8563822818280351,0.0829819287178798,0.11157037585234604,0.11136772941139148,0.08299606167965831,0.11156880132940672,0.0,0.0,0.0,0.0,0.0,0.0,0.0,0.0
woe_scorecard_platform_platt,Platform-signal WOE scorecard,W8,w08_2012m08_2013m01,5,4,3,primary_oot,8306,7477,830,7477,0.8623485518747436,0.11157560549045502,0.14696566938092337,7476,1,829,True,90040,0.11157213318982084,0.14696663627732012,87174,2866,11577,0.8671966412003579,0,0,0,0,0,0,2217,11577,13794,0.12857618836072857,0.15319857840959575,0.8468014215904043,0.8714238116392714,0.09991573371855061,8996.412664018297,-33.093510152753915,4.242981653038588e-15,14.372328846150264,-31.484072240319815,2.1214908265192922e-14,True,90040,87174,2866,8306,0.8671966412003579,0.8468014215904043,0.8714238116392714,0.11157213318982084,0.14696663627732012,0.8623485518747436,0.11157560549045502,0.14696566938092337,0.0,0.0,0.0,0.0,0.0,0.0,0.0,0.0
woe_scorecard_platform_platt,Platform-signal WOE scorecard,W8,w08_2012m08_2013m01,5,5,4,primary_oot,10676,9610,1067,9610,0.8107571491152097,0.14696741167621105,0.4564407916373942,9609,1,1066,True,103102,0.14696692305197875,0.5556331471939644,99960,3142,12391,0.8760404161664666,0,0,0,0,0,0,1886,12391,14277,0.12018195573315746,0.13847452037787822,0.8615254796221218,0.8798180442668425,0.09993443851269083,10303.440479535451,-22.67459807797612,1.4208465443354943e-10,9.847452824639108,-21.06516016554202,7.104232721677465e-10,True,103102,99960,3142,10676,0.8760404161664666,0.8615254796221218,0.8798180442668425,0.14696692305197875,0.5556331471939644,0.8107571491152097,0.14696741167621105,0.4564407916373942,0.0,0.0,0.0,0.0,0.0,0.0,0.0,0.0
woe_scorecard_borrower_platt,Pricing-excluded application WOE scorecard,W1,w01_2012m01_m06,5,1,0,primary_oot,1800,1621,180,1621,0.056278470506400696,0.014322950260611988,0.05744044127110159,1620,1,179,True,39047,0.010873251873523948,0.05745919611907228,37814,1233,4219,0.8884275665097583,0,0,0,0,0,54,1233,4273,5452,0.10943222270596972,0.1396266038364023,0.8603733961635978,0.8905677772940302,0.09994447529150471,3902.5319267073846,-2.3303778069596097,0.09725899502217249,1.0120702223123599,-0.7209398945255094,0.4862949751108624,False,39047,37814,1233,1800,0.8884275665097583,0.8603733961635978,0.8905677772940302,0.010873251873523948,0.05745919611907228,0.056278470506400696,0.014322950260611988,0.05744044127110159,0.0,0.0,0.0,0.0,0.0,0.0,0.0,0.0
woe_scorecard_borrower_platt,Pricing-excluded application WOE scorecard,W1,w01_2012m01_m06,5,2,1,primary_oot,2687,2420,268,2420,0.08191563265532555,0.057467630658526475,0.08214167971508696,2419,1,267,True,58224,0.05746176647970872,0.08214382448605627,56371,1853,6737,0.8804881942842951,0,0,0,0,0,17,1853,6754,8590,0.11600027480076944,0.14753366309425667,0.8524663369057434,0.8839997251992305,0.09970238095238096,5805.071428571429,-5.5262055709534765,0.003981066339978466,2.4000005853281037,-3.916767658519376,0.019905331699892333,True,58224,56371,1853,2687,0.8804881942842951,0.8524663369057434,0.8839997251992305,0.05746176647970872,0.08214382448605627,0.08191563265532555,0.057467630658526475,0.08214167971508696,0.0,0.0,0.0,0.0,0.0,0.0,0.0,0.0
woe_scorecard_borrower_platt,Pricing-excluded application WOE scorecard,W1,w01_2012m01_m06,5,3,2,primary_oot,3101,2792,310,2792,0.8967211272446106,0.08216412679183437,0.10773856583435955,2791,1,309,True,72677,0.08214407772292079,0.10774290982685271,70244,2433,7882,0.8877911280678776,0,0,0,0,0,0,2006,7882,9888,0.10845246776834487,0.13605404736023777,0.8639459526397623,0.8915475322316552,0.09993552546744036,7263.014184397163,-2.7586488820837447,0.0633773407980324,1.1980659869975447,-1.1492109696496444,0.31688670399016194,False,72677,70244,2433,3101,0.8877911280678776,0.8639459526397623,0.8915475322316552,0.08214407772292079,0.10774290982685271,0.8967211272446106,0.08216412679183437,0.10773856583435955,0.0,0.0,0.0,0.0,0.0,0.0,0.0,0.0
woe_scorecard_borrower_platt,Pricing-excluded application WOE scorecard,W1,w01_2012m01_m06,5,4,3,primary_oot,3484,3137,348,3137,0.8685932743510872,0.10774307337686684,0.14456946546184873,3136,1,347,True,87156,0.10774333531054348,0.1445720605200189,84389,2767,9186,0.8911469504319284,0,0,0,0,0,0,1915,9186,11101,0.10539721878011842,0.12736931479186744,0.8726306852081326,0.8946027812198816,0.09985652797704447,8703.095552367287,-1.9449773806430368,0.14299045765371768,0.8446929438399114,-0.33553946820893654,0.7149522882685884,False,87156,84389,2767,3484,0.8911469504319284,0.8726306852081326,0.8946027812198816,0.10774333531054348,0.1445720605200189,0.8685932743510872,0.10774307337686684,0.14456946546184873,0.0,0.0,0.0,0.0,0.0,0.0,0.0,0.0
woe_scorecard_borrower_platt,Pricing-excluded application WOE scorecard,W1,w01_2012m01_m06,5,5,4,primary_oot,3876,3490,387,3490,0.8157327967164133,0.14459696393970622,0.6173035753259409,3489,1,386,True,119786,0.14457379589355265,0.6610262139333022,115996,3790,11000,0.905169143763578,0,0,0,0,0,0,1887,11000,12887,0.09183043093516771,0.10758352395104603,0.8924164760489539,0.9081695690648323,0.09981944802682487,11956.972401341243,-0.049698759293628214,0.9515160166889216,0.021583896918660684,0.0,1.0,False,119786,115996,3790,3876,0.905169143763578,0.8924164760489539,0.9081695690648323,0.14457379589355265,0.6610262139333022,0.8157327967164133,0.14459696393970622,0.6173035753259409,0.0,0.0,0.0,0.0,0.0,0.0,0.0,0.0
woe_scorecard_borrower_platt,Pricing-excluded application WOE scorecard,W2,w02_2012m02_m07,5,1,0,primary_oot,1857,1673,185,1673,0.05626523794205311,0.014322950260611988,0.05744044127110159,1672,1,184,True,39047,0.010873251873523948,0.05745919611907228,37814,1233,4248,0.8876606547839425,0,0,0,0,0,54,1233,4302,5481,0.1101749174072272,0.14036929853765975,0.8596307014623402,0.8898250825927728,0.09956942949407965,3887.887513455328,-2.642446289385126,0.0711869125909089,1.1475998422056835,-1.0330083769510259,0.35593456295454445,False,39047,37814,1233,1857,0.8876606547839425,0.8596307014623402,0.8898250825927728,0.010873251873523948,0.05745919611907228,0.05626523794205311,0.014322950260611988,0.05744044127110159,0.0,0.0,0.0,0.0,0.0,0.0,0.0,0.0
woe_scorecard_borrower_platt,Pricing-excluded application WOE scorecard,W2,w02_2012m02_m07,5,2,1,primary_oot,2863,2578,286,2578,0.08201216472743536,0.05746464644837779,0.08214167971508696,2577,1,285,True,58224,0.05746176647970872,0.08214382448605627,56371,1853,6541,0.8839651593904667,0,0,0,0,0,10,1853,6551,8394,0.1125137400384721,0.14416735366859026,0.8558326463314098,0.8874862599615279,0.09986033519553073,5814.268156424581,-4.135937045898347,0.015987676921512955,1.7962146365328882,-2.526499133464246,0.07993838460756478,False,58224,56371,1853,2863,0.8839651593904667,0.8558326463314098,0.8874862599615279,0.05746176647970872,0.08214382448605627,0.08201216472743536,0.05746464644837779,0.08214167971508696,0.0,0.0,0.0,0.0,0.0,0.0,0.0,0.0
woe_scorecard_borrower_platt,Pricing-excluded application WOE scorecard,W2,w02_2012m02_m07,5,3,2,primary_oot,3436,3094,343,3094,0.896869508626507,0.08215383165415745,0.10773856583435955,3093,1,342,True,72677,0.08214407772292079,0.10774290982685271,70244,2433,7815,0.8887449461875747,0,0,0,0,0,0,1998,7815,9813,0.10753058051378014,0.13502208401557578,0.8649779159844242,0.8924694194862198,0.09979633401221996,7252.89816700611,-2.6295708090306187,0.07210940430339825,1.1420080921358673,-1.0201328965965184,0.3605470215169912,False,72677,70244,2433,3436,0.8887449461875747,0.8649779159844242,0.8924694194862198,0.08214407772292079,0.10774290982685271,0.896869508626507,0.08215383165415745,0.10773856583435955,0.0,0.0,0.0,0.0,0.0,0.0,0.0,0.0
woe_scorecard_borrower_platt,Pricing-excluded application WOE scorecard,W2,w02_2012m02_m07,5,4,3,primary_oot,3989,3591,399,3591,0.8699044158877978,0.10774307337686684,0.14456946546184873,3590,1,398,True,87156,0.10774333531054348,0.1445720605200189,84389,2767,8767,0.8961120525186932,0,0,0,0,0,0,1822,8767,10589,0.10058974712010647,0.12149479094956171,0.8785052090504383,0.8994102528798935,0.1,8715.6,-0.8059582222623041,0.44665972214518557,0.3500232085730732,0.0,1.0,False,87156,84389,2767,3989,0.8961120525186932,0.8785052090504383,0.8994102528798935,0.10774333531054348,0.1445720605200189,0.8699044158877978,0.10774307337686684,0.14456946546184873,0.0,0.0,0.0,0.0,0.0,0.0,0.0,0.0
woe_scorecard_borrower_platt,Pricing-excluded application WOE scorecard,W2,w02_2012m02_m07,5,5,4,primary_oot,4529,4077,453,4077,0.8151935626412361,0.14458337928007758,0.5357958794822116,4076,1,452,True,119786,0.14457379589355265,0.6610262139333022,115996,3790,11111,0.9042122142142832,0,0,0,0,0,0,1901,11111,13012,0.09275708346551349,0.1086270515753093,0.8913729484246907,0.9072429165344865,0.1,11978.6,-0.054299525133019166,0.9471483692694092,0.02358198413523716,0.0,1.0,False,119786,115996,3790,4529,0.9042122142142832,0.8913729484246907,0.9072429165344865,0.14457379589355265,0.6610262139333022,0.8151935626412361,0.14458337928007758,0.5357958794822116,0.0,0.0,0.0,0.0,0.0,0.0,0.0,0.0
woe_scorecard_borrower_platt,Pricing-excluded application WOE scorecard,W3,w03_2012m03_m08,5,1,0,primary_oot,2047,1844,204,1844,0.056151779714208136,0.01561617305214018,0.05744044127110159,1843,1,203,True,39047,0.010873251873523948,0.05745919611907228,37814,1233,4412,0.8833236367482943,0,0,0,0,0,58,1233,4470,5645,0.11447742464209798,0.14456936512408122,0.8554306348759187,0.885522575357902,0.099609375,3889.447265625,-4.076098818109309,0.01697355357821899,1.7702272243972395,-2.4666609056752087,0.08486776789109496,False,39047,37814,1233,2047,0.8833236367482943,0.8554306348759187,0.885522575357902,0.010873251873523948,0.05745919611907228,0.056151779714208136,0.01561617305214018,0.05744044127110159,0.0,0.0,0.0,0.0,0.0,0.0,0.0,0.0
woe_scorecard_borrower_platt,Pricing-excluded application WOE scorecard,W3,w03_2012m03_m08,5,2,1,primary_oot,3126,2815,312,2815,0.08188511978961184,0.05746464644837779,0.08213118401087623,2814,1,311,True,58224,0.05746176647970872,0.08214382448605627,56371,1853,6806,0.8792641606499796,0,0,0,0,0,18,1853,6824,8659,0.11720252816707886,0.14871874141247596,0.851281258587524,0.8827974718329211,0.09977614326830828,5809.366165653981,-6.728930254303195,0.0011958114883620162,2.9223372785557222,-5.119492341869094,0.005979057441810081,True,58224,56371,1853,3126,0.8792641606499796,0.851281258587524,0.8827974718329211,0.05746176647970872,0.08214382448605627,0.08188511978961184,0.05746464644837779,0.08213118401087623,0.0,0.0,0.0,0.0,0.0,0.0,0.0,0.0
woe_scorecard_borrower_platt,Pricing-excluded application WOE scorecard,W3,w03_2012m03_m08,5,3,2,primary_oot,3850,3466,385,3466,0.896512264438827,0.08215383165415745,0.10773856583435955,3465,1,384,True,72677,0.08214407772292079,0.10774290982685271,70244,2433,7946,0.886880018222197,0,0,0,0,0,0,2033,7946,9979,0.1093330764891231,0.1373061628850943,0.8626938371149057,0.8906669235108768,0.09997403271877435,7265.812775902364,-3.4400509103203794,0.03206305294601076,1.4939951278183987,-1.830612997886279,0.16031526473005378,False,72677,70244,2433,3850,0.886880018222197,0.8626938371149057,0.8906669235108768,0.08214407772292079,0.10774290982685271,0.896512264438827,0.08215383165415745,0.10773856583435955,0.0,0.0,0.0,0.0,0.0,0.0,0.0,0.0
woe_scorecard_borrower_platt,Pricing-excluded application WOE scorecard,W3,w03_2012m03_m08,5,4,3,primary_oot,4669,4203,467,4203,0.8696102851887344,0.10774307337686684,0.14456946546184873,4202,1,466,True,87156,0.10774333531054348,0.1445720605200189,84389,2767,8875,0.894832264868644,0,0,0,0,0,0,1838,8875,10713,0.10182890449309284,0.12291752719262013,0.8770824728073798,0.8981710955069071,0.1,8715.6,-1.082053682742866,0.3388988198255963,0.4699299435383186,0.0,1.0,False,87156,84389,2767,4669,0.894832264868644,0.8770824728073798,0.8981710955069071,0.10774333531054348,0.1445720605200189,0.8696102851887344,0.10774307337686684,0.14456946546184873,0.0,0.0,0.0,0.0,0.0,0.0,0.0,0.0
woe_scorecard_borrower_platt,Pricing-excluded application WOE scorecard,W3,w03_2012m03_m08,5,5,4,primary_oot,5357,4823,535,4823,0.8157350170065134,0.14458337928007758,0.5357958794822116,4822,1,534,True,119786,0.14457379589355265,0.6610262139333022,115996,3790,11000,0.905169143763578,0,0,0,0,0,0,1887,11000,12887,0.09183043093516771,0.10758352395104603,0.8924164760489539,0.9081695690648323,0.09985069055617768,11960.7148189623,-0.02583280941514232,0.9744980028806315,0.01121904658105468,0.0,1.0,False,119786,115996,3790,5357,0.905169143763578,0.8924164760489539,0.9081695690648323,0.14457379589355265,0.6610262139333022,0.8157350170065134,0.14458337928007758,0.5357958794822116,0.0,0.0,0.0,0.0,0.0,0.0,0.0,0.0
woe_scorecard_borrower_platt,Pricing-excluded application WOE scorecard,W4,w04_2012m04_m09,5,1,0,primary_oot,2138,1926,213,1926,0.05598548398560349,0.015370909569212528,0.05744044127110159,1925,1,212,True,39047,0.010873251873523948,0.05745919611907228,37814,1233,4672,0.8764478764478765,0,0,0,0,0,68,1233,4740,5905,0.12139216841242605,0.15122800727328603,0.848771992726714,0.8786078315875739,0.09957924263674614,3888.2706872370263,-6.986272964893726,0.0009244857094144445,3.034099797723216,-5.376835052459626,0.004622428547072223,True,39047,37814,1233,2138,0.8764478764478765,0.848771992726714,0.8786078315875739,0.010873251873523948,0.05745919611907228,0.05598548398560349,0.015370909569212528,0.05744044127110159,0.0,0.0,0.0,0.0,0.0,0.0,0.0,0.0
woe_scorecard_borrower_platt,Pricing-excluded application WOE scorecard,W4,w04_2012m04_m09,5,2,1,primary_oot,3345,3012,334,3012,0.08171461238775335,0.05746464644837779,0.08213338184836397,3011,1,333,True,58224,0.05746176647970872,0.08214382448605627,56371,1853,7168,0.8728424189742953,0,0,0,0,0,30,1853,7198,9021,0.12362599615278923,0.1549361088211047,0.8450638911788952,0.8763740038472108,0.09982068141063957,5811.959354453078,-11.27303100040332,1.2711149955709231e-05,4.895815157799456,-9.66359308796922,6.35557497785461e-05,True,58224,56371,1853,3345,0.8728424189742953,0.8450638911788952,0.8763740038472108,0.05746176647970872,0.08214382448605627,0.08171461238775335,0.05746464644837779,0.08213338184836397,0.0,0.0,0.0,0.0,0.0,0.0,0.0,0.0
woe_scorecard_borrower_platt,Pricing-excluded application WOE scorecard,W4,w04_2012m04_m09,5,3,2,primary_oot,4375,3939,437,3939,0.8958041623819291,0.08215383165415745,0.10773643237076942,3938,1,436,True,72677,0.08214407772292079,0.10774290982685271,70244,2433,8204,0.8832071066567964,0,0,0,0,0,0,2096,8204,10300,0.11288303039476037,0.14172296600024767,0.8582770339997523,0.8871169696052397,0.09986288848263254,7257.735146252286,-5.6780701734051675,0.0034201523797929762,2.4659545441693043,-4.068632260971067,0.017100761898964884,True,72677,70244,2433,4375,0.8832071066567964,0.8582770339997523,0.8871169696052397,0.08214407772292079,0.10774290982685271,0.8958041623819291,0.08215383165415745,0.10773643237076942,0.0,0.0,0.0,0.0,0.0,0.0,0.0,0.0
woe_scorecard_borrower_platt,Pricing-excluded application WOE scorecard,W4,w04_2012m04_m09,5,4,3,primary_oot,5417,4877,541,4877,0.8691427808239305,0.10774307337686684,0.14457222952263932,4876,1,540,True,87156,0.10774333531054348,0.1445720605200189,84389,2767,9025,0.8930547820213535,0,0,0,0,0,0,1876,9025,10901,0.10354995640001836,0.12507457891596677,0.8749254210840333,0.8964500435999816,0.09985234403839055,8702.730897009968,-1.6671226807700448,0.1887894925341325,0.7240221809141868,-0.05768476833594449,0.9439474626706623,False,87156,84389,2767,5417,0.8930547820213535,0.8749254210840333,0.8964500435999816,0.10774333531054348,0.1445720605200189,0.8691427808239305,0.10774307337686684,0.14457222952263932,0.0,0.0,0.0,0.0,0.0,0.0,0.0,0.0
woe_scorecard_borrower_platt,Pricing-excluded application WOE scorecard,W4,w04_2012m04_m09,5,5,4,primary_oot,6492,5844,649,5844,0.8160345634197681,0.14458337928007758,0.5357958794822116,5843,1,648,True,119786,0.14457379589355265,0.6610262139333022,115996,3790,10936,0.9057208869271354,0,0,0,0,0,0,1876,10936,12812,0.09129614479154492,0.10695740737648807,0.8930425926235119,0.9087038552084551,0.0999537963961189,11973.065455105498,-0.010359308668340006,0.9896941641632225,0.004498990590992588,0.0,1.0,False,119786,115996,3790,6492,0.9057208869271354,0.8930425926235119,0.9087038552084551,0.14457379589355265,0.6610262139333022,0.8160345634197681,0.14458337928007758,0.5357958794822116,0.0,0.0,0.0,0.0,0.0,0.0,0.0,0.0
woe_scorecard_borrower_platt,Pricing-excluded application WOE scorecard,W5,w05_2012m05_m10,5,1,0,primary_oot,2207,1988,220,1988,0.05593657673136186,0.015370909569212528,0.05744044127110159,1987,1,219,True,39047,0.010873251873523948,0.05745919611907228,37814,1233,4768,0.8739091341831068,0,0,0,0,0,70,1233,4838,6001,0.12390196429943401,0.15368658283606934,0.8463134171639306,0.876098035700566,0.09963768115942029,3890.552536231884,-8.336909135306119,0.00023951149766679612,3.620673633592258,-6.727471222872018,0.0011975574883339808,True,39047,37814,1233,2207,0.8739091341831068,0.8463134171639306,0.876098035700566,0.010873251873523948,0.05745919611907228,0.05593657673136186,0.015370909569212528,0.05744044127110159,0.0,0.0,0.0,0.0,0.0,0.0,0.0,0.0
woe_scorecard_borrower_platt,Pricing-excluded application WOE scorecard,W5,w05_2012m05_m10,5,2,1,primary_oot,3562,3207,356,3207,0.08163832373006727,0.05746464644837779,0.08213338184836397,3206,1,355,True,58224,0.05746176647970872,0.08214382448605627,56371,1853,7334,0.8698976424047826,0,0,0,0,0,35,1853,7369,9187,0.12656292937620225,0.15778716680406704,0.842212833195933,0.8734370706237977,0.09991580129104687,5817.497614369912,-14.14535934798153,7.190324500965676e-07,6.143251509366959,-12.535921435547431,3.595162250482835e-06,True,58224,56371,1853,3562,0.8698976424047826,0.842212833195933,0.8734370706237977,0.05746176647970872,0.08214382448605627,0.08163832373006727,0.05746464644837779,0.08213338184836397,0.0,0.0,0.0,0.0,0.0,0.0,0.0,0.0
woe_scorecard_borrower_platt,Pricing-excluded application WOE scorecard,W5,w05_2012m05_m10,5,3,2,primary_oot,4834,4352,483,4352,0.8946440723920189,0.08215383165415745,0.10773643237076942,4351,1,482,True,72677,0.08214407772292079,0.10774290982685271,70244,2433,8722,0.8758328113433176,0,0,0,0,0,0,2209,8722,10931,0.12001045722855924,0.1504052176066706,0.8495947823933294,0.8799895427714408,0.0998965873836608,7260.184281282316,-11.642679354557725,8.783115659447318e-06,5.056351398253333,-10.033241442123625,4.3915578297236556e-05,True,72677,70244,2433,4834,0.8758328113433176,0.8495947823933294,0.8799895427714408,0.08214407772292079,0.10774290982685271,0.8946440723920189,0.08215383165415745,0.10773643237076942,0.0,0.0,0.0,0.0,0.0,0.0,0.0,0.0
woe_scorecard_borrower_platt,Pricing-excluded application WOE scorecard,W5,w05_2012m05_m10,5,4,3,primary_oot,6197,5579,619,5579,0.8690455913227577,0.10774307337686684,0.14457222952263932,5578,1,618,True,87156,0.10774333531054348,0.1445720605200189,84389,2767,9053,0.8927229852231926,0,0,0,0,0,0,1882,9053,10935,0.10387121942264445,0.12546468401486988,0.8745353159851301,0.8961287805773556,0.09987092610519523,8704.350435624396,-1.8614454923844121,0.155447769322956,0.8084155057062317,-0.25200757995031187,0.7772388466147799,False,87156,84389,2767,6197,0.8927229852231926,0.8745353159851301,0.8961287805773556,0.10774333531054348,0.1445720605200189,0.8690455913227577,0.10774307337686684,0.14457222952263932,0.0,0.0,0.0,0.0,0.0,0.0,0.0,0.0
woe_scorecard_borrower_platt,Pricing-excluded application WOE scorecard,W5,w05_2012m05_m10,5,5,4,primary_oot,7470,6724,747,6724,0.8153107438061385,0.14458337928007758,0.5357958794822116,6723,1,746,True,119786,0.14457379589355265,0.6610262139333022,115996,3790,11089,0.9044018759267561,0,0,0,0,0,0,1898,11089,12987,0.09257342260364317,0.10841834605045665,0.8915816539495434,0.9074265773963568,0.09998661491098916,11976.996653727747,-0.017609790260834757,0.9825443559419894,0.00764783473775416,0.0,1.0,False,119786,115996,3790,7470,0.9044018759267561,0.8915816539495434,0.9074265773963568,0.14457379589355265,0.6610262139333022,0.8153107438061385,0.14458337928007758,0.5357958794822116,0.0,0.0,0.0,0.0,0.0,0.0,0.0,0.0
woe_scorecard_borrower_platt,Pricing-excluded application WOE scorecard,W6,w06_2012m06_m11,5,1,0,primary_oot,2184,1967,218,1967,0.05617618516531846,0.015370909569212528,0.05744044127110159,1966,1,217,True,39047,0.010873251873523948,0.05745919611907228,37814,1233,4384,0.8840641032421854,0,0,0,0,0,57,1233,4441,5617,0.11373472994084052,0.1438522805849361,0.856147719415064,0.8862652700591594,0.09977116704805492,3895.7647597254004,-3.9203900965144216,0.019833356311934093,1.70260378582437,-2.310952184080321,0.09916678155967047,False,39047,37814,1233,2184,0.8840641032421854,0.856147719415064,0.8862652700591594,0.010873251873523948,0.05745919611907228,0.05617618516531846,0.015370909569212528,0.05744044127110159,0.0,0.0,0.0,0.0,0.0,0.0,0.0,0.0
woe_scorecard_borrower_platt,Pricing-excluded application WOE scorecard,W6,w06_2012m06_m11,5,2,1,primary_oot,3788,3411,378,3411,0.08177442770429996,0.05746464644837779,0.08213338184836397,3410,1,377,True,58224,0.05746176647970872,0.08214382448605627,56371,1853,7042,0.8750776108282627,0,0,0,0,0,24,1853,7066,8895,0.12135888980489146,0.15277205276174774,0.8472279472382522,0.8786411101951086,0.0997624703087886,5808.570071258907,-10.672712462629008,2.3168604209207852e-05,4.635100129459843,-9.063274550194908,0.00011584302104603917,True,58224,56371,1853,3788,0.8750776108282627,0.8472279472382522,0.8786411101951086,0.05746176647970872,0.08214382448605627,0.08177442770429996,0.05746464644837779,0.08213338184836397,0.0,0.0,0.0,0.0,0.0,0.0,0.0,0.0
woe_scorecard_borrower_platt,Pricing-excluded application WOE scorecard,W6,w06_2012m06_m11,5,3,2,primary_oot,5307,4778,530,4778,0.8947444535675064,0.08215350574546776,0.10773643237076942,4777,1,529,True,72677,0.08214407772292079,0.10774290982685271,70244,2433,8670,0.8765730880929332,0,0,0,0,0,0,2199,8670,10869,0.11929496264292692,0.14955212790841668,0.8504478720915833,0.8807050373570731,0.0998492840994725,7256.746420497363,-11.870053289088052,6.996830556489607e-06,5.155098643348485,-10.260615376653952,3.498415278244801e-05,True,72677,70244,2433,5307,0.8765730880929332,0.8504478720915833,0.8807050373570731,0.08214407772292079,0.10774290982685271,0.8947444535675064,0.08215350574546776,0.10773643237076942,0.0,0.0,0.0,0.0,0.0,0.0,0.0,0.0
woe_scorecard_borrower_platt,Pricing-excluded application WOE scorecard,W6,w06_2012m06_m11,5,4,3,primary_oot,6917,6227,691,6227,0.8678973635862652,0.10775017566455293,0.14457222952263932,6226,1,690,True,87156,0.10774333531054348,0.1445720605200189,84389,2767,9457,0.8879356314211568,0,0,0,0,0,0,1958,9457,11415,0.10850658589196384,0.13097205011703153,0.8690279498829685,0.8914934141080362,0.09988435964151489,8705.521248915871,-4.423060324056574,0.01199745993052007,1.9209106918629788,-2.8136224116224735,0.05998729965260035,False,87156,84389,2767,6917,0.8879356314211568,0.8690279498829685,0.8914934141080362,0.10774333531054348,0.1445720605200189,0.8678973635862652,0.10775017566455293,0.14457222952263932,0.0,0.0,0.0,0.0,0.0,0.0,0.0,0.0
woe_scorecard_borrower_platt,Pricing-excluded application WOE scorecard,W6,w06_2012m06_m11,5,5,4,primary_oot,8489,7641,849,7641,0.8127864808444741,0.14458337928007758,0.5357958794822116,7640,1,848,True,119786,0.14457379589355265,0.6610262139333022,115996,3790,11640,0.8996517121280044,0,0,0,0,0,0,1969,11640,13609,0.09717329237139566,0.11361093950879067,0.8863890604912094,0.9028267076286043,0.1,11978.6,-0.22461158051511187,0.7988264382614918,0.09754756998928103,0.0,1.0,False,119786,115996,3790,8489,0.8996517121280044,0.8863890604912094,0.9028267076286043,0.14457379589355265,0.6610262139333022,0.8127864808444741,0.14458337928007758,0.5357958794822116,0.0,0.0,0.0,0.0,0.0,0.0,0.0,0.0
woe_scorecard_borrower_platt,Pricing-excluded application WOE scorecard,W7,w07_2012m07_m12,5,1,0,primary_oot,2162,1947,216,1947,0.05622695487793511,0.015370909569212528,0.057434641369397,1946,1,215,True,39047,0.010873251873523948,0.05745919611907228,37814,1233,4311,0.8859946051726874,0,0,0,0,0,57,1233,4368,5544,0.11186518810664071,0.1419827387507363,0.8580172612492637,0.8881348118933593,0.09986130374479889,3899.284327323162,-3.262396299505493,0.03829651804829486,1.416840710656824,-1.6529583870713929,0.1914825902414743,False,39047,37814,1233,2162,0.8859946051726874,0.8580172612492637,0.8881348118933593,0.010873251873523948,0.05745919611907228,0.05622695487793511,0.015370909569212528,0.057434641369397,0.0,0.0,0.0,0.0,0.0,0.0,0.0,0.0
woe_scorecard_borrower_platt,Pricing-excluded application WOE scorecard,W7,w07_2012m07_m12,5,2,1,primary_oot,3889,3501,389,3501,0.08173580015590597,0.05746464644837779,0.08213338184836397,3500,1,388,True,58224,0.05746176647970872,0.08214382448605627,56371,1853,7125,0.8736052225435065,0,0,0,0,0,26,1853,7151,8978,0.1228187688925529,0.1541975817532289,0.8458024182467712,0.8771812311074471,0.1,5822.400000000001,-11.851190291490248,7.130064398791795e-06,5.146906547579604,-10.241752379056148,3.565032199395895e-05,True,58224,56371,1853,3889,0.8736052225435065,0.8458024182467712,0.8771812311074471,0.05746176647970872,0.08214382448605627,0.08173580015590597,0.05746464644837779,0.08213338184836397,0.0,0.0,0.0,0.0,0.0,0.0,0.0,0.0
woe_scorecard_borrower_platt,Pricing-excluded application WOE scorecard,W7,w07_2012m07_m12,5,3,2,primary_oot,5630,5068,563,5068,0.893511369618807,0.08214966216559666,0.10773643237076942,5067,1,562,True,72677,0.08214407772292079,0.10774290982685271,70244,2433,9183,0.8692699732361483,0,0,0,0,0,0,2306,9183,11489,0.12635359192041498,0.15808302489095588,0.8419169751090441,0.873646408079585,0.09998224116497957,7266.40934114722,-20.429262472201977,1.3417884184344891e-09,8.872315961030502,-18.819824559767877,6.70894209217244e-09,True,72677,70244,2433,5630,0.8692699732361483,0.8419169751090441,0.873646408079585,0.08214407772292079,0.10774290982685271,0.893511369618807,0.08214966216559666,0.10773643237076942,0.0,0.0,0.0,0.0,0.0,0.0,0.0,0.0
woe_scorecard_borrower_platt,Pricing-excluded application WOE scorecard,W7,w07_2012m07_m12,5,4,3,primary_oot,7379,6642,738,6642,0.8664332183519763,0.10775017566455293,0.14457222952263932,6641,1,737,True,87156,0.10774333531054348,0.1445720605200189,84389,2767,9940,0.8822121366528813,0,0,0,0,0,0,2054,9940,11994,0.11404837303226399,0.137615310477764,0.862384689522236,0.885951626967736,0.1,8715.6,-9.2478296695454,9.632047262975712e-05,4.016281395064739,-7.638391757111299,0.00048160236314878565,True,87156,84389,2767,7379,0.8822121366528813,0.862384689522236,0.885951626967736,0.10774333531054348,0.1445720605200189,0.8664332183519763,0.10775017566455293,0.14457222952263932,0.0,0.0,0.0,0.0,0.0,0.0,0.0,0.0
woe_scorecard_borrower_platt,Pricing-excluded application WOE scorecard,W7,w07_2012m07_m12,5,5,4,primary_oot,9351,8417,935,8417,0.8076722391544042,0.14458337928007758,0.5636253521793838,8416,1,934,True,119786,0.14457379589355265,0.6610262139333022,115996,3790,12646,0.8909789992758371,0,0,0,0,0,0,2127,12646,14773,0.10557160269146645,0.12332826874593024,0.8766717312540697,0.8944283973085335,0.09997861420017108,11976.038280581693,-3.1480113224029695,0.04293743072454737,1.367163946288568,-1.5385734099688693,0.21468715362273683,False,119786,115996,3790,9351,0.8909789992758371,0.8766717312540697,0.8944283973085335,0.14457379589355265,0.6610262139333022,0.8076722391544042,0.14458337928007758,0.5636253521793838,0.0,0.0,0.0,0.0,0.0,0.0,0.0,0.0
woe_scorecard_borrower_platt,Pricing-excluded application WOE scorecard,W8,w08_2012m08_2013m01,5,1,0,primary_oot,2101,1892,210,1892,0.05624822713342872,0.015370909569212528,0.057434641369397,1891,1,209,True,39047,0.010873251873523948,0.05745919611907228,37814,1233,4275,0.886946633521976,0,0,0,0,0,56,1233,4331,5508,0.11091761210848465,0.14106077291469254,0.8589392270853075,0.8890823878915154,0.09990485252140818,3900.9847764034253,-2.921177150664839,0.053870236577350454,1.2686511171956034,-1.3117392382307387,0.26935118288675225,False,39047,37814,1233,2101,0.886946633521976,0.8589392270853075,0.8890823878915154,0.010873251873523948,0.05745919611907228,0.05624822713342872,0.015370909569212528,0.057434641369397,0.0,0.0,0.0,0.0,0.0,0.0,0.0,0.0
woe_scorecard_borrower_platt,Pricing-excluded application WOE scorecard,W8,w08_2012m08_2013m01,5,2,1,primary_oot,3866,3481,386,3481,0.08163905865680085,0.057491033867216164,0.08213338184836397,3480,1,385,True,58224,0.05746176647970872,0.08214382448605627,56371,1853,7332,0.8699331216405599,0,0,0,0,0,35,1853,7367,9185,0.12652857928002198,0.1577528167078868,0.8422471832921132,0.8734714207199781,0.09981898112231705,5811.860356865788,-15.174943513643424,2.568063562605713e-07,6.590394231168882,-13.565505601209324,1.2840317813028557e-06,True,58224,56371,1853,3866,0.8699331216405599,0.8422471832921132,0.8734714207199781,0.05746176647970872,0.08214382448605627,0.08163905865680085,0.057491033867216164,0.08213338184836397,0.0,0.0,0.0,0.0,0.0,0.0,0.0,0.0
woe_scorecard_borrower_platt,Pricing-excluded application WOE scorecard,W8,w08_2012m08_2013m01,5,3,2,primary_oot,5786,5209,578,5209,0.8925654416058487,0.08214966216559666,0.10773643237076942,5208,1,577,True,72677,0.08214407772292079,0.10774290982685271,70244,2433,9524,0.8644154660896304,0,0,0,0,0,0,2404,9524,11928,0.13104558526081153,0.1641234503350441,0.8358765496649558,0.8689544147391884,0.09987903922585105,7258.908933817177,-27.7103146025375,9.237687708930389e-13,12.034436723685136,-26.1008766901034,4.618843854465191e-12,True,72677,70244,2433,5786,0.8644154660896304,0.8358765496649558,0.8689544147391884,0.08214407772292079,0.10774290982685271,0.8925654416058487,0.08214966216559666,0.10773643237076942,0.0,0.0,0.0,0.0,0.0,0.0,0.0,0.0
woe_scorecard_borrower_platt,Pricing-excluded application WOE scorecard,W8,w08_2012m08_2013m01,5,4,3,primary_oot,7886,7099,788,7099,0.864106904988743,0.10775017566455293,0.14457222952263932,7098,1,787,True,87156,0.10774333531054348,0.1445720605200189,84389,2767,10794,0.8720923343089739,0,0,0,0,0,0,2211,10794,13005,0.1238468952223599,0.14921520033044197,0.850784799669558,0.8761531047776401,0.099911246354761,8707.86458729555,-23.21556850583729,8.271927201187527e-11,10.082393296332055,-21.60613059340319,4.13596360059376e-10,True,87156,84389,2767,7886,0.8720923343089739,0.850784799669558,0.8761531047776401,0.10774333531054348,0.1445720605200189,0.864106904988743,0.10775017566455293,0.14457222952263932,0.0,0.0,0.0,0.0,0.0,0.0,0.0,0.0
woe_scorecard_borrower_platt,Pricing-excluded application WOE scorecard,W8,w08_2012m08_2013m01,5,5,4,primary_oot,10490,9442,1049,9442,0.8011946341431034,0.14458558390413417,0.5753073332505431,9441,1,1048,True,119786,0.14457379589355265,0.6610262139333022,115996,3790,13846,0.8806338149591365,0,0,0,0,0,0,2303,13846,16149,0.11558946788439384,0.1348154208338203,0.8651845791661796,0.8844105321156062,0.09999046802020779,11977.45820226861,-14.584564317397522,4.6345139740908194e-07,6.33399580400881,-12.975126404963422,2.317256987045408e-06,True,119786,115996,3790,10490,0.8806338149591365,0.8651845791661796,0.8844105321156062,0.14457379589355265,0.6610262139333022,0.8011946341431034,0.14458558390413417,0.5753073332505431,0.0,0.0,0.0,0.0,0.0,0.0,0.0,0.0
