{
  "conformal.avg_width90": 0.764155715329014,
  "conformal.coverage90": 0.9293384235866059,
  "conformal.coverage95": 0.9623395902033092,
  "conformal.min_group_coverage90": 0.9003509420022164,
  "conformal.overall_pass": 1.0,
  "generated_at_utc": "2026-05-04T04:08:59.025178+00:00",
  "ifrs9.ecl_baseline": 875935946.2736094,
  "ifrs9.ecl_severe": 1487900897.2686803,
  "ifrs9.severe_uplift_pct": 69.86412118357295,
  "metrics": {
    "conformal.avg_width90": 0.764155715329014,
    "conformal.coverage90": 0.9293384235866059,
    "conformal.coverage95": 0.9623395902033092,
    "conformal.min_group_coverage90": 0.9003509420022164,
    "conformal.overall_pass": 1.0,
    "ifrs9.ecl_baseline": 875935946.2736094,
    "ifrs9.ecl_severe": 1487900897.2686803,
    "ifrs9.severe_uplift_pct": 69.86412118357295,
    "optimization.nonrobust_funded": 148.0,
    "optimization.nonrobust_return": 70109.74713357055,
    "optimization.price_of_robustness": -73493.14017847879,
    "optimization.robust_funded": 214.0,
    "optimization.robust_return": 143602.88731204934,
    "crpto.final.alpha01_exact_pass": 1.0,
    "crpto.final.alpha01_gamma_cp": 0.18591,
    "crpto.final.alpha01_violation": 0.0,
    "crpto.final.alpha01_weighted_miscoverage_V": 0.03645,
    "crpto.final.alpha03_exact_pass": 1.0,
    "crpto.final.alpha10_exact_pass": 1.0,
    "crpto.final.conformal_avg_width90": 0.7842303100675323,
    "crpto.final.conformal_coverage90": 0.9297140524941399,
    "crpto.final.conformal_coverage95": 0.9663884364085542,
    "crpto.final.conformal_min_group_coverage90": 0.9189831313851271,
    "crpto.final.conformal_winkler90": 1.110742432294828,
    "crpto.final.price_of_robustness": -14465.688162534818,
    "crpto.final.price_of_robustness_pct": -10.557772959426375,
    "crpto.final.robust_region_alpha01_pass_rate": 1.0,
    "crpto.final.robust_region_n_policies": 45.0,
    "crpto.final.robust_return": 170464.5429284627,
    "pd.auc": 0.712438241693818,
    "pd.brier": 0.15463051782916892,
    "pd.d2_brier": 0.09823922439765564,
    "pd.ece": 0.0062482132744862825,
    "pd.gini": 0.42487648338763595,
    "pd.ks": 0.31146754540592975
  },
  "optimization.nonrobust_funded": 148.0,
  "optimization.nonrobust_return": 70109.74713357055,
  "optimization.price_of_robustness": -73493.14017847879,
  "optimization.robust_funded": 214.0,
  "optimization.robust_return": 143602.88731204934,
  "crpto.final.alpha01_exact_pass": 1.0,
  "crpto.final.alpha01_gamma_cp": 0.18591,
  "crpto.final.alpha01_violation": 0.0,
  "crpto.final.alpha01_weighted_miscoverage_V": 0.03645,
  "crpto.final.alpha03_exact_pass": 1.0,
  "crpto.final.alpha10_exact_pass": 1.0,
  "crpto.final.conformal_avg_width90": 0.7842303100675323,
  "crpto.final.conformal_coverage90": 0.9297140524941399,
  "crpto.final.conformal_coverage95": 0.9663884364085542,
  "crpto.final.conformal_min_group_coverage90": 0.9189831313851271,
  "crpto.final.conformal_winkler90": 1.110742432294828,
  "crpto.final.price_of_robustness": -14465.688162534818,
  "crpto.final.price_of_robustness_pct": -10.557772959426375,
  "crpto.final.robust_region_alpha01_pass_rate": 1.0,
  "crpto.final.robust_region_n_policies": 45.0,
  "crpto.final.robust_return": 170464.5429284627,
  "crpto_final_run_tag": "paper-thesis-final-economic-2026-04-06",
  "pd.auc": 0.712438241693818,
  "pd.brier": 0.15463051782916892,
  "pd.d2_brier": 0.09823922439765564,
  "pd.ece": 0.0062482132744862825,
  "pd.gini": 0.42487648338763595,
  "pd.ks": 0.31146754540592975,
  "run_tag": "crpto-e2e-all-champions-2026-04-07",
  "schema_version": "2026-03-01.1"
}
