{
  "alpha_mapping": "proportional frozen conservative ratio alpha_used/alpha_target from the selected 90% recipe",
  "alpha_summaries": [
    {
      "avg_width": 0.9882149910656284,
      "coverage_gap": 0.006720470691915725,
      "empirical_coverage": 0.9967204706919157,
      "group_quantiles": {
        "score_q00": 4.620892417510161,
        "score_q01": 2.9770143672127003,
        "score_q02": 2.2280905155147157,
        "score_q03": 1.7679793270133157,
        "score_q04": 1.379561550348839
      },
      "high_endpoint_at_one_rate": 0.9354243342519386,
      "high_endpoint_mean": 0.9883685381679577,
      "high_endpoint_min": 0.28857911767290634,
      "high_endpoint_p01": 0.6715297528015821,
      "high_endpoint_p10": 1.0,
      "median_width": 1.0,
      "min_grade_coverage": 0.9722703639514731,
      "min_partition_coverage": 0.989628743645835,
      "partition_count": 5,
      "target_alpha": 0.01,
      "target_coverage": 0.99,
      "used_alpha": 0.0095
    },
    {
      "avg_width": 0.9697789837688854,
      "coverage_gap": 0.01847830562468178,
      "empirical_coverage": 0.9884783056246818,
      "group_quantiles": {
        "score_q00": 3.642519971959776,
        "score_q01": 2.8072631501367455,
        "score_q02": 2.1737923639215784,
        "score_q03": 1.7387907144323151,
        "score_q04": 1.3580168082764283
      },
      "high_endpoint_at_one_rate": 0.8323141991338864,
      "high_endpoint_mean": 0.9699657056860221,
      "high_endpoint_min": 0.22825533153683755,
      "high_endpoint_p01": 0.5334804414885259,
      "high_endpoint_p10": 0.9018799702618802,
      "median_width": 1.0,
      "min_grade_coverage": 0.9664933564413634,
      "min_partition_coverage": 0.9697990273996318,
      "partition_count": 5,
      "target_alpha": 0.03,
      "target_coverage": 0.97,
      "used_alpha": 0.028499999999999998
    },
    {
      "avg_width": 0.9535799768723978,
      "coverage_gap": 0.022824693266490725,
      "empirical_coverage": 0.9728246932664907,
      "group_quantiles": {
        "score_q00": 3.233734520299044,
        "score_q01": 2.6752015014256125,
        "score_q02": 2.1212263259384927,
        "score_q03": 1.7077473640552945,
        "score_q04": 1.3388102247632694
      },
      "high_endpoint_at_one_rate": 0.7181555175913519,
      "high_endpoint_mean": 0.953801858012357,
      "high_endpoint_min": 0.20305073151598757,
      "high_endpoint_p01": 0.47580041346523627,
      "high_endpoint_p10": 0.806835962194862,
      "median_width": 1.0,
      "min_grade_coverage": 0.9525750124329999,
      "min_partition_coverage": 0.9505830880848586,
      "partition_count": 5,
      "target_alpha": 0.05,
      "target_coverage": 0.95,
      "used_alpha": 0.0475
    },
    {
      "avg_width": 0.795666199875876,
      "coverage_gap": 0.025271265472118665,
      "empirical_coverage": 0.9552712654721186,
      "group_quantiles": {
        "score_q00": 0.32438420480886127,
        "score_q01": 2.567436984095836,
        "score_q02": 2.0727963588460026,
        "score_q03": 1.6764580225891925,
        "score_q04": 1.3186561259152434
      },
      "high_endpoint_at_one_rate": 0.6135500904760013,
      "high_endpoint_mean": 0.7959333620592705,
      "high_endpoint_min": 0.023668097607277484,
      "high_endpoint_p01": 0.06528823147517372,
      "high_endpoint_p10": 0.13040211717455735,
      "median_width": 1.0,
      "min_grade_coverage": 0.938442835829143,
      "min_partition_coverage": 0.9347822665680426,
      "partition_count": 5,
      "target_alpha": 0.07,
      "target_coverage": 0.9299999999999999,
      "used_alpha": 0.0665
    },
    {
      "avg_width": 0.7888790790793794,
      "coverage_gap": 0.03483560817570763,
      "empirical_coverage": 0.9348356081757077,
      "group_quantiles": {
        "score_q00": 0.3201476773467629,
        "score_q01": 2.4331722444504513,
        "score_q02": 2.007709882293012,
        "score_q03": 1.633544476383572,
        "score_q04": 1.2899294761760491
      },
      "high_endpoint_at_one_rate": 0.5178730735474177,
      "high_endpoint_mean": 0.7892193805747533,
      "high_endpoint_min": 0.023406884837288408,
      "high_endpoint_p01": 0.06469045329656556,
      "high_endpoint_p10": 0.12941711012832322,
      "median_width": 1.0,
      "min_grade_coverage": 0.9267968822615554,
      "min_partition_coverage": 0.9263099219620958,
      "partition_count": 5,
      "target_alpha": 0.1,
      "target_coverage": 0.9,
      "used_alpha": 0.095
    },
    {
      "avg_width": 0.7831737841625059,
      "coverage_gap": 0.038264594447193434,
      "empirical_coverage": 0.9182645944471934,
      "group_quantiles": {
        "score_q00": 0.31739006163700956,
        "score_q01": 2.3534507550187485,
        "score_q02": 1.9655367760210574,
        "score_q03": 1.6066047959404717,
        "score_q04": 1.269964951004726
      },
      "high_endpoint_at_one_rate": 0.4545109781160043,
      "high_endpoint_mean": 0.7835760369425744,
      "high_endpoint_min": 0.023236857746810564,
      "high_endpoint_p01": 0.06430135101621326,
      "high_endpoint_p10": 0.12877595509528877,
      "median_width": 0.9867966540367542,
      "min_grade_coverage": 0.9057375416605808,
      "min_partition_coverage": 0.906874767744333,
      "partition_count": 5,
      "target_alpha": 0.12,
      "target_coverage": 0.88,
      "used_alpha": 0.11399999999999999
    },
    {
      "avg_width": 0.6461762449744832,
      "coverage_gap": 0.03609775742318566,
      "empirical_coverage": 0.8860977574231856,
      "group_quantiles": {
        "score_q00": 0.31337107987851737,
        "score_q01": 0.4420899636645897,
        "score_q02": 1.9079870902279796,
        "score_q03": 1.5675398154360425,
        "score_q04": 1.2412696239135141
      },
      "high_endpoint_at_one_rate": 0.33485872380078663,
      "high_endpoint_mean": 0.6466929852254412,
      "high_endpoint_min": 0.02298905825369661,
      "high_endpoint_p01": 0.06373426874967675,
      "high_endpoint_p10": 0.1278415281651632,
      "median_width": 0.94425532567159,
      "min_grade_coverage": 0.8631010078209027,
      "min_partition_coverage": 0.8635623982976592,
      "partition_count": 5,
      "target_alpha": 0.15,
      "target_coverage": 0.85,
      "used_alpha": 0.1425
    },
    {
      "avg_width": 0.6365853175970958,
      "coverage_gap": 0.049380031711748096,
      "empirical_coverage": 0.8493800317117481,
      "group_quantiles": {
        "score_q00": 0.30656504576058813,
        "score_q01": 0.43573433937656825,
        "score_q02": 1.8175729021078393,
        "score_q03": 1.5052283270500615,
        "score_q04": 1.194771966347316
      },
      "high_endpoint_at_one_rate": 0.24466805601204902,
      "high_endpoint_mean": 0.6373641323567814,
      "high_endpoint_min": 0.022569416686283303,
      "high_endpoint_p01": 0.06277393066265638,
      "high_endpoint_p10": 0.1262591020808178,
      "median_width": 0.9128005695874017,
      "min_grade_coverage": 0.828006532910199,
      "min_partition_coverage": 0.8293756967670011,
      "partition_count": 5,
      "target_alpha": 0.2,
      "target_coverage": 0.8,
      "used_alpha": 0.19
    }
  ],
  "claim_boundary": "Recomputes finite-sample Mondrian quantiles for every declared alpha while freezing the selected partition, calibration fit/holdout split, score scale, and holdout-learned widening factors. It is a retrospective OOT audit, not a post-selection or live-deployment guarantee.",
  "config_path": "configs\\experiments\\champion_reopen_ijds_exact_alpha_grid_v1.yaml",
  "config_sha256": "c2d2af0d1c0e0f83ef8612888f9b12d423063a601f04c8c51c9680e92327ef3f",
  "grid_path": "data\\processed\\experiments\\champion_reopen\\champion-reopen-2026-06-19__pool93__ijds-exact-alpha-grid-v1\\conformal\\exact_alpha_grid.parquet",
  "grid_rows": 276869,
  "recipe": {
    "calibration_fraction": 0.75,
    "fallback_mode": "score_only",
    "global_rebalance_factor": 1.0,
    "group_multipliers": {
      "score_q00": 1.02,