{
  "duration_seconds": 2.203823,
  "external_replications": [
    {
      "alpha01_coverage": 0.9943090202029784,
      "auc_roc": 0.7074290432845566,
      "brier": 0.1781741704802637,
      "coverage_90": 0.9205159821682634,
      "credit_product": "Marketplace personal loans",
      "dataset": "Prosper",
      "default_rate": 0.3091758352035324,
      "external_role": "main external economic replication",
      "gate": "pass",
      "lp_candidate_cap": "all",
      "min_group_coverage_90": 0.8850308641975309,
      "n_rows": 54807,
      "oot_candidates": 10531,
      "pr_auc": 0.4484817219126147,
      "price_of_robustness_pct": 0.094619019478566,
      "robust_objective": 199419.08877567088
    },
    {
      "alpha01_coverage": 0.9907116706887202,
      "auc_roc": 0.7838634726333499,
      "brier": 0.0128541034734516,
      "coverage_90": 0.974523173547136,
      "credit_product": "Single-family mortgages",
      "dataset": "Freddie FM48",
      "default_rate": 0.0145435981792141,
      "external_role": "main external economic replication",
      "gate": "pass",
      "lp_candidate_cap": "all",
      "min_group_coverage_90": 0.5,
      "n_rows": 3173355,
      "oot_candidates": 1396053,
      "pr_auc": 0.0517822051269566,
      "price_of_robustness_pct": 0.0108636254963404,
      "robust_objective": 1291227.5801824057
    }
  ],
  "freddie_all_candidate_lp": {
    "available_candidates": 1396053,
    "max_funded_rank": 551,
    "robust_objective": 1291227.5801824057
  },
  "freddie_segment_sensitivity": [
    {
      "all_lp_solved": true,
      "alpha01_coverage": 0.9907116706887202,
      "alpha01_pass": true,
      "auc_roc": 0.7838634726333499,
      "available_oot_candidates": 1396053,
      "coverage90_pass": true,
      "coverage_90": 0.974523173547136,
      "default_rate": 0.0145435981792141,
      "funded_outside_top250k": 0,
      "max_funded_rank": 551,
      "min_group_coverage_90": 0.5,
      "price_of_robustness_pct": 0.0108636254963404,
      "robust_objective_all_candidates": 1291227.5801824057,
      "rows_total": 3173355,
      "segment": "both"
    },
    {
      "all_lp_solved": true,
      "alpha01_coverage": 0.9850218288730144,
      "alpha01_pass": false,
      "auc_roc": 0.700087721623812,
      "available_oot_candidates": 597603,
      "coverage90_pass": true,
      "coverage_90": 0.970528929740982,
      "default_rate": 0.0297209890995989,
      "funded_outside_top250k": 0,
      "max_funded_rank": 155,
      "min_group_coverage_90": 0.891597510373444,
      "price_of_robustness_pct": 0.0236887045711261,
      "robust_objective_all_candidates": 1236591.1430666302,
      "rows_total": 1158306,
      "segment": "red"
    },
    {
      "all_lp_solved": true,
      "alpha01_coverage": 0.9950629344354688,
      "alpha01_pass": true,
      "auc_roc": 0.6997060916716304,
      "available_oot_candidates": 798450,
      "coverage90_pass": true,
      "coverage_90": 0.98100319368777,
      "default_rate": 0.0058192133293036,
      "funded_outside_top250k": 0,
      "max_funded_rank": 745,
      "min_group_coverage_90": 0.5,
      "price_of_robustness_pct": 0.0100393498751964,
      "robust_objective_all_candidates": 1287497.9769414272,
      "rows_total": 2015049,
      "segment": "green"
    }
  ],
  "freddie_selected_variant": "freddie_fm48_both",
  "freddie_top_screen_stable_through_candidates": "all",
  "generated_at_utc": "2026-07-06T04:03:37.119346+00:00",
  "home_credit_archive_metrics": {
    "alpha01_coverage": 0.9922389871661464,
    "auc_roc": 0.7520619425836951,
    "coverage_90": 0.9014264654873396,
    "rows_total": 307511
  },
  "home_credit_policy": "discarded_from_main_claim_archived_only",
  "outputs": [
    "reports/crpto/tables/crpto_tableA25_external_replication_gate.csv",
    "reports/crpto/tables/crpto_tableA25_external_replication_gate.tex",
    "reports/crpto/tables/crpto_tableA26_external_candidate_sensitivity.csv",
    "reports/crpto/tables/crpto_tableA26_external_candidate_sensitivity.tex",
    "reports/crpto/tables/crpto_tableA27_freddie_horizon_sensitivity.csv",
    "reports/crpto/tables/crpto_tableA27_freddie_horizon_sensitivity.tex",
    "reports/crpto/tables/crpto_tableA28_external_lp_exhaustiveness.csv",
    "reports/crpto/tables/crpto_tableA28_external_lp_exhaustiveness.tex",
    "reports/crpto/tables/crpto_tableA29_freddie_mondrian_sparse_group_audit.csv",
    "reports/crpto/tables/crpto_tableA29_freddie_mondrian_sparse_group_audit.tex",
    "reports/crpto/tables/crpto_tableA30_external_metric_intervals.csv",
    "reports/crpto/tables/crpto_tableA30_external_metric_intervals.tex",
    "reports/crpto/tables/crpto_tableA31_external_subperiod_metrics.csv",
    "reports/crpto/tables/crpto_tableA31_external_subperiod_metrics.tex",
    "reports/crpto/tables/crpto_tableA32_prosper_default_definition_sensitivity.csv",
    "reports/crpto/tables/crpto_tableA32_prosper_default_definition_sensitivity.tex",
    "reports/crpto/tables/crpto_tableA33_freddie_segment_sensitivity.csv",
    "reports/crpto/tables/crpto_tableA33_freddie_segment_sensitivity.tex",
    "reports/crpto/figures/crpto_fig22_external_replication.png",
    "reports/crpto/figures/crpto_fig22_external_replication.pdf",
    "reports/crpto/figures/crpto_fig23_external_candidate_sensitivity.png",
    "reports/crpto/figures/crpto_fig23_external_candidate_sensitivity.pdf",
    "reports/crpto/figures/crpto_fig24_freddie_all_candidate_certificate.png",
    "reports/crpto/figures/crpto_fig24_freddie_all_candidate_certificate.pdf",
    "reports/crpto/multidataset/source/source_log.md"
  ],
  "prosper_default_definition_sensitivity": [
    {
      "alpha01_coverage": 0.9943090202029784,
      "alpha01_pass": true,
      "auc_roc": 0.7074290432845566,
      "available_oot_candidates": 10531,
      "coverage90_pass": true,
      "coverage_90": 0.9205159821682634,
      "default_rate": 0.3091758352035324,
      "min_group_coverage_90": 0.8850308641975309,
      "price_of_robustness_pct": 0.0946190194785686,
      "robust_objective_all_candidates": 199419.0887756553,
      "rows_total": 54807,
      "variant": "main_chargedoff_or_defaulted"
    },
    {
      "alpha01_coverage": 0.9947702652222636,
      "alpha01_pass": true,
      "auc_roc": 0.6796193367985865,
      "available_oot_candidates": 8019,
      "coverage90_pass": true,
      "coverage_90": 0.9148300336197236,
      "default_rate": 0.1166534459427931,
      "min_group_coverage_90": 0.8671328671328671,
      "price_of_robustness_pct": 0.0338142847144336,
      "robust_objective_all_candidates": 272969.2286232216,
      "rows_total": 42862,
      "variant": "defaulted_only"
    },
    {
      "alpha01_coverage": 0.99212753395001,
      "alpha01_pass": true,
      "auc_roc": 0.7131638982556929,
      "available_oot_candidates": 10150,
      "coverage90_pass": true,
      "coverage_90": 0.9035622908876204,
      "default_rate": 0.2398257273074066,
      "min_group_coverage_90": 0.8355855855855856,
      "price_of_robustness_pct": 0.0942093080550645,
      "robust_objective_all_candidates": 205828.04819793423,
      "rows_total": 49807,
      "variant": "chargedoff_only"
    }
  ],
  "source_dir": "reports/crpto/multidataset/source"
}
